{"organizations": [], "uuid": "48045af0d385d3c4fec7d3f275cb60b98b6bca1f", "thread": {"social": {"gplus": {"shares": 0}, "pinterest": {"shares": 0}, "vk": {"shares": 0}, "linkedin": {"shares": 0}, "facebook": {"likes": 0, "shares": 0, "comments": 0}, "stumbledupon": {"shares": 0}}, "site_full": "indiatoday.intoday.in", "main_image": "http://media2.intoday.in/indiatoday/images/stories/compensation_video_647_112016075859.jpg", "site_section": "", "section_title": "", "url": "http://indiatoday.intoday.in/video/indore-patna-tragedy-injured-compensation-demonetised-notes/1/815464.html", "country": "US", "domain_rank": 654, "title": "| Video | Indore-Patna tragedy: Injured being given compensation in demonetised notes | India Videos | - India Today", "performance_score": 0, "site": "intoday.in", "participants_count": 0, "title_full": "| Video | Indore-Patna tragedy: Injured being given compensation in demonetised notes | India Videos | - India Today", "spam_score": 0.075, "site_type": "news", "published": "2016-11-21T02:11:00.000+02:00", "replies_count": 0, "uuid": "48045af0d385d3c4fec7d3f275cb60b98b6bca1f"}, "author": "", "url": "http://indiatoday.intoday.in/video/indore-patna-tragedy-injured-compensation-demonetised-notes/1/815464.html", "ord_in_thread": 0, "title": "| Video | Indore-Patna tragedy: Injured being given compensation in demonetised notes | India Videos | - India Today", "locations": [], "entities": {"persons": [], "locations": [], "organizations": []}, "highlightText": "", "language": "english", "persons": [], "text": "\nAccording to sources, some of the injured in the Indore-Patna Express derailment are being given compensation in the Rs 1000 and Rs 500 notes, the ones that are now scrapped. Next Video ", "external_links": [], "published": "2016-11-21T02:11:00.000+02:00", "crawled": "2016-11-20T21:59:03.554+02:00", "highlightTitle": ""}