{"organizations": [], "uuid": "e2eb6d8ea4b45a6461749dc06defb0c4f57d467a", "thread": {"social": {"gplus": {"shares": 0}, "pinterest": {"shares": 0}, "vk": {"shares": 0}, "linkedin": {"shares": 0}, "facebook": {"likes": 3, "shares": 3, "comments": 0}, "stumbledupon": {"shares": 0}}, "site_full": "indianexpress.com", "main_image": "http://images.indianexpress.com/2016/11/mark-zuck-apec-summit-480.jpg?w=480", "site_section": "", "section_title": "", "url": "http://indianexpress.com/article/technology/tech-news-technology/facebook-fixing-fake-news-problem-with-ceo-at-trade-summit-4385419/", "country": "US", "domain_rank": 598, "title": "Facebook fixing fake news problem with CEO at trade summit | The Indian Express", "performance_score": 0, "site": "indianexpress.com", "participants_count": 0, "title_full": "Facebook fixing fake news problem with CEO at trade summit | The Indian Express", "spam_score": 0.156, "site_type": "news", "published": "2016-11-20T17:45:00.000+02:00", "replies_count": 0, "uuid": "e2eb6d8ea4b45a6461749dc06defb0c4f57d467a"}, "author": "", "url": "http://indianexpress.com/article/technology/tech-news-technology/facebook-fixing-fake-news-problem-with-ceo-at-trade-summit-4385419/", "ord_in_thread": 0, "title": "Facebook fixing fake news problem with CEO at trade summit | The Indian Express", "locations": [], "entities": {"persons": [{"name": "barack obama", "sentiment": "none"}, {"name": "donald trump", "sentiment": "none"}, {"name": "zuckerberg", "sentiment": "none"}, {"name": "obama", "sentiment": "none"}, {"name": "mark zuckerberg", "sentiment": "none"}], "locations": [{"name": "us", "sentiment": "none"}, {"name": "berlin", "sentiment": "none"}, {"name": "peru", "sentiment": "none"}], "organizations": [{"name": "indian express facebook", "sentiment": "negative"}, {"name": "facebook", "sentiment": "negative"}, {"name": "google", "sentiment": "none"}, {"name": "ap", "sentiment": "none"}, {"name": "facebook ceo", "sentiment": "none"}, {"name": "apec", "sentiment": "none"}, {"name": "asia-pacific economic cooperation forum", "sentiment": "none"}]}, "highlightText": "", "language": "english", "persons": [], "text": "Facebook fixing fake news problem with CEO at trade summit Facebook fixing fake news problem with CEO at trade summit Facebook CEO Mark Zuckerberg took on the role of an evangelist for \"connectivity\" as he spoke at an Asian-Pacific trade summit. By: AP | Peru | Published:November 20, 2016 10:45 am Facebook CEO Mark Zuckerberg took on the role of an evangelist for “connectivity” as he spoke at an Asian-Pacific trade summit. \nFacebook CEO Mark Zuckerberg urged world leaders meeting in Peru on Saturday to help get more people online to improve global living standards while separately announcing new measures to cut down on fake news stories on the social network that some suggest could have helped sway the US presidential election. The Facebook founder took on the role of an evangelist for “connectivity” as he spoke at an Asian-Pacific trade summit, lamenting that half the world has no access to the online world and is being deprived of its economic potential as well as advances in science, education and medicine. He urged leaders to work with his company and others to close that gap. \n“If we can connect the 4 billion people who aren’t connected we can lift hundreds of millions of people out of poverty,” Zuckerberg said as he addressed business and government leaders at the 21-nation Asia-Pacific Economic Cooperation Forum. But as he was promoting the benefits of the online world in the speech, he took to his Facebook page to address one of the downsides of the internet: the rapid dissemination of bogus news stories on social networks. \nZuckerberg said in a post late Friday that his company was taking measures to curb what he said was a “relatively small” percentage of deliberately false stories. The measures include developing new tools to detect and classify “misinformation” and to make it easier for users to report the material. He said the company also is looking into the possibility of working with established fact-checking organizations to evaluate content and into the feasibility of warning labels for stories flagged as false. \nRead: Zuckerberg lays down Facebook’s battle plan to tackle misinformation \nCritics have complained that a surge of fake news stories on Facebook may have swayed some voters to back President-elect Donald Trump. The company said that it was clarifying its advertising policy to emphasize that it won’t display ads — thus cutting revenue — for sites that run information that is “illegal, misleading or deceptive, which includes fake news.” That followed a similar step by Google , which acknowledged that it had let a false article about the election results slip into its list of recommended news stories. \n“The bottom line is: we take misinformation seriously,” the Facebook CEO said in his post. “Our goal is to connect people with the stories they find most meaningful, and we know people want accurate information. \nZuckerberg’s comments came after President Barack Obama , who is also attending the APEC summit, and others have been sharply critical of the spread of fake news online. \nIn a news conference Thursday in Berlin, Obama called bogus stories disseminated on Facebook and other social media platforms a threat to democracy. The president decried “an age where there’s so much active misinformation and it’s packaged very well and it looks the same when you see it on a Facebook page or you turn on your television.” \nZuckerberg called the problem “complex, both technically and philosophically.” It is also sensitive issue for a company that does not want to censor content such as legitimate political satire that some people find offensive. Facebook sees itself not as a traditional publisher, but as a facilitator of global communication. \nIt was that lofty vision of the company that was on display as Zuckerberg spoke at the APEC forum. \nHe described Facebook efforts in artificial intelligence programs that could lead to advancements in medicine and education, as well as a high-altitude solar-powered drone, still in the development stage, to provide online access to places with none. He also described a program to work with local operators around the world to provide free basic internet. \n“We can’t afford to leave anyone behind,” he said. \nThe Facebook CEO said that investment in such infrastructure is necessary to address the gap between rich and poor that has become a source of rising anxiety. “As we are learning this year in election after election, even if globalization might grow the overall pie of prosperity, it also creates inequality,” he said. “It helps some people and it hurts others.” \nInvesting in “connectivity,” he said, can address some of the consequences of globalization. “We can disconnect, risk less prosperity and hope jobs that are lost come back. Or we can connect more, try to do more great things, try to work on even greater prosperity and then work to aggressively share that prosperity with everyone.” Tags: ", "external_links": [], "published": "2016-11-20T17:45:00.000+02:00", "crawled": "2016-11-20T07:38:35.953+02:00", "highlightTitle": ""}