{"organizations": [], "uuid": "454494ccabb5d798e736ffd5c7c2f89b3247b328", "thread": {"social": {"gplus": {"shares": 0}, "pinterest": {"shares": 0}, "vk": {"shares": 0}, "linkedin": {"shares": 0}, "facebook": {"likes": 0, "shares": 0, "comments": 0}, "stumbledupon": {"shares": 0}}, "site_full": "archive.org", "main_image": "", "site_section": "http://archive.org//services/collection-rss.php", "section_title": "Internet Archive", "url": "https://archive.org/details/mbid-347d6e07-dbcf-4635-aeb7-533fe309498f", "country": "US", "domain_rank": 285, "title": "Pure Entspannung mit Gitarrenmusik", "performance_score": 0, "site": "archive.org", "participants_count": 0, "title_full": "Pure Entspannung mit Gitarrenmusik", "spam_score": 0.0, "site_type": "news", "published": "2016-11-20T03:12:00.000+02:00", "replies_count": 0, "uuid": "454494ccabb5d798e736ffd5c7c2f89b3247b328"}, "author": "", "url": "https://archive.org/details/mbid-347d6e07-dbcf-4635-aeb7-533fe309498f", "ord_in_thread": 0, "title": "Pure Entspannung mit Gitarrenmusik", "locations": [], "entities": {"persons": [], "locations": [], "organizations": []}, "highlightText": "", "language": "english", "persons": [], "text": "Share or Embed this Item EMBED <iframe src=\"https://archive.org/embed/mbid-347d6e07-dbcf-4635-aeb7-533fe309498f\" width=\"560\" height=\"384\" frameborder=\"0\" webkitallowfullscreen=\"true\" mozallowfullscreen=\"true\" allowfullscreen></iframe> EMBED (for wordpress.com hosted blogs) [archiveorg mbid-347d6e07-dbcf-4635-aeb7-533fe309498f width=560 height=384 frameborder=0 webkitallowfullscreen=true mozallowfullscreen=true]", "external_links": [], "published": "2016-11-20T03:12:00.000+02:00", "crawled": "2016-11-19T22:41:18.978+02:00", "highlightTitle": ""}