{"organizations": [], "uuid": "c8095f55830988fc9224c546647654a61d9aadae", "thread": {"social": {"gplus": {"shares": 0}, "pinterest": {"shares": 0}, "vk": {"shares": 0}, "linkedin": {"shares": 0}, "facebook": {"likes": 0, "shares": 0, "comments": 0}, "stumbledupon": {"shares": 0}}, "site_full": "www.sfgate.com", "main_image": "http://www.sfgate.com/img/pages/article/opengraph_default.png", "site_section": "", "section_title": "", "url": "http://www.sfgate.com/news/article/HKO-WHL-Sums-Cgy-Ktn-10625988.php", "country": "US", "domain_rank": 943, "title": "HKO-WHL-Sums-Cgy-Ktn - SFGate", "performance_score": 0, "site": "sfgate.com", "participants_count": 0, "title_full": "HKO-WHL-Sums-Cgy-Ktn - SFGate", "spam_score": 0.2, "site_type": "news", "published": "2016-11-20T03:40:00.000+02:00", "replies_count": 0, "uuid": "c8095f55830988fc9224c546647654a61d9aadae"}, "author": "", "url": "http://www.sfgate.com/news/article/HKO-WHL-Sums-Cgy-Ktn-10625988.php", "ord_in_thread": 0, "title": "HKO-WHL-Sums-Cgy-Ktn - SFGate", "locations": [], "entities": {"persons": [{"name": "hyman", "sentiment": "negative"}, {"name": "yeryo", "sentiment": "negative"}, {"name": "rudakov", "sentiment": "none"}, {"name": "j. murray cgy", "sentiment": "none"}, {"name": "gennaro", "sentiment": "none"}, {"name": "cullen", "sentiment": "none"}, {"name": "gordon cgy", "sentiment": "none"}, {"name": "murray ktn", "sentiment": "none"}, {"name": "kootenay", "sentiment": "none"}, {"name": "philp ktn", "sentiment": "none"}, {"name": "fleury ktn", "sentiment": "none"}, {"name": "morison ktn", "sentiment": "none"}, {"name": "kastelic", "sentiment": "none"}, {"name": "zborosky", "sentiment": "none"}, {"name": "stukel", "sentiment": "none"}, {"name": "kastelic cgy", "sentiment": "none"}, {"name": "radzivilyuk ktn", "sentiment": "none"}, {"name": "twarynski", "sentiment": "none"}, {"name": "alfaro", "sentiment": "none"}], "locations": [{"name": "calgary", "sentiment": "none"}, {"name": "kootenay", "sentiment": "none"}], "organizations": [{"name": "malenstyn", "sentiment": "negative"}]}, "highlightText": "", "language": "english", "persons": [], "text": "Published 8:43 pm, Saturday, November 19, 2016 Hitmen 4, Ice 2 1. Calgary, Malenstyn 4 (Hyman, Yeryomenko) 11:00. 2. Calgary, Cullen 2 (Gennaro, van de Leest) 14:39. Penalties — Gordon Cgy (tripping) 2:16; Radzivilyuk Ktn (charging) 8:55; Morison Ktn (tripping) 16:27. Second Period 3. Calgary, Kastelic 3 (Gennaro, Twarynski) 2:31 (pp). 4. Kootenay, Alfaro 7 (unassisted) 5:19. 5. Calgary, Malenstyn 5 (Stukel) 14:04. Penalties — Philp Ktn (hooking) 1:50; Murray Ktn (boarding) 1:59; J. Murray Cgy (interference) 9:33. Third Period 6. Kootenay, Zborosky 18 (Rudakov, Alfaro) 12:58 (pp). Penalties — Fleury Ktn (cross checking) 0:37; Kastelic Cgy (kneeing) 9:26; Kastelic Cgy (interference) 11:50. Shots on goal by ", "external_links": [], "published": "2016-11-20T03:40:00.000+02:00", "crawled": "2016-11-20T10:09:43.955+02:00", "highlightTitle": ""}