{"organizations": [], "uuid": "5848a56848c76ebf94e03db38e1c45c30fadeb03", "thread": {"social": {"gplus": {"shares": 0}, "pinterest": {"shares": 0}, "vk": {"shares": 0}, "linkedin": {"shares": 3}, "facebook": {"likes": 14, "shares": 14, "comments": 0}, "stumbledupon": {"shares": 0}}, "site_full": "www.reuters.com", "main_image": "http://s4.reutersmedia.net/resources_v2/images/rcom-default.png", "site_section": "http://feeds.reuters.com/news/usmarkets\r", "section_title": "Reuters: Market News", "url": "http://www.reuters.com/article/egypt-currency-idUSL8N1DM1SW", "country": "US", "domain_rank": 408, "title": "UPDATE 1-Egyptian banks have attracted $3 bln since currency float -cbank official", "performance_score": 0, "site": "reuters.com", "participants_count": 0, "title_full": "UPDATE 1-Egyptian banks have attracted $3 bln since currency float -cbank official", "spam_score": 0.0, "site_type": "news", "published": "2016-11-21T17:46:00.000+02:00", "replies_count": 0, "uuid": "5848a56848c76ebf94e03db38e1c45c30fadeb03"}, "author": "", "url": "http://www.reuters.com/article/egypt-currency-idUSL8N1DM1SW", "ord_in_thread": 0, "title": "UPDATE 1-Egyptian banks have attracted $3 bln since currency float -cbank official", "locations": [], "entities": {"persons": [{"name": "akef el maghraby", "sentiment": "none"}, {"name": "tarek fayed", "sentiment": "none"}, {"name": "lin noueihed", "sentiment": "none"}, {"name": "fayed", "sentiment": "none"}, {"name": "eric knecht/mark heinrich", "sentiment": "none"}, {"name": "banque misr", "sentiment": "none"}, {"name": "asma alsharif", "sentiment": "none"}, {"name": "tarek amer", "sentiment": "none"}], "locations": [{"name": "egypt", "sentiment": "none"}, {"name": "cairo", "sentiment": "none"}, {"name": "cairo", "sentiment": "none"}, {"name": "u.s.", "sentiment": "none"}], "organizations": [{"name": "central bank", "sentiment": "none"}, {"name": "banque misr", "sentiment": "none"}]}, "highlightText": "", "language": "english", "persons": [], "text": "Economic  46am EST UPDATE 1-Egyptian banks have attracted $3 bln since currency float -cbank official \n(Adds Banque Misr, context, quote) \nCAIRO Nov 21 Egyptian banks have attracted some $3 billion since Egypt took the dramatic step of floating its pound earlier this month, central bank sub-governor Tarek Fayed said on Monday. \nThe central bank abandoned its currency peg of 8.8 pounds to the U.S. dollar on Nov. 3 in a move it hopes will unlock foreign currency inflows and end a black market for dollars. \nFayed told a banking conference in Cairo the flotation had helped foreign currency stream back into the banking system. \n\"The central bank's decisions could not have been delayed more than this and the results over the past two to three weeks were positive,\" Fayed told a banking conference in Cairo. \n\"We have seen during this period how the banks were able to attract large dollar resources during the past period, amounting to around $3 billion over the past two weeks.\" \nEgypt's currency peg and a decline in foreign investment after the 2011 uprising had drained the central bank's foreign reserves and forced it to ration dollars and impose capital controls before the flotation. \nThe restrictions had pushed the currency trade largely into the black market, where the pound slid to a low of about 18 to the dollar in the weeks before the flotation. \nThe pound has depreciated at the banks since the flotation, reaching 17.30 to 17.95 to the dollar on Monday. \nThat has encouraged more Egyptians to sell their dollars at the bank or remit their earnings through the banking system - money which the banks have in turn sold to clients they had previously been forced to turn away. \nAkef El Maghraby, the vice chairman of Banque Misr, told the conference that the state bank alone had bought $400 million since the flotation. \nCentral Bank Governor Tarek Amer said in comments published in a local newspaper last week that Egypt's banks had attracted about $1.4 billion in the first six days in which lenders began operating under the newly liberalised exchange rate. (Reporting by Asma AlSharif, Writing by Lin Noueihed, Editing by Eric Knecht/Mark Heinrich) Next In Economic News", "external_links": [], "published": "2016-11-21T17:46:00.000+02:00", "crawled": "2016-11-21T13:07:23.113+02:00", "highlightTitle": ""}