{"organizations": [], "uuid": "edc515fc9cd01f7229ecd4042dd2e82c8b8defe1", "thread": {"social": {"gplus": {"shares": 0}, "pinterest": {"shares": 0}, "vk": {"shares": 0}, "linkedin": {"shares": 0}, "facebook": {"likes": 0, "shares": 0, "comments": 0}, "stumbledupon": {"shares": 0}}, "site_full": "archive.org", "main_image": "", "site_section": "http://archive.org//services/collection-rss.php", "section_title": "Internet Archive", "url": "https://archive.org/details/bhaskar.com-20161120-114842", "country": "US", "domain_rank": 285, "title": "Fill item bhaskar.com-20161120-114842 for bhaskar.com", "performance_score": 0, "site": "archive.org", "participants_count": 0, "title_full": "Fill item bhaskar.com-20161120-114842 for bhaskar.com", "spam_score": 0.0, "site_type": "news", "published": "2016-11-20T18:48:00.000+02:00", "replies_count": 0, "uuid": "edc515fc9cd01f7229ecd4042dd2e82c8b8defe1"}, "author": "", "url": "https://archive.org/details/bhaskar.com-20161120-114842", "ord_in_thread": 0, "title": "Fill item bhaskar.com-20161120-114842 for bhaskar.com", "locations": [], "entities": {"persons": [], "locations": [], "organizations": []}, "highlightText": "", "language": "english", "persons": [], "text": "Fill item bhaskar.com-20161120-114842 for bhaskar.com Item Preview There Is No Preview Available For This Item \nThis item does not appear to have any files that can be experienced on Archive.org. Please download files in this item to interact with them on your computer.", "external_links": [], "published": "2016-11-20T18:48:00.000+02:00", "crawled": "2016-11-20T14:22:54.320+02:00", "highlightTitle": ""}