{"organizations": [], "uuid": "8dbdadf37faaf48916158798bf8c10c39b0d7b04", "thread": {"social": {"gplus": {"shares": 0}, "pinterest": {"shares": 0}, "vk": {"shares": 0}, "linkedin": {"shares": 0}, "facebook": {"likes": 0, "shares": 0, "comments": 0}, "stumbledupon": {"shares": 0}}, "site_full": "uk.reuters.com", "main_image": "http://s4.reutersmedia.net/resources/r/?m=02&d=20161120&t=2&i=1162400078&w=&fh=545px&fw=&ll=&pl=&sq=&r=LYNXMPECAJ0AR", "site_section": "http://feeds.reuters.com/reuters/UKTopNews/", "section_title": "Reuters: Top News", "url": "http://uk.reuters.com/article/uk-britain-eu-budget-hammond-idUKKBN13F0EV", "country": "US", "domain_rank": 408, "title": "Hammond pledges to spread wealth, but debt 'eye-wateringly' high", "performance_score": 0, "site": "reuters.com", "participants_count": 0, "title_full": "Hammond pledges to spread wealth, but debt 'eye-wateringly' high", "spam_score": 0.0, "site_type": "news", "published": "2016-11-20T17:23:00.000+02:00", "replies_count": 0, "uuid": "8dbdadf37faaf48916158798bf8c10c39b0d7b04"}, "author": "", "url": "http://uk.reuters.com/article/uk-britain-eu-budget-hammond-idUKKBN13F0EV", "ord_in_thread": 0, "title": "Hammond pledges to spread wealth, but debt 'eye-wateringly' high", "locations": [], "entities": {"persons": [{"name": "hammond", "sentiment": "negative"}, {"name": "philip hammond", "sentiment": "none"}, {"name": "theresa may", "sentiment": "none"}, {"name": "elizabeth piper", "sentiment": "none"}, {"name": "boris johnson", "sentiment": "none"}, {"name": "william schomberg", "sentiment": "none"}], "locations": [{"name": "uk", "sentiment": "none"}, {"name": "britain", "sentiment": "none"}, {"name": "london", "sentiment": "none"}, {"name": "london", "sentiment": "none"}], "organizations": [{"name": "bbc", "sentiment": "none"}, {"name": "eu", "sentiment": "none"}]}, "highlightText": "", "language": "english", "persons": [], "text": "UK | Sun Nov 20, 2016 | 10:23am GMT Hammond pledges to spread wealth, but debt 'eye-wateringly' high Britain's Chancellor of the Exchequer Philip Hammond arrives at 10 Downing Street in London, November 2, 2016. REUTERS/Toby Melville/File Photo \nLONDON British finance minister Philip Hammond said on Sunday he would aim to help struggling families and boost the country's long-term growth prospects when he announces Britain's first budget plans since the Brexit vote next week. \nBut Hammond also told BBC television that levels of public debt were \"eye-wateringly\" high and he would not be announcing a big increase in public spending. \n\"We've got to make sure that the prosperity that comes from seizing opportunities ahead is shared across the country and across the income distribution,\" he said, echoing promises by Prime Minister Theresa May to work for \"just managing\" families. \nHammond told the BBC that the government was keeping an open mind about its options for leaving the EU, downplaying suggestions from Britain's foreign minister Boris Johnson that the country should leave the EU's customs union. \n(Writing by William Schomberg; editing by Elizabeth Piper) Next In UK", "external_links": [], "published": "2016-11-20T17:23:00.000+02:00", "crawled": "2016-11-20T12:30:16.152+02:00", "highlightTitle": ""}