{"organizations": [], "uuid": "ecf6792199fe42071ffced6a41abeda77f705a4e", "thread": {"social": {"gplus": {"shares": 0}, "pinterest": {"shares": 0}, "vk": {"shares": 0}, "linkedin": {"shares": 0}, "facebook": {"likes": 0, "shares": 0, "comments": 0}, "stumbledupon": {"shares": 0}}, "site_full": "uk.finance.yahoo.com", "main_image": "https://s1.yimg.com/bt/api/res/1.2/M7vS95b2fvSzHFeFStPk0A--/YXBwaWQ9eW5ld3NfbGVnbztxPTc1O3c9NjAw/http://l.yimg.com/os/mit/media/m/social/images/social_default_logo-1481777.png", "site_section": "https://uk.finance.yahoo.com/news/category-us/?format=rss", "section_title": "US Business News | Financial News - Yahoo! News UK", "url": "https://uk.finance.yahoo.com/news/trump-trigger-global-trade-war-163001767.html", "country": "US", "domain_rank": 5, "title": "Is Trump about to trigger a global trade war?", "performance_score": 0, "site": "yahoo.com", "participants_count": 1, "title_full": "Is Trump about to trigger a global trade war? - Yahoo Finance UK", "spam_score": 0.0, "site_type": "news", "published": "2016-11-20T02:00:00.000+02:00", "replies_count": 0, "uuid": "ecf6792199fe42071ffced6a41abeda77f705a4e"}, "author": "Harvey Jones", "url": "https://uk.finance.yahoo.com/news/trump-trigger-global-trade-war-163001767.html", "ord_in_thread": 0, "title": "Is Trump about to trigger a global trade war?", "locations": [], "entities": {"persons": [{"name": "donald trump", "sentiment": "negative"}, {"name": "trump", "sentiment": "neutral"}, {"name": "donald", "sentiment": "none"}], "locations": [{"name": "america", "sentiment": "none"}, {"name": "mexico", "sentiment": "none"}, {"name": "u.s.", "sentiment": "none"}, {"name": "china", "sentiment": "none"}], "organizations": [{"name": "boeing", "sentiment": "none"}, {"name": "peterson institute of economics", "sentiment": "none"}, {"name": "world trade organisation", "sentiment": "none"}, {"name": "airbus", "sentiment": "none"}]}, "highlightText": "", "language": "english", "persons": [], "text": "President-elect Donald Trump said a lot of crazy things during the divisive election campaign, but few were crazier than his suggestion of launching a trade war with China.\nThe Donald accused China of manipulating the yuan to make its exports more expensive and give it a favourable trading advantage.\nHe threatened to fight back by slapping a 45% tariff on Chinese imports to the U.S. and officially named the country a currency manipulator.\nHe has also talked of a 35% import tariff on Mexico as well as smashing global trade agreements and even pulling out of the World Trade Organisation.\nThese aren't just crazy ideas; they could trigger global economic havoc if implemented. So how should investors respond?\nManipulate that! \nFirst, Trump is probably wrong to accuse China of currency manipulation.\nIt may have fallen to an eight-year low against the dollar, but that is partly a consequence of current dollar strength; it is actually pretty strong against most other currencies right now.\nThe yuan has massively appreciated since 2005, so the currency manipulation accusation will prove hard to stick.\nIronically, Trump himself is partly the reason why the dollar is currently so strong, as markets expect his $1 trillion stimulus package to push up inflation and U.S. interest rates.\nWar is stupid \nThere is another reason why Trump would be unlikely to trigger a global trade war: it might undermine his campaign promise to \"make America great again.\"\nU.S. jobs haven't just been stolen by the Chinese and Mexicans; they have also been lost to technological change and improved productivity.\nA trade war won't reverse that. Instead, it will push up prices and hit the poorest voters hardest of all-many of whom voted Trump.\nAlso, China can fight back with retaliatory tariffs on autos, iPhones, soybean and maize imports, or it can replace orders for Boeing planes with French-owned Airbus.\nSome may question Trump's ability as a businessman, but surely he isn't that daft?\nRecession rhetoric \nThe Peterson Institute of Economics has estimated that Trump's various trade policies, if enacted, could cost four million U.S. jobs and start a recession. I don't believe he will want to start of his presidency with this.\nThe more emollient Trump that we have seen since the election is likely to triumph in this respect. He certainly isn't averse to changing his mind on a whim.\nTrump card \nThat said, President Trump probably has to do something, and the markets will be on high alert to see how far he will go.\nWe may see a lot of volatility with spikes and dips whenever Trump opens his mouth on the subject of trade and currency manipulation.\nIn that case, long-term investors should get ready to buy shares at reduced prices, because the rhetoric is unlikely to be as extreme as the reality.\nOther Trump policies, such as tax cuts and $1 trillion infrastructure and military spending, should be far positive for the global economy. He won't want to risk that by starting needless fights he cannot win, will he?\nWorld-leading advice \nIn troubled times like these, you cannot afford to make life harder for yourself by committing simple investment mistakes.\nAlthough everybody makes mistakes, the fewer howlers you commit the better. This BRAND NEW Motley Fool report \" Worst Mistakes Investors Make \" asks investors from all over the world for advice on how to avoid some of the biggest disasters investors bring on themselves.\nIt is absolutely free and explains why, say, you should not sell winners too early and should avoid going all in on one stock .\nClick here to read this no-obligation report. It will be yours in seconds and won't cost you a penny.", "external_links": [], "published": "2016-11-20T02:00:00.000+02:00", "crawled": "2016-11-20T19:30:09.984+02:00", "highlightTitle": ""}