{"organizations": [], "uuid": "6a7ee7290ca39b62f8753ee4237e94af9e32e238", "thread": {"social": {"gplus": {"shares": 0}, "pinterest": {"shares": 0}, "vk": {"shares": 0}, "linkedin": {"shares": 0}, "facebook": {"likes": 0, "shares": 0, "comments": 0}, "stumbledupon": {"shares": 0}}, "site_full": "www.cnbc.com", "main_image": "http://fm.cnbc.com/applications/cnbc.com/resources/img/editorial/2016/11/18/104117829-GettyImages-512986315.1910x1000.jpg", "site_section": "http://www.cnbc.com/id/19789731/device/rss/rss.xml", "section_title": "U.S. Top News and Analysis", "url": "http://www.cnbc.com/2016/11/18/live-long-and-prosper-with-these-14-geeky-gift-ideas.html", "country": "US", "domain_rank": 767, "title": "Live long and prosper with these 14 geeky gift ideas", "performance_score": 0, "site": "cnbc.com", "participants_count": 1, "title_full": "Live long and prosper with these 14 geeky gift ideas", "spam_score": 0.0, "site_type": "news", "published": "2016-11-20T02:00:00.000+02:00", "replies_count": 0, "uuid": "6a7ee7290ca39b62f8753ee4237e94af9e32e238"}, "author": "Sarah Whitten", "url": "http://www.cnbc.com/2016/11/18/live-long-and-prosper-with-these-14-geeky-gift-ideas.html", "ord_in_thread": 0, "title": "Live long and prosper with these 14 geeky gift ideas", "locations": [], "entities": {"persons": [{"name": "labay", "sentiment": "none"}, {"name": "newt scamander", "sentiment": "none"}, {"name": "gwen", "sentiment": "none"}, {"name": "richard feynman", "sentiment": "none"}, {"name": "rosalind franklin", "sentiment": "none"}, {"name": "charles darwin", "sentiment": "none"}, {"name": "ed labay", "sentiment": "none"}, {"name": "inigo montoya", "sentiment": "none"}, {"name": "regina spektor", "sentiment": "none"}, {"name": "madame curie", "sentiment": "none"}, {"name": "jedi", "sentiment": "none"}, {"name": "rick grimes", "sentiment": "none"}, {"name": "peter parker", "sentiment": "none"}, {"name": "j.k. rowling", "sentiment": "none"}, {"name": "jamberry", "sentiment": "none"}, {"name": "alicia keys", "sentiment": "none"}, {"name": "litographs", "sentiment": "none"}, {"name": "harry potter", "sentiment": "none"}, {"name": "gwen stacy", "sentiment": "none"}, {"name": "lin-manuel miranda", "sentiment": "none"}, {"name": "potter", "sentiment": "none"}, {"name": "hamilton", "sentiment": "none"}, {"name": "kelly clarkson", "sentiment": "none"}, {"name": "wiz khalifa", "sentiment": "none"}, {"name": "jimmy fallon", "sentiment": "none"}, {"name": "john legend", "sentiment": "none"}, {"name": "nikola tesla", "sentiment": "none"}, {"name": "funko", "sentiment": "none"}], "locations": [{"name": "america", "sentiment": "none"}, {"name": "gotham", "sentiment": "none"}], "organizations": [{"name": "funko.com collectibles", "sentiment": "none"}, {"name": "hbo rule westros", "sentiment": "none"}, {"name": "disney", "sentiment": "none"}, {"name": "harry potter store", "sentiment": "none"}, {"name": "hot topic", "sentiment": "none"}, {"name": "heruniverse spider gwen", "sentiment": "none"}, {"name": "cnbc", "sentiment": "none"}, {"name": "magical congress of the united states of america", "sentiment": "none"}, {"name": "etsy.com show", "sentiment": "none"}, {"name": "amazon hamilton", "sentiment": "none"}, {"name": "sia", "sentiment": "none"}, {"name": "star trek enterprise", "sentiment": "none"}, {"name": "hero within batman heavy peacoat geek fashion", "sentiment": "none"}, {"name": "spartan locke backpack", "sentiment": "none"}]}, "highlightText": "", "language": "english", "persons": [], "text": "Getty Images A few years ago, your only gift choices for your geeky friends and family were men's and women's T-shirts, but that's all in the past. \nGeek culture has become mainstream. \n\"I would say that during the last five years, the geek chic business has grown tremendously,\" Ed Labay, vice president of merchandising at Hot Topic , told CNBC. \"So many people and companies are trying to find their way into it.\" \nBrands are no longer peddling T-shirts and action figures. Companies have adapted to serve customers in a wide variety of categories, including apparel, housewares, toys and health and beauty. \nFrom \"Game of Thrones\" to \"Star Wars\" and \"The Walking Dead\" to \"Halo,\" today's geek is more diverse than ever. \n\nHere's a look at some of the hottest geek gifts to hit shelves for the 2016 holiday season: \n\n\n\n1. HerUniverse Spider Gwen jacket HerUniverse Price: $52.42 \n\nGwen Stacy has become an unlikely hero in the Marvel universe after an alternative story line saw the female character bitten by a radioactive spider instead of Peter Parker. \nSpider Gwen has inspired a slew of merchandise including posters, figurines and even clothing.\nThe Spider Gwen jacket created by Her Universe and distributed through Hot Topic will set you back about $50 and features the super heroine's signature purple and turquoise spider web print sleeves and a hood. \n\"The business of pop culture has exploded,\" Labay told CNBC. \"Expressing your passion for these stories and characters, and being able to do it in a more fashionable way, or at work, has brought a whole new level to being a fan. This fashion allows fans to embrace their own individual fandom interests in a way that could never be done with a basic T- shirt.\" \n\n\n2. Backpacks Price: $24.99 and up \n\nSource: Think Geek Rick Grimes Sheriff's Backpack, Halo 5 Spartan Locke Backpack and Dawn of Justice Wonder Woman Backpack from Think Geek Need something to hold all of your geeky gear? Show off your favorite fandom with wide variety of backpacks, purses and wallets available at ThinkGeek.com. \nWhether you want a bag that boldly declares your love of Wonder Woman or you are looking for something a little less obvious, retailers are creating merchandise for all types of fans. \n\n\n3. Design a lightsaber Price: $54.99 and up \n\nUltrasabers The lightsaber is a tool for Jedi and Sith alike. Design your own blade through Ultrasabers . \nPick your hilt, color and sound effects to create a personalized lightsaber that can be a piece of decor in your home or used as a stunt weapon. The sabers start at $54.99 for a basic hilt without sound or extra pieces and can cost $500 or more depending on your customization choices.\n\n\n4. Doctor Who drink coasters Price: $24 - $34 \n\nEtsy.com Show your love of Doctor Who and protect your coffee table from unwanted water stains. \nWhile they may just look like a cool design to the untrained eye, you'll impress your Whovian friends with these Gallifreyan coasters .\n\n\n\n5. Jamberry superhero nail stickers Price: $18 per sheet \n\nAre you team Iron Man or Captain America? You can be both with nail wraps from Jamberry. \nThe beauty company specializes in thin vinyl sheets that adhere to finger nails with heat and pressure. Jamberry has several superhero-themed wraps as well as a collection of other Disney wraps.\n\n\n\n6. Star Trek Enterprise cutting board set Price: $59.95 \n\nStarTrek.com Queue up your favorite episode of Deep Space Nine and break out the cheese and crackers. This Star Trek Enterprise cutting board comes with a cheese knife and fork (hidden in the Enterprise's engines) and has slots for you to line up your crackers like a platoon of red shirts. \n\n\n\n7. Litograph T-shirts, totes and scarves Lithography Choose from twelve colors and four beautiful fonts to create your perfect scarf. Price: $24 and up \n\nFor the literary junkie in your life, Litographs has transcribed a number of books, poems, plays and screenplays onto T-shirts, totes, scarves and posters in unique designs. \nBookworms can now walk around wearing their favorite texts, including all 40,000 words from \"20,000 Leagues Under the Sea\" in the shape of an atmospheric diving suit or \"The Princess Bride\" in the shape of Inigo Montoya. Inconceivable! \n\n\n\n8. Superhero peacoat Price: $249 \nSource: Hero Within Batman Heavy Peacoat Geek fashion isn't just for women. For a cold night in Gotham, suit up with Hero Within's Batman peacoat. \nThe jacket is designed with the iconic bat symbol stitched into the seams across the back panel of the coat. \n\n\"It's a subtle yet empowering way to express your fandom,\" the company writes on its website. \n\n\n\n9. Funko Pop collectibles Price: $6 and up \n\nFunko.com Collectibles aren't just for kids. Funko has become a cornerstone in the geek merchandise industry with its variety of pop culture figurines.\nFrom \"Game of Thrones\" and \"Harry Potter\" to \"Dragonball Z\" and \"Fallout,\" the company has more than 1,000 different licensed vinyl figures. \n\n\n\n10. 'Game of Thrones' board games Price: $49.99 and up \n\nHBO Rule Westros without leaving your living room. \"Game of Thrones\" has several licensed board games ranging from Risk to Clue. \nYou may not get to sit on the actual Iron Throne, but you can represent your favorite house and have a few goblets of wine.\n\n\n\n11. 'Hamilton' mix-tape Price: $14.99 \n\nAmazon Hamilton Remix Album Don't throw away your shot at hearing Lin-Manuel Miranda's Tony Award winning musical sung by some of today's hottest stars.\nThe Roots, Alicia Keys, Kelly Clarkson, Sia, Usher, Regina Spektor, Jimmy Fallon, Common, John Legend, Wiz Khalifa and Chance The Rapper, among others, have lent their voices to this mixtape of famous \"Hamilton\" songs.\nThere are 23 songs on the album, including covers, remixes and several tunes inspired by the musical. \nThe album will be released on Dec. 2.\n\n\n12. Harry Potter 'Fantastic Beasts' T-shirt Price: $24.95 \n\nHarry Potter Store The newest obsession for \"Harry Potter\" fans is \"Fantastic Beasts and Where to Find Them.\" \nThe film, penned by Potter author J.K. Rowling, takes place 55 years before the birth of Harry Potter, and revolves around Newt Scamander, a caretaker for magical creatures.\nFeatured in the new film is the Magical Threat Meter, a way for wizards at the Magical Congress of the United States of America (MACUSA) to diagnose the threat of magical exposure. The Harry Potter shop sells a T-shirt with the meter printed on the front for just under $25.\n\n\n13. LootCrate subscription Price: $8.99 per month & up \n\nLootCrate Not sure what to get for your geek friend? Lootcrate can help. \nThe \"geek-approved\" subscription service sends a curated collection of pop culture items to your door each month. The service offers a variety of boxes ranging from apparel to pet accessories to gaming to anime. \nPrices range from $8.99 per month for T's and socks to $75 for a limited edition \" Gears of War 4\" crate. You can sign up for one month or pay head for a full year of boxes.\n\n\n14. Scientist pint glasses Cognitive Surplus Price: $15 each \n\n\"Raise your glass to the radiant Madame Curie,\" says the folks at Cognitive Surplus. \nThe company makes quirky products, including mugs, baby clothes, T-shirts and stationary, for those who work in a variety of science occupations. \nBiologists, chemists, geneticists and astronomers alike can enjoy a pint after a long day in the lab with Cognitive Surplus' series of scientist glasses. \nCharles Darwin, Rosalind Franklin, Nikola Tesla and Richard Feynman are just a few of the faces to choose from.", "external_links": [], "published": "2016-11-20T02:00:00.000+02:00", "crawled": "2016-11-20T22:19:17.684+02:00", "highlightTitle": ""}