{"organizations": [], "uuid": "ed388884c03e4cc21b3004dde0aff2c1fbde3798", "thread": {"social": {"gplus": {"shares": 0}, "pinterest": {"shares": 0}, "vk": {"shares": 0}, "linkedin": {"shares": 0}, "facebook": {"likes": 108, "shares": 108, "comments": 1}, "stumbledupon": {"shares": 0}}, "site_full": "www.usatoday.com", "main_image": "http://www.gannett-cdn.com/-mm-/3bfd4c2c002ca2dda68d625e9aa232b5a12c6939/c=0-255-3825-2416&amp;r=x1683&amp;c=3200x1680/local/-/media/2016/11/18/USATODAY/USATODAY/636151050332074696-AP-Trump-Protests-Washington.jpg", "site_section": "", "section_title": "", "url": "http://www.usatoday.com/story/opinion/policing/community-calls/2016/11/18/what-policing-look-like-trumps-america-your-say/93976552/", "country": "US", "domain_rank": 313, "title": "What will policing look like in Trump's America? Your Say", "performance_score": 1, "site": "usatoday.com", "participants_count": 0, "title_full": "What will policing look like in Trump's America? Your Say", "spam_score": 0.165, "site_type": "news", "published": "2016-11-20T17:30:00.000+02:00", "replies_count": 0, "uuid": "ed388884c03e4cc21b3004dde0aff2c1fbde3798"}, "author": "", "url": "http://www.usatoday.com/story/opinion/policing/community-calls/2016/11/18/what-policing-look-like-trumps-america-your-say/93976552/", "ord_in_thread": 0, "title": "What will policing look like in Trump's America? Your Say", "locations": [], "entities": {"persons": [{"name": "— kay matte", "sentiment": "none"}, {"name": "— branden makana", "sentiment": "none"}, {"name": "donald trump", "sentiment": "none"}, {"name": "trump", "sentiment": "none"}, {"name": "doug stafford", "sentiment": "none"}, {"name": "larry lamb", "sentiment": "none"}, {"name": "susan walsh", "sentiment": "none"}, {"name": "carly", "sentiment": "none"}, {"name": "— sherman dudley", "sentiment": "none"}, {"name": "— scott kimball", "sentiment": "none"}, {"name": "tom parker", "sentiment": "none"}, {"name": "robert gornowich", "sentiment": "none"}, {"name": "law", "sentiment": "none"}, {"name": "robert scroggin", "sentiment": "none"}, {"name": "jeff sessions", "sentiment": "none"}], "locations": [{"name": "america", "sentiment": "none"}, {"name": "las vegas", "sentiment": "none"}, {"name": "us", "sentiment": "none"}, {"name": "usa", "sentiment": "none"}, {"name": "washington", "sentiment": "none"}, {"name": "houston", "sentiment": "none"}], "organizations": [{"name": "facebook", "sentiment": "negative"}, {"name": "trump", "sentiment": "neutral"}, {"name": "usatoday.com", "sentiment": "none"}, {"name": "ap", "sentiment": "none"}, {"name": "u.s. supreme court", "sentiment": "none"}]}, "highlightText": "", "language": "english", "persons": [], "text": "Let friends in your social network know what you are reading about Facebook Email What will policing look like in Trump's America? Your Say Readers examine the phrase 'law and order' and question the president-elect's administrative picks Post to Facebook What will policing look like in Trump's America? Your Say Readers examine the phrase 'law and order' and question the president-elect's administrative picks Check out this story on USATODAY.com: http://usat.ly/2g77b7t Cancel Send A link has been sent to your friend's email address. Posted! A link has been posted to your Facebook feed. 1 To find out more about Facebook commenting please read the Conversation Guidelines and FAQs What will policing look like in Trump's America? Your Say USA TODAY 10:43 p.m. EST November 18, 2016 Readers examine the phrase 'law and order' and question the president-elect's administrative picks Washington area high school students protest outside the U.S. Supreme Court. (Photo: Susan Walsh, AP) \nLaw enforcement and the African-American community are anticipating what Donald Trump's victory will mean for their strained relations. \nFacebook comments and tweets are edited for clarity and grammar: \nCriminals are going to be held accountable, whether they are white, brown, blue or black. Police will be acquitted and police will be arrested for their missteps. \nThe problem is that many people don't believe in laws or the justice system. President-elect Donald Trump's laws will apply to all. \n— Scott Kimball \nIt's funny how so many people are quick to say, \"Well, if you obey the law then you won't have any problems with police.\" Larry Lamb spent 20 years in prison for a crime he didn't commit. There is no indication that he didn't cooperate with law enforcement, and it still ended up costing him decades of his life. \n— Sherman Dudley \nA reader from Las Vegas in an interracial marriage shares his family's experiences with law enforcement: \nShore black communities fearful of Trump 'law and order' \nFear of what? Law and order? \nGuess what? if your brother commits a crime, he goes to jail. If you commit a crime, you go to jail. If I commit a crime, I go to jail. Other than that, go about your life, be respectful and obedient should a cop ever stop you and give you an order. Easy. \n— Robert Gornowich @USATODAY Honestly, I can't explain this to my kids. At this point I want to wake them and apologize to them for the rest is the US. — Miss Carly (@PoisonPinkFluff) November 9, 2016 \nDon't break the law and don't try to assault police officers, and you'll be fine. The shooting of unarmed civilians happens a whole lot less frequently than the news media would have you believe, and they're a lot more race neutral as well. \n— Doug Stafford @USATOpinion @USATODAY melodramatic! You know DJT has Never said you don't matter. Said laws have to be followed. And said ALL Lives matter. — Kay Matte (@kay_matte) November 13, 2016 \nThe only people that should be worried are criminals, illegal immigrants, thugs and drug dealers. If you are white or a black, you should have no problem. But when you think breaking the law and acting like a thug is acceptable, well then, \"Houston, we have a problem.\" \n— Tom Parker @USATOpinion @USATODAY The problem is white people were made to feel they didn't matter, you have to be inclusive of all. #BLM is bad,racist — Robert Scroggin (@robert_scroggin) November 14, 2016 \nPeople are judging President-elect Donald Trump by his actions. Case in point: Today he said he would nominate Sen. Jeff Sessions for attorney general. Sessions was denied a federal judgeship in the 1980s by a Republican-led congressional committee over accusations of racism during his legal career. Of course, that was back before when they cared about racism. \n— Branden Makana ", "external_links": [], "published": "2016-11-20T17:30:00.000+02:00", "crawled": "2016-11-20T12:30:59.419+02:00", "highlightTitle": ""}