{"organizations": [], "uuid": "3c327a1a1e30ec22d1a559287d3d7a8eba7072f1", "thread": {"social": {"gplus": {"shares": 0}, "pinterest": {"shares": 0}, "vk": {"shares": 0}, "linkedin": {"shares": 0}, "facebook": {"likes": 36, "shares": 36, "comments": 0}, "stumbledupon": {"shares": 0}}, "site_full": "indianexpress.com", "main_image": "http://images.indianexpress.com/2016/11/renuka-480.jpg?w=480", "site_section": "http://indianexpress.com/section/entertainment/bollywood/feed/", "section_title": "Bollywood – The Indian Express", "url": "http://indianexpress.com/article/entertainment/bollywood/actors-have-every-right-to-voice-their-opinion-renuka-shahane-4387764/", "country": "US", "domain_rank": 598, "title": "Actors have every right to voice their opinion: Renuka Shahane", "performance_score": 0, "site": "indianexpress.com", "participants_count": 0, "title_full": "Actors have every right to voice their opinion: Renuka Shahane", "spam_score": 0.0, "site_type": "news", "published": "2016-11-21T19:02:00.000+02:00", "replies_count": 0, "uuid": "3c327a1a1e30ec22d1a559287d3d7a8eba7072f1"}, "author": "", "url": "http://indianexpress.com/article/entertainment/bollywood/actors-have-every-right-to-voice-their-opinion-renuka-shahane-4387764/", "ord_in_thread": 0, "title": "Actors have every right to voice their opinion: Renuka Shahane", "locations": [], "entities": {"persons": [{"name": "renuka shahane", "sentiment": "neutral"}, {"name": "tribhanga", "sentiment": "none"}, {"name": "anu", "sentiment": "none"}, {"name": "masha", "sentiment": "none"}, {"name": "renuka shahane renuka shahane", "sentiment": "none"}, {"name": "shahane", "sentiment": "none"}], "locations": [{"name": "thailand", "sentiment": "none"}, {"name": "panaji", "sentiment": "none"}, {"name": "nayan", "sentiment": "none"}, {"name": "hollywood", "sentiment": "none"}, {"name": "odissi", "sentiment": "none"}, {"name": "south korea", "sentiment": "none"}, {"name": "india", "sentiment": "none"}], "organizations": [{"name": "pti", "sentiment": "none"}, {"name": "nfdc film bazaar", "sentiment": "none"}]}, "highlightText": "", "language": "english", "persons": [], "text": "Actors have every right to voice their opinion: Renuka Shahane Actors have every right to voice their opinion: Renuka Shahane Renuka Shahane believes film stars are not considered important enough to voice their opinion in India and are often trolled for speaking out. By: PTI | Panaji | Updated: November 21, 2016 5:37 pm Renuka Shahane believes film stars are not considered important enough to voice their opinion in India and are often trolled for speaking out. \nShe is known to be vocal about socio- political issues but actress-filmmaker Renuka Shahane believes film stars are not considered important enough to voice their opinion in India and are often trolled for speaking out. \n“It is unfortunate because generally, people think that actors are earning too much money and they’re doing too little for the country. There is that kind of jealousy to the common public. So, when they get a chance to troll an actor for whatever he or she’s saying, they do it,” Shahane told PTI. \nThe director says as actors pay their taxes, they have a right to speak out just like the celebrities in Hollywood. “We are taxpayers. We have a right to participate in all kinds of discussion. Also, it’s a democracy so, it’s our right. Actors all over the world are taking serious stands about things be it climate change or political racism. \n“If Hollywood can do that or Thailand or South Korea can do that, then why can’t we? Why actors here are not considered important enough to say things?” The 51-year-old star, who is at the 10th edition of the NFDC Film Bazaar to pitch her story “Tribhanga”, says there is a need for more women storytellers as Indian films often don’t capture the patriarchy affecting urban women. \n“I think very often urban India is not represented in Indian cinema, especially women. You get to see stories about rural India and the patriarchy that affects rural women. But, the patriarchy that is inherent and there in urban India, there’s nothing much about it,” Shahane says. \nThe actress says there should be more individual acceptance for women in the industry and they should be given equal focus just like their male co-actors. “According to me projects by women, for women and for women should be made. We should deal with women as individuals without them being somebody’s wife, sister or mother. Hindi women-oriented films do chronicle such stories but men still play an important role in it, which should not happen.” \nTribhanga is the story of Nayan, Anu and Masha and weaves a complex tale that goes back and forth in time through the generations of the same family from the ’60s to the modern day. \nTalking about her project Shahane says, “In my film, men are appendages, they just come and go. The idea for ‘Tribhanga’ came from the Odissi dance pose, which is asymmetrical yet so magical. There is something magical about imperfection. Through this, I want to show the strong presence of women, who are totally independent.” Best of Express", "external_links": [], "published": "2016-11-21T19:02:00.000+02:00", "crawled": "2016-11-21T16:33:56.403+02:00", "highlightTitle": ""}