{"organizations": [], "uuid": "823ce5635b86447e1844d4b72dae90adb7364db5", "thread": {"social": {"gplus": {"shares": 0}, "pinterest": {"shares": 0}, "vk": {"shares": 0}, "linkedin": {"shares": 0}, "facebook": {"likes": 0, "shares": 0, "comments": 0}, "stumbledupon": {"shares": 0}}, "site_full": "abcnews.go.com", "main_image": "", "site_section": "http://feeds.abcnews.com/abcnews/usheadlines\r", "section_title": "ABC News: U.S.", "url": "http://abcnews.go.com/US/wireStory/brooklyn-man-fatally-shot-police-scuffle-43661153", "country": "US", "domain_rank": 72, "title": "Brooklyn Man Fatally Shot by Police During Scuffle", "performance_score": 0, "site": "go.com", "participants_count": 0, "title_full": "Brooklyn Man Fatally Shot by Police During Scuffle", "spam_score": 0.0, "site_type": "news", "published": "2016-11-20T06:07:00.000+02:00", "replies_count": 0, "uuid": "823ce5635b86447e1844d4b72dae90adb7364db5"}, "author": "", "url": "http://abcnews.go.com/US/wireStory/brooklyn-man-fatally-shot-police-scuffle-43661153", "ord_in_thread": 0, "title": "Brooklyn Man Fatally Shot by Police During Scuffle", "locations": [], "entities": {"persons": [{"name": "james secreto", "sentiment": "none"}], "locations": [{"name": "brooklyn", "sentiment": "none"}, {"name": "new york", "sentiment": "none"}, {"name": "brownsville", "sentiment": "none"}], "organizations": [{"name": "housing bureau", "sentiment": "none"}, {"name": "van dyke houses", "sentiment": "none"}, {"name": "new york police department", "sentiment": "none"}, {"name": "shares email police", "sentiment": "none"}]}, "highlightText": "", "language": "english", "persons": [], "text": "Brooklyn Man Fatally Shot by Police During Scuffle By The Associated Press NEW YORK  Nov 19, 2016, 5:20 PM ET 0 Shares Email Police say a Brooklyn man was fatally shot during a skirmish with two police officers in a housing project hallway. New York housing police Chief James Secreto says one male and one female officer encountered the man around 1 p.m. Saturday on the ninth floor of the Van Dyke Houses in the Brownsville neighborhood. The New York Police Department's Housing Bureau officers were responding to a 911 call reporting a suspicious person. When they asked for his ID, a scuffle ensued during which Secreto says the man grabbed one officer's collapsible, metal baton and struck both in the head. The chief says the officers fired, killing the man. One officer suffered a gash, the other suffered contusions. Authorities did not immediately release the names of those involved. 0 Shares", "external_links": [], "published": "2016-11-20T06:07:00.000+02:00", "crawled": "2016-11-20T01:26:27.663+02:00", "highlightTitle": ""}