{"organizations": [], "uuid": "8a01a01aba25a50f8f1cc155f8805c17fe9bf31a", "thread": {"social": {"gplus": {"shares": 0}, "pinterest": {"shares": 0}, "vk": {"shares": 0}, "linkedin": {"shares": 0}, "facebook": {"likes": 0, "shares": 0, "comments": 0}, "stumbledupon": {"shares": 0}}, "site_full": "archive.org", "main_image": "", "site_section": "http://archive.org/services/collection-rss.php", "section_title": "Internet Archive", "url": "https://archive.org/details/incr-enwikiversity-20161117", "country": "US", "domain_rank": 285, "title": "Wikimedia incremental dump files for the English Wikiversity on November 17, 2016", "performance_score": 0, "site": "archive.org", "participants_count": 0, "title_full": "Wikimedia incremental dump files for the English Wikiversity on November 17, 2016", "spam_score": 0.0, "site_type": "news", "published": "2016-11-20T11:27:00.000+02:00", "replies_count": 0, "uuid": "8a01a01aba25a50f8f1cc155f8805c17fe9bf31a"}, "author": "", "url": "https://archive.org/details/incr-enwikiversity-20161117", "ord_in_thread": 0, "title": "Wikimedia incremental dump files for the English Wikiversity on November 17, 2016", "locations": [], "entities": {"persons": [], "locations": [], "organizations": []}, "highlightText": "", "language": "english", "persons": [], "text": "Wikimedia incremental dump files for the English Wikiversity on November 17, 2016 Item Preview There Is No Preview Available For This Item \nThis item does not appear to have any files that can be experienced on Archive.org. Please download files in this item to interact with them on your computer.", "external_links": [], "published": "2016-11-20T11:27:00.000+02:00", "crawled": "2016-11-20T06:44:39.752+02:00", "highlightTitle": ""}