{"organizations": [], "uuid": "51d23d3181f1b39e769d88cc66ca28a6c8c12491", "thread": {"social": {"gplus": {"shares": 0}, "pinterest": {"shares": 0}, "vk": {"shares": 0}, "linkedin": {"shares": 0}, "facebook": {"likes": 0, "shares": 0, "comments": 0}, "stumbledupon": {"shares": 0}}, "site_full": "indianexpress.com", "main_image": "http://images.indianexpress.com/2016/11/melting-pot480.jpg?w=480", "site_section": "http://indianexpress.com/section/cities/mumbai/feed/", "section_title": "Mumbai – The Indian Express", "url": "http://indianexpress.com/article/cities/mumbai/at-home-keralas-sects-syrian-catholics-jacobites-marthomites-orthodox-syrian-christians-divide-in-mumbai-community-unites-4386632/", "country": "US", "domain_rank": 598, "title": "At home, Kerala’s sects divide, in Mumbai, community unites", "performance_score": 0, "site": "indianexpress.com", "participants_count": 1, "title_full": "At home, Kerala’s sects divide, in Mumbai, community unites", "spam_score": 0.0, "site_type": "news", "published": "2016-11-21T05:01:00.000+02:00", "replies_count": 0, "uuid": "51d23d3181f1b39e769d88cc66ca28a6c8c12491"}, "author": "Priyanka Sahoo", "url": "http://indianexpress.com/article/cities/mumbai/at-home-keralas-sects-syrian-catholics-jacobites-marthomites-orthodox-syrian-christians-divide-in-mumbai-community-unites-4386632/", "ord_in_thread": 0, "title": "At home, Kerala’s sects divide, in Mumbai, community unites", "locations": [], "entities": {"persons": [{"name": "malayalee", "sentiment": "none"}, {"name": "thomas", "sentiment": "none"}, {"name": "irrachi ullullarthiyathu", "sentiment": "none"}, {"name": "nirmal harindran", "sentiment": "none"}, {"name": "thomas george", "sentiment": "none"}, {"name": "abraham", "sentiment": "none"}, {"name": "santacruz", "sentiment": "none"}, {"name": "john roy", "sentiment": "none"}, {"name": "george", "sentiment": "none"}, {"name": "priyanka sahoo", "sentiment": "none"}], "locations": [{"name": "mumbai", "sentiment": "none"}, {"name": "mumba", "sentiment": "none"}, {"name": "kerala", "sentiment": "none"}, {"name": "malad", "sentiment": "none"}, {"name": "kerala", "sentiment": "none"}, {"name": "kandivli", "sentiment": "none"}, {"name": "thakur village", "sentiment": "none"}, {"name": "parel", "sentiment": "none"}], "organizations": [{"name": "st mary’s church", "sentiment": "none"}, {"name": "church mission society and the high church group", "sentiment": "none"}, {"name": "young men’s christian association", "sentiment": "none"}, {"name": "st thomas syrian church", "sentiment": "none"}]}, "highlightText": "", "language": "english", "persons": [], "text": "At home, Kerala’s sects divide, in Mumbai, community unites At home, Kerala’s sects divide, in Mumbai, community unites A formal English education followed by a search for jobs brought the Syrian Christians to Mumbai around the 1930s. Written by Priyanka Sahoo | Mumbai | Published:November 21, 2016 3:31 am Sunday morning services at St Thomas Syrian Church in SantaCruz, Mumbai. For Melting Pot story. (Express photo by Nirmal Harindran) \nIN KERALA they may have their differences, but when in Mumbai, they identify themselves as a homogenous group — the Malayalee Syrian Christians. Back home in ‘God’s own country’ they could be either Syrian Catholics, Jacobites, Marthomites or Orthodox, all different sects of Syrian Christians — a Christian community from Kerala tracing its origin to Thomas the Apostle. In Mumbai, differences are put aside as the yearning to meet a fellow Malayalee brings them together. \nA formal English education followed by a search for jobs brought the Syrian Christians to Mumbai around the 1930s. “It was not an organised migration of a community. Mostly individuals who had been educated moved to this city looking for jobs,” says T M Abraham (84), a retired engineer from Malad. Until 1940, there was no assembly or community. “We would meet each other by chance and keep in touch,” says Abraham. \nHowever, in 1940, a few members of the different sects came together for their first worship in the St Mary’s Church in Parel. “It was like a home away from home for us. The Syrian Christians, the Marthomites, the Church Mission Society and the High Church Group came together for prayers,” says Abraham, a Marthomite. “Services were held at different timings for the different sects.” \n“In the subsequent years the Marthomites and Jacobites went their separate ways. Now, most sects have their own churches,” says 55-year-old John Roy from Thakur Village, Kandivli. “The customs and traditions are, however, more or less the same,” he adds. Although the various sects have formed or leased space for their own churches, the practice of sharing church premises exists even today, despite their differences in Kerala. \n“When away from Kerala, what brings us Malayalee Christians together is the language. It becomes a binding force,” says Thomas George, a 31-year-old advertising professional. When George moved to Mumbai 11 years ago, his brief stay at the Young Men’s Christian Association brought him in contact with fellow Syrian Christians. \n“The hostel was full of Malayalees, all Syrian Christians. It didn’t matter which sect we belonged to. We celebrated all our festivals together, including Onam and Christmas,” says George, adding that food was another reason that brought the community together.The homemade delicacies of Syrian Christians, such as Irrachi Ullullarthiyathu, a dry meat fry, were unique and could be found only in kitchens of Syrian Christians. \n“The women either have to refer to the famous cook-books or call their grandmothers for the recipe, as you can’t find them in restaurants,” says George. “Most women have a big fat cook book with handwritten recipes in them,” he adds. Best of Express", "external_links": [], "published": "2016-11-21T05:01:00.000+02:00", "crawled": "2016-11-21T00:20:17.750+02:00", "highlightTitle": ""}