{"organizations": [], "uuid": "95ed3df67c3e63a01df439687800165c8dd1f711", "thread": {"social": {"gplus": {"shares": 0}, "pinterest": {"shares": 0}, "vk": {"shares": 0}, "linkedin": {"shares": 0}, "facebook": {"likes": 0, "shares": 0, "comments": 0}, "stumbledupon": {"shares": 0}}, "site_full": "www.msn.com", "main_image": "", "site_section": "http://www.msn.com/en-us", "section_title": "MSN.com - Hotmail, Outlook, Skype, Bing, Latest News, Photos &amp; Videos", "url": "http://www.msn.com/en-us/news/politics/trump-demands-apology-from-hamilton-cast-after-mike-pence-booed/ar-AAku2i4", "country": "US", "domain_rank": 13, "title": "Trump demands apology from Hamilton cast after Mike Pence booed", "performance_score": 0, "site": "msn.com", "participants_count": 325, "title_full": "Trump demands apology from Hamilton cast after Mike Pence booed", "spam_score": 0.665, "site_type": "news", "published": "2016-11-19T02:00:00.000+02:00", "replies_count": 500, "uuid": "95ed3df67c3e63a01df439687800165c8dd1f711"}, "author": "Joanna Walters in New York", "url": "http://www.msn.com/en-us/news/politics/trump-demands-apology-from-hamilton-cast-after-mike-pence-booed/ar-AAku2i4", "ord_in_thread": 0, "title": "Trump demands apology from Hamilton cast after Mike Pence booed", "locations": [], "entities": {"persons": [{"name": "joanna walter", "sentiment": "negative"}, {"name": "mike pence", "sentiment": "negative"}, {"name": "hamilton", "sentiment": "negative"}, {"name": "trump", "sentiment": "negative"}, {"name": "laura abarca", "sentiment": "none"}, {"name": "david k", "sentiment": "none"}, {"name": "v.p. mike pence", "sentiment": "none"}, {"name": "donald trump", "sentiment": "none"}, {"name": "brandon dixon", "sentiment": "none"}, {"name": "gordon ramsay", "sentiment": "none"}, {"name": "mitt romney", "sentiment": "none"}, {"name": "pompeo", "sentiment": "none"}, {"name": "munoz", "sentiment": "none"}, {"name": "miranda", "sentiment": "none"}, {"name": "pope", "sentiment": "none"}, {"name": "ivanka trump", "sentiment": "none"}, {"name": "dixon", "sentiment": "none"}, {"name": "lin-manuel miranda", "sentiment": "none"}, {"name": "alexander hamilton", "sentiment": "none"}, {"name": "aaron burr", "sentiment": "none"}, {"name": "diane hodges", "sentiment": "none"}, {"name": "javier munoz", "sentiment": "none"}, {"name": "phil mattingly", "sentiment": "none"}, {"name": "pence", "sentiment": "none"}, {"name": "twitte", "sentiment": "none"}], "locations": [{"name": "minnesota", "sentiment": "none"}, {"name": "us", "sentiment": "none"}, {"name": "new york click", "sentiment": "none"}, {"name": "tahrir", "sentiment": "none"}, {"name": "texas", "sentiment": "none"}, {"name": "eastern mosul", "sentiment": "none"}, {"name": "paris reuters america", "sentiment": "none"}, {"name": "california", "sentiment": "none"}, {"name": "new york", "sentiment": "none"}, {"name": "hamilton", "sentiment": "none"}, {"name": "u.s.", "sentiment": "none"}, {"name": "dallas", "sentiment": "none"}, {"name": "new jersey", "sentiment": "none"}, {"name": "anti-trump", "sentiment": "none"}, {"name": "broadway", "sentiment": "none"}, {"name": "mosul", "sentiment": "none"}], "organizations": [{"name": "islamic state", "sentiment": "none"}, {"name": "iraqi counter terrorism service", "sentiment": "none"}, {"name": "reuters", "sentiment": "none"}, {"name": "cia", "sentiment": "none"}, {"name": "sofia abarca", "sentiment": "none"}, {"name": "reuters police find", "sentiment": "none"}, {"name": "cnn", "sentiment": "none"}, {"name": "wichita police", "sentiment": "none"}, {"name": "wall street journal", "sentiment": "none"}, {"name": "msnbc", "sentiment": "none"}, {"name": "variety", "sentiment": "none"}, {"name": "richard rogers theater", "sentiment": "none"}, {"name": "trump u. settlement associated press", "sentiment": "none"}, {"name": "cnn islamic state", "sentiment": "none"}, {"name": "washington post", "sentiment": "none"}, {"name": "trump will settle trump univ", "sentiment": "none"}, {"name": "wochit news see", "sentiment": "none"}]}, "highlightText": "", "language": "english", "persons": [], "text": "Trump demands apology from Hamilton cast after Mike Pence booed The Guardian 9 hrs ago Joanna Walters in New York Click to expand Replay Video See Trump, Pence greet Mitt Romney President-elect Donald Trump and Vice President-elect Mike Pence greet Mitt Romney in New Jersey. CNN's Phil Mattingly discusses. CNN Islamic State car bomb hits Mosul, Iraqi army pushes offensive Islamic State militants detonate a car bomb in the Tahrir district of Eastern Mosul as the elite Iraqi Counter Terrorism Service forces attempt to expand their foothold in the city. Diane Hodges reports. Reuters Police Find 1 Week Old Baby After Mother Was Shot to Death On Saturday, police in Dallas said that a week-old newborn girl who went missing after her mother was shot to death, was found alive . Early morning, Wichita Police Chief Gordon Ramsay said that two suspects responsible for the death of 27-year-old Laura Abarca are in custody, after they took the child fled to Texas, where baby Sofia Abarca was found alive and healthy. Wochit News Play Pause Seek i Volume Volume Volume Mute Unmute CC SETTINGS OFF HQ HD HQ SD LO Full Screen Exit Full Screen Play Pause Volume Volume 'Hamilton;' Cast Member Gives Speech To Mike Pence Wochit News See more videos SHARE SHARE TWEET SHARE EMAIL What to watch next See Trump, Pence greet Mitt Romney CNN 1:59 Islamic State car bomb hits Mosul, Iraqi army pushes offensive Reuters 1:04 Police Find 1 Week Old Baby After Mother Was Shot to Death Wochit News 0:44 Anti-Trump protesters march in Paris Reuters America 1:06 Pope warns of 'epidemic of animosity' as he names 17 new cardinals Reuters 1:50 Pence Greeted With Boos, Cheers at 'Hamilton' Musical NBC News 1:38 Can California Actually Secede From The U.S.? Seeker 3:02 Trump Agrees to $25M Trump U. Settlement Associated Press 1:36 The Task of Securing President-Elect Donald Trump The Wall Street Journal. 2:14 The impact of reversing the Affordable Care Act The Washington Post 1:09 No Official White House Roles for Trump's Children The Wall Street Journal. 3:28 How do fake news sites make money? The Washington Post 0:44 Ivanka Trump, husband sit in on Japanese PM meeting MSNBC 5:09 Trump Will Settle Trump Univ. Cases, Not Admit Wrongdoing MSNBC 2:25 Surprise pick, Pompeo tapped for CIA chief Reuters 1:03 Nearly 200 Crashes, 2 Deaths As Snow Rolls Through Minnesota CBS Minnesota 2:56 UP NEXT The US vice-president elect, Mike Pence, was booed by a theater audience when he attended the hit hip-hop musical Hamilton in New York on Friday night – and then had a message about protecting diversity delivered to him from the stage after the curtain call.\nOn Saturday, President-elect Donald Trump accused theatre-goers of having “harassed” Pence, writing on Twitte r: “Our wonderful future V.P. Mike Pence was harassed last night at the theater by the cast of Hamilton, cameras blazing.This should not happen!”\nHe also demanded an apology: “The Theater must always be a safe and special place.The cast of Hamilton was very rude last night to a very good man, Mike Pence. Apologize!”\nOn Friday night, as Pence entered the auditorium for the Broadway show at the Richard Rogers Theater, video taken by onlookers and posted to social media picked up some audience members cheering him, then more people booing him.\nPence walked down the aisle towards his seat and waved briefly as people in the theater clearly began to realize who he was. Then the boos began.\nHere's Pence getting booed as he gets to his seats at Hamilton pic.twitter.com/IRQG68x1sB\n— David K (@dkipke12) November 19, 2016 The show was occasionally disrupted by more loud booing at Pence. Patrons did not lose sight of the irony of a strong conservative, with a record of opposition against gay rights, attending a hip-hop musical with a pointedly diverse cast was not lost on , as noted in an early report by Variety magazine.\nAt first it was thought Pence had left the show at the interval, but it later turned out that he had returned to his seat, possibly after the lights went down, at the beginning of the second act in an attempt to minimize disruption.\nPence ended up watching the whole show but as he was about to leave the theater at the end of the curtain call a member of the cast called him back.\nBrandon Dixon, who plays vice-president Aaron Burr, stepped forward and took out a piece of paper.\nHe thanked the audience for seeing the show, then said: “Vice-president Mike Pence, I see you walking out, but I hope you will hear us, just a few moments.”\nAs some quiet boos emanated from the audience as it began to disperse, Dixon hushed the audience and delivered a message .\n“There is nothing to boo here, ladies and gentlemen, we are sharing a story of love,” he said.\nTonight, VP-Elect Mike Pence attended #HamiltonBway . After the show, @BrandonVDixon delivered the following statement on behalf of the show. pic.twitter.com/Jsg9Q1pMZs\n— Hamilton (@HamiltonMusical) November 19, 2016 He continued: “Mike Pence, we welcome you here. We are the diverse Americans who are alarmed and anxious that your new administration will not protect us, our planet, our children, our parents.”\nMany of the remaining audience began to cheer softly as Dixon, who is African American, pointed towards Pence.\n“Or defend us and uphold our inalienable rights … we hope that this show has inspired you to uphold our American values and work on behalf of all of us,” he continued, to rising cheers.\n“We thank you for sharing this wonderful American story, told by a diverse group of men and women of different colors, creeds and orientations,” he concluded.\nIt was not clear whether Pence heard the whole address or made any response. On Saturday morning, Dixon replied to Trump’s call for an apology: “conversation is not harassment, sir,” he wrote on Twitter. “And I appreciate [Mike Pence] for stopping to listen.”\nThe show was created by Lin-Manuel Miranda, whom it turned into a superstar. He had a long run as the lead playing US founding father Alexander Hamilton.\nMiranda relinquished the part earlier this year to the actor Javier Munoz, his understudy.\nMunoz is openly gay and HIV-positive. He has made a point of speaking out about living with HIV since 2002 and how he hopes to diminish the stigma around HIV and Aids.\nGo to MSN Home", "external_links": ["https://twitter.com/BrandonVDixon/status/799977281875755008", "http://img-s-msn-com.akamaized.net/tenant/amp/entityid/BBkyxle.img", "http://img-s-msn-com.akamaized.net/tenant/amp/entityid/AA9UODq.img", "https://www.linkedin.com/shareArticle?mini=true&url=http%3a%2f%2fa.msn.com%2f01%2fen-us%2fAAkvd3B%3focid%3dsl&title=%27Hamilton%3b%27+Cast+Member+Gives+Speech+To+Mike+Pence&source=http%3a%2f%2fa.msn.com%2f01%2fen-us%2fAAkvd3B%3focid%3dsl", "https://twitter.com/share?url=http%3a%2f%2fa.msn.com%2f01%2fen-us%2fAAkvd3B%3focid%3dst&text=%27Hamilton%3b%27+Cast+Member+Gives+Speech+To+Mike+Pence&original_referer=http%3a%2f%2fa.msn.com%2f01%2fen-us%2fAAkvd3B%3focid%3dst", "http://b.scorecardresearch.com/b?&quot;,&quot;DomainId&quot;:", "https://twitter.com/HamiltonMusical/status/799828567941120000", "https://twitter.com/BrandonVDixon", "http://img-s-msn-com.akamaized.net/tenant/amp/entityid/AA3e1oO.img", "https://t.co/IRQG68x1sB", "http://eus-streaming-video-msn-com.akamaized.net/f7f99477-7cf8-4373-8061-cc1f0a531a37/693d3bc7-316c-4950-a36f-1ce4edaa89d5.ism/manifest(format=m3u8-aapl)&quot;,&quot;width&quot;:&quot;&quot;,&quot;height&quot;:&quot;&quot;}", "https://twitter.com/dkipke12/status/799802254794571777", "https://t.co/Jsg9Q1pMZs", "http://prod-video-cms-amp-microsoft-com.akamaized.net/tenant/amp/entityid/AAkvd3B?blobrefkey=102&$blob=1&quot;,&quot;width&quot;:&quot;640&quot;,&quot;height&quot;:&quot;360&quot;},{&quot;formatCode&quot;:&quot;103&quot;,&quot;url&quot;:&quot;http://prod-video-cms-amp-microsoft-com.akamaized.net/tenant/amp/entityid/AAkvd3B?blobrefkey=103&$blob=1&quot;,&quot;width&quot;:&quot;1024&quot;,&quot;height&quot;:&quot;576&quot;},{&quot;formatCode&quot;:&quot;1004&quot;,&quot;url&quot;:&quot;http://eus-streaming-video-msn-com.akamaized.net/f7f99477-", "https://www.theguardian.com/stage/2016/sep/15/hamilton-lin-manuel-miranda-understudy-broadway-interview", "http://prod-video-cms-amp-microsoft-com.akamaized.net/tenant/amp/entityid/AAkvd3B?blobrefkey=en-us&$blob=1&quot;,&quot;culture&quot;:&quot;en-us&quot;}", "https://twitter.com/realDonaldTrump/status/799972624713420804", "http://variety.com/2016/legit/news/mike-pence-hamilton-booed-boos-1201922601/", "http://api.wochit.com/api/?partnerID=f421a246974545c6e1fb724595053584efa8cc05492e9685c8c2ea4e90f3768d&action=MRSS&topicName=General&descendants=true&quot;}", "https://twitter.com/dkipke12/status/799802254794571777?ref_src=twsrc%5Etfw", "https://twitter.com/hashtag/HamiltonBway?src=hash", "https://twitter.com/realDonaldTrump/status/799974635274194947", "http://www.theguardian.com/", "http://img-s-msn-com.akamaized.net/tenant/amp/entityid/AAkuSjQ.img&quot;}}", "https://web.skype.com/share?url=http%3a%2f%2fa.msn.com%2f01%2fen-us%2fAAkvd3B&lang=en-us&flow_id=919b2f48-62a8-4195-a8b3-d2a90453cc42", "http://prod-video-cms-amp-microsoft-com.akamaized.net/tenant/amp/entityid/AAkvd3B?blobrefkey=1001&$blob=1&quot;,&quot;width&quot;:&quot;&quot;,&quot;height&quot;:&quot;&quot;},{&quot;formatCode&quot;:&quot;104&quot;,&quot;url&quot;:&quot;http://prod-video-cms-amp-microsoft-com.akamaized.net/tenant/amp/entityid/AAkvd3B?blobrefkey=104&$blob=1&quot;,&quot;width&quot;:&quot;1280&quot;,&quot;height&quot;:&quot;720&quot;},{&quot;formatCode&quot;:&quot;101&quot;,&quot;url&quot;:&quot;http://prod-video-cms-amp-microsoft-com.akamaized.net/tenant/amp", "http://img-s-msn-com.akamaized.net/tenant/amp/entityid/BBkyxle.img&quot;,&quot;title&quot;:&quot;&#39;Hamilton;&#39;"], "published": "2016-11-19T02:00:00.000+02:00", "crawled": "2016-11-20T01:49:45.318+02:00", "highlightTitle": ""}