{"organizations": [], "uuid": "d61943437aff1faf2649effc0e48bb427c88d756", "thread": {"social": {"gplus": {"shares": 0}, "pinterest": {"shares": 0}, "vk": {"shares": 0}, "linkedin": {"shares": 0}, "facebook": {"likes": 0, "shares": 0, "comments": 0}, "stumbledupon": {"shares": 0}}, "site_full": "wiki.mozilla.org", "main_image": "", "site_section": "https://wiki.mozilla.org/index.php?title=Special:RecentChanges&feed=atom", "section_title": "MozillaWiki  - Recent changes [en]", "url": "https://wiki.mozilla.org/index.php?title=RapidRelease/Calendar&diff=1155310&oldid=1154669", "country": "US", "domain_rank": 241, "title": "RapidRelease/Calendar", "performance_score": 0, "site": "mozilla.org", "participants_count": 1, "title_full": "RapidRelease/Calendar", "spam_score": 0.0, "site_type": "news", "published": "2016-11-21T08:14:00.000+02:00", "replies_count": 0, "uuid": "d61943437aff1faf2649effc0e48bb427c88d756"}, "author": "Bjherbison", "url": "https://wiki.mozilla.org/index.php?title=RapidRelease/Calendar&diff=1155310&oldid=1154669", "ord_in_thread": 0, "title": "RapidRelease/Calendar", "locations": [], "entities": {"persons": [], "locations": [], "organizations": [{"name": "firefox", "sentiment": "none"}]}, "highlightText": "", "language": "english", "persons": [], "text": "Difference between revisions of \"RapidRelease/Calendar\" From MozillaWiki !quarter ||merge date ||central ||aurora ||beta ||release date ||release || ESR !quarter ||merge date ||central ||aurora ||beta ||release date ||release || ESR |Firefox 53||Firefox 52||Firefox 51 + !merge date||central||aurora||beta !merge date||central||aurora||beta |Firefox 53||Firefox 52||Firefox 51 !2016-09-19 Latest revision as of 17:14, 20 November 2016 \nThis schedule is based on the current RapidRelease plan. Future dates may change if the process changes. Code is not always released to users on the same day as the branch migration. The release to users may be a few days later, to allow for manual testing and sign-off. Calendars \nThis wiki page may not always have the most current information. Please refer to one of the following calendars for up-to-date scheduling:", "external_links": [], "published": "2016-11-21T08:14:00.000+02:00", "crawled": "2016-11-21T03:48:18.217+02:00", "highlightTitle": ""}