{"organizations": [], "uuid": "7852a305f5c9b16d85afbef7d19c7ecf1cce028a", "thread": {"social": {"gplus": {"shares": 0}, "pinterest": {"shares": 0}, "vk": {"shares": 0}, "linkedin": {"shares": 0}, "facebook": {"likes": 0, "shares": 0, "comments": 0}, "stumbledupon": {"shares": 0}}, "site_full": "archive.org", "main_image": "https://archive.org/services/img/HamedPahlanSteres", "site_section": "http://archive.org//services/collection-rss.php", "section_title": "Internet Archive", "url": "https://archive.org/details/HamedPahlanSteres", "country": "US", "domain_rank": 285, "title": "Hamed Pahlan Steres", "performance_score": 0, "site": "archive.org", "participants_count": 0, "title_full": "Hamed Pahlan Steres", "spam_score": 0.0, "site_type": "news", "published": "2016-11-20T23:34:00.000+02:00", "replies_count": 0, "uuid": "7852a305f5c9b16d85afbef7d19c7ecf1cce028a"}, "author": "", "url": "https://archive.org/details/HamedPahlanSteres", "ord_in_thread": 0, "title": "Hamed Pahlan Steres", "locations": [], "entities": {"persons": [], "locations": [], "organizations": []}, "highlightText": "", "language": "english", "persons": [], "text": "Share or Embed this Item EMBED <iframe src=\"https://archive.org/embed/HamedPahlanSteres\" width=\"560\" height=\"384\" frameborder=\"0\" webkitallowfullscreen=\"true\" mozallowfullscreen=\"true\" allowfullscreen></iframe> EMBED (for wordpress.com hosted blogs) [archiveorg HamedPahlanSteres width=560 height=384 frameborder=0 webkitallowfullscreen=true mozallowfullscreen=true]", "external_links": [], "published": "2016-11-20T23:34:00.000+02:00", "crawled": "2016-11-20T18:55:01.451+02:00", "highlightTitle": ""}