{"organizations": [], "uuid": "facdadd2b2e49488c98f9593f4627373291dfe27", "thread": {"social": {"gplus": {"shares": 0}, "pinterest": {"shares": 0}, "vk": {"shares": 0}, "linkedin": {"shares": 0}, "facebook": {"likes": 0, "shares": 0, "comments": 0}, "stumbledupon": {"shares": 0}}, "site_full": "archive.org", "main_image": "", "site_section": "http://archive.org//services/collection-rss.php", "section_title": "Internet Archive", "url": "https://archive.org/details/mbid-a6c12e54-5333-4232-acb4-a925d561294d", "country": "US", "domain_rank": 285, "title": "Mayday: Made In Germany", "performance_score": 0, "site": "archive.org", "participants_count": 0, "title_full": "Mayday: Made In Germany", "spam_score": 0.0, "site_type": "news", "published": "2016-11-20T17:03:00.000+02:00", "replies_count": 0, "uuid": "facdadd2b2e49488c98f9593f4627373291dfe27"}, "author": "", "url": "https://archive.org/details/mbid-a6c12e54-5333-4232-acb4-a925d561294d", "ord_in_thread": 0, "title": "Mayday: Made In Germany", "locations": [], "entities": {"persons": [], "locations": [{"name": "germany", "sentiment": "none"}], "organizations": []}, "highlightText": "", "language": "english", "persons": [], "text": "Share or Embed this Item EMBED <iframe src=\"https://archive.org/embed/mbid-a6c12e54-5333-4232-acb4-a925d561294d\" width=\"560\" height=\"384\" frameborder=\"0\" webkitallowfullscreen=\"true\" mozallowfullscreen=\"true\" allowfullscreen></iframe> EMBED (for wordpress.com hosted blogs) [archiveorg mbid-a6c12e54-5333-4232-acb4-a925d561294d width=560 height=384 frameborder=0 webkitallowfullscreen=true mozallowfullscreen=true]", "external_links": [], "published": "2016-11-20T17:03:00.000+02:00", "crawled": "2016-11-20T12:27:33.045+02:00", "highlightTitle": ""}