{"organizations": [], "uuid": "79d0deae280a65be8597f9bf70faa404be910417", "thread": {"social": {"gplus": {"shares": 0}, "pinterest": {"shares": 0}, "vk": {"shares": 0}, "linkedin": {"shares": 0}, "facebook": {"likes": 0, "shares": 0, "comments": 0}, "stumbledupon": {"shares": 0}}, "site_full": "archive.org", "main_image": "", "site_section": "http://archive.org//services/collection-rss.php", "section_title": "Internet Archive", "url": "https://archive.org/details/apn.ru-20161120-123237", "country": "US", "domain_rank": 285, "title": "Fill item apn.ru-20161120-123237 for apn.ru", "performance_score": 0, "site": "archive.org", "participants_count": 0, "title_full": "Fill item apn.ru-20161120-123237 for apn.ru", "spam_score": 0.0, "site_type": "news", "published": "2016-11-20T19:32:00.000+02:00", "replies_count": 0, "uuid": "79d0deae280a65be8597f9bf70faa404be910417"}, "author": "", "url": "https://archive.org/details/apn.ru-20161120-123237", "ord_in_thread": 0, "title": "Fill item apn.ru-20161120-123237 for apn.ru", "locations": [], "entities": {"persons": [], "locations": [], "organizations": []}, "highlightText": "", "language": "english", "persons": [], "text": "Fill item apn.ru-20161120-123237 for apn.ru Item Preview There Is No Preview Available For This Item \nThis item does not appear to have any files that can be experienced on Archive.org. Please download files in this item to interact with them on your computer.", "external_links": [], "published": "2016-11-20T19:32:00.000+02:00", "crawled": "2016-11-20T15:06:33.188+02:00", "highlightTitle": ""}