{"organizations": [], "uuid": "5b8b2a473fdd591780fbacaaa18fa49eee925549", "thread": {"social": {"gplus": {"shares": 0}, "pinterest": {"shares": 0}, "vk": {"shares": 0}, "linkedin": {"shares": 0}, "facebook": {"likes": 0, "shares": 0, "comments": 0}, "stumbledupon": {"shares": 0}}, "site_full": "archive.org", "main_image": "", "site_section": "http://archive.org//services/collection-rss.php", "section_title": "Internet Archive", "url": "https://archive.org/details/azm101010_gmail_20161120_1406", "country": "US", "domain_rank": 285, "title": "4", "performance_score": 0, "site": "archive.org", "participants_count": 0, "title_full": "4", "spam_score": 0.0, "site_type": "news", "published": "2016-11-20T21:07:00.000+02:00", "replies_count": 0, "uuid": "5b8b2a473fdd591780fbacaaa18fa49eee925549"}, "author": "", "url": "https://archive.org/details/azm101010_gmail_20161120_1406", "ord_in_thread": 0, "title": "4", "locations": [], "entities": {"persons": [], "locations": [], "organizations": []}, "highlightText": "", "language": "english", "persons": [], "text": "Share or Embed this Item EMBED <iframe src=\"https://archive.org/stream/azm101010_gmail_20161120_1406?ui=embed#mode/2up\" width=\"480\" height=\"430\" frameborder=\"0\" webkitallowfullscreen=\"true\" mozallowfullscreen=\"true\" allowfullscreen></iframe> EMBED (for wordpress.com hosted blogs) [archiveorg azm101010_gmail_20161120_1406 width=560 height=384 frameborder=0 webkitallowfullscreen=true mozallowfullscreen=true]", "external_links": [], "published": "2016-11-20T21:07:00.000+02:00", "crawled": "2016-11-20T16:28:01.083+02:00", "highlightTitle": ""}