{"organizations": [], "uuid": "a1f0b9edeb6c4c0c90f0f64838333009a60c2eb6", "thread": {"social": {"gplus": {"shares": 0}, "pinterest": {"shares": 0}, "vk": {"shares": 0}, "linkedin": {"shares": 0}, "facebook": {"likes": 0, "shares": 0, "comments": 0}, "stumbledupon": {"shares": 0}}, "site_full": "news.yahoo.com", "main_image": "https://s.yimg.com/uu/api/res/1.2/v1o.ZlUn.mZL3pfJKWKhuQ--/aD02ODE7dz0xMDI0O3NtPTE7YXBwaWQ9eXRhY2h5b24-/http://media.zenfs.com/en_us/News/afp.com/e7fa0a94de49e33dc52932be5dd9ad5da8c1b3f2.jpg", "site_section": "https://news.yahoo.com/sitemap/stories/2.xml", "section_title": "", "url": "https://news.yahoo.com/spanish-taxi-driver-returns-10-000-euros-left-155010769.html", "country": "US", "domain_rank": 5, "title": "Spanish taxi driver returns 10,000 euros left in cab", "performance_score": 0, "site": "yahoo.com", "participants_count": 1, "title_full": "Spanish taxi driver returns 10,000 euros left in cab", "spam_score": 0.0, "site_type": "news", "published": "2016-11-20T23:50:00.000+02:00", "replies_count": 0, "uuid": "a1f0b9edeb6c4c0c90f0f64838333009a60c2eb6"}, "author": "AFP", "url": "https://news.yahoo.com/spanish-taxi-driver-returns-10-000-euros-left-155010769.html", "ord_in_thread": 0, "title": "Spanish taxi driver returns 10,000 euros left in cab", "locations": [], "entities": {"persons": [{"name": "guadi", "sentiment": "none"}], "locations": [{"name": "madrid", "sentiment": "none"}, {"name": "barcelona", "sentiment": "none"}], "organizations": [{"name": "barcelona", "sentiment": "none"}, {"name": "sagrada familia", "sentiment": "none"}]}, "highlightText": "", "language": "english", "persons": [], "text": "Madrid (AFP) - A Canadian tourist who left a suitcase containing 10,000 euros ($10,500) in cash in a Barcelona taxi has been reunited with his money thanks to an honest cab driver, police said Sunday.\nThe driver dropped off the suitcase on Saturday at a police station in Barcelona's Eixample neighbourhood, home to Guadi's famed Sagrada Familia church, after he realised it had been left behind, a police spokeswoman said.\n\"Police opened the suitcase to try to find information that could identify its owner. Inside they found 10,000 euros in cash, baby clothes and a Canadian passport,\" she added.\nUsing the passport police were able to track down the owner and return the suitcase.\n\"He was really grateful and sent us a thank you note for returning it so quickly,\" the spokeswoman said.", "external_links": [], "published": "2016-11-20T23:50:00.000+02:00", "crawled": "2016-11-21T01:14:54.619+02:00", "highlightTitle": ""}