{"organizations": [], "uuid": "8e1f31f64f26758c5c0d4a4f11a675acd9ab0c9a", "thread": {"social": {"gplus": {"shares": 0}, "pinterest": {"shares": 0}, "vk": {"shares": 0}, "linkedin": {"shares": 0}, "facebook": {"likes": 0, "shares": 0, "comments": 0}, "stumbledupon": {"shares": 0}}, "site_full": "www.yahoo.com", "main_image": "https://s.yimg.com/uu/api/res/1.2/dkEoPfWBgzjwHi5QGi9skw--/aD0zNTA7dz02MjI7c209MTthcHBpZD15dGFjaHlvbg--/http://media.zenfs.com/en-US/homerun/instyle_846/1c65221f55c5ef1ab3255688fe32c18a", "site_section": "https://ca.style.yahoo.com/rss", "section_title": "Fashion and lifestyle News - Yahoo Style Canada", "url": "https://www.yahoo.com/style/britney-spears-tinashe-channel-inner-194500301.html", "country": "US", "domain_rank": 5, "title": "Britney Spears and Tinashe Channel Their Inner VS Angels in Sexy \"Slumber Party\" Music Video", "performance_score": 0, "site": "yahoo.com", "participants_count": 0, "title_full": "Britney Spears and Tinashe Channel Their Inner VS Angels in Sexy \"Slumber Party\" Music Video", "spam_score": 0.0, "site_type": "news", "published": "2016-11-20T02:45:00.000+02:00", "replies_count": 0, "uuid": "8e1f31f64f26758c5c0d4a4f11a675acd9ab0c9a"}, "author": "", "url": "https://www.yahoo.com/style/britney-spears-tinashe-channel-inner-194500301.html", "ord_in_thread": 0, "title": "Britney Spears and Tinashe Channel Their Inner VS Angels in Sexy \"Slumber Party\" Music Video", "locations": [], "entities": {"persons": [{"name": "britney spears", "sentiment": "negative"}, {"name": "britney", "sentiment": "none"}, {"name": "jones", "sentiment": "none"}, {"name": "tinashe", "sentiment": "none"}, {"name": "reblog", "sentiment": "none"}, {"name": "spears", "sentiment": "none"}], "locations": [], "organizations": [{"name": "tinashe channel their inner vs angels", "sentiment": "negative"}]}, "highlightText": "", "language": "english", "persons": [], "text": "Britney Spears and Tinashe Channel Their Inner VS Angels in Sexy \"Slumber Party\" Music Video Isabel Jones Credit: courtesy Britney Spears and Tinashe's slumber parties are a little different from ours ... Like all of Spears's music videos, the pop princess's latest, \"Slumber Party,\" is a stimulating mash-up of provocative costumes, memorable refrains, and fast-pace dance numbers. The video itself is quite the treat. You have not really, truly lived until you watch Britney slow crawl her away across a banquet table to reach the face tattoo-wearing man on the other side--TRUST. However, if you aren't game to have an uber-catchy chorus running through your head all weekend, you might want to skip this one. Here's the CliffNotes version: Britney writhes about seductively between lyrical innuendos, eventually joining forces with a corset-clad Tinashe. On second thought, some of Spears's fashion choices really aren't to be missed. How she managed to make a tutu look sultry, we shall never know. Check out the video above, but fair warning: You will want to stream Crossroads immediately afterward. Reblog", "external_links": [], "published": "2016-11-20T02:45:00.000+02:00", "crawled": "2016-11-20T05:18:51.113+02:00", "highlightTitle": ""}