{"organizations": [], "uuid": "9dc807da973659c886601a833e122d3fc6102f2f", "thread": {"social": {"gplus": {"shares": 0}, "pinterest": {"shares": 0}, "vk": {"shares": 0}, "linkedin": {"shares": 0}, "facebook": {"likes": 5, "shares": 5, "comments": 9}, "stumbledupon": {"shares": 0}}, "site_full": "www.msn.com", "main_image": "", "site_section": "http://www.msn.com/en-us", "section_title": "MSN.com - Hotmail, Outlook, Skype, Bing, Latest News, Photos &amp; Videos", "url": "http://www.msn.com/en-us/sports/ncaafb/reports-strong-has-not-been-fired-yet-by-texas/ar-AAkvDYs", "country": "US", "domain_rank": 13, "title": "Reports: Strong has not been fired yet by Texas", "performance_score": 0, "site": "msn.com", "participants_count": 3, "title_full": "Reports: Strong has not been fired yet by Texas", "spam_score": 0.001, "site_type": "news", "published": "2016-11-20T02:00:00.000+02:00", "replies_count": 2, "uuid": "9dc807da973659c886601a833e122d3fc6102f2f"}, "author": "Ty Duffy", "url": "http://www.msn.com/en-us/sports/ncaafb/reports-strong-has-not-been-fired-yet-by-texas/ar-AAkvDYs", "ord_in_thread": 0, "title": "Reports: Strong has not been fired yet by Texas", "locations": [], "entities": {"persons": [{"name": "erik jones", "sentiment": "none"}, {"name": "charlie strong", "sentiment": "none"}, {"name": "conley", "sentiment": "none"}, {"name": "sam darnold", "sentiment": "none"}, {"name": "kirk bohls", "sentiment": "none"}, {"name": "daniel suarez", "sentiment": "none"}, {"name": "mcelwain", "sentiment": "none"}, {"name": "pat forde", "sentiment": "none"}, {"name": "elliott sadler", "sentiment": "none"}, {"name": "justin allgaier", "sentiment": "none"}, {"name": "bruce feldman", "sentiment": "none"}, {"name": "westbrook", "sentiment": "none"}, {"name": "brett mcmurphy", "sentiment": "none"}, {"name": "suarez", "sentiment": "none"}, {"name": "jim mcelwain", "sentiment": "none"}, {"name": "gundy", "sentiment": "none"}, {"name": "scott", "sentiment": "none"}, {"name": "engram", "sentiment": "none"}, {"name": "edwards", "sentiment": "none"}], "locations": [{"name": "texas", "sentiment": "none"}, {"name": "oklahoma", "sentiment": "none"}, {"name": "kansas", "sentiment": "none"}, {"name": "mich", "sentiment": "none"}, {"name": "nascar florida", "sentiment": "none"}, {"name": "sec east", "sentiment": "none"}, {"name": "xfinity", "sentiment": "none"}, {"name": "dallas", "sentiment": "none"}, {"name": "michigan", "sentiment": "none"}, {"name": "okla", "sentiment": "none"}, {"name": "florida", "sentiment": "none"}, {"name": "baton rouge", "sentiment": "none"}, {"name": "ohio", "sentiment": "none"}], "organizations": [{"name": "ty duffy click", "sentiment": "negative"}, {"name": "ucla", "sentiment": "none"}, {"name": "charlie strong", "sentiment": "none"}, {"name": "nascar", "sentiment": "none"}, {"name": "nfl", "sentiment": "none"}, {"name": "sec", "sentiment": "none"}, {"name": "tcu", "sentiment": "none"}, {"name": "lsu", "sentiment": "none"}, {"name": "gators", "sentiment": "none"}, {"name": "ohio state", "sentiment": "none"}, {"name": "espn", "sentiment": "none"}, {"name": "nba", "sentiment": "none"}, {"name": "usc", "sentiment": "none"}, {"name": "campus insiders 0:23 air force beats san jose state", "sentiment": "none"}, {"name": "cbs sports", "sentiment": "none"}, {"name": "washington db king", "sentiment": "none"}]}, "highlightText": "", "language": "english", "persons": [], "text": "Reports: Strong has not been fired yet by Texas The Big Lead 10 hrs ago Ty Duffy Click to expand Replay Video Saturday's Top 10 Plays See all the best action from Saturday's NBA games on the Top 10. NBA.com Recap: Suarez superb in Xfinity season finale Daniel Suarez wins the 2016 NASCAR XFINITY Series Championship after battling Erik Jones, Justin Allgaier and Elliott Sadler for the title. Suarez became the first Latin American driver to win a NASCAR national series championship. NASCAR Florida's McElwain calls out LSU after win Florida's Jim McElwain called out LSU after the Gators clinched the SEC East with a 16-10 victory. The bad blood between the schools started when their game scheduled for Oct. 8 was postponed due to Hurricane Matthew. The rescheduling process was heated and LSU insisted the game be moved to Baton Rouge. Campus Insiders Play Pause Seek i Volume Volume Volume Mute Unmute CC SETTINGS OFF HQ HD HQ SD LO Full Screen Exit Full Screen Play Pause Volume Volume Is Charlie Strong finished at Texas? OneUp Sports See more videos SHARE SHARE TWEET SHARE EMAIL What to watch next Saturday's Top 10 Plays NBA.com 2:31 Recap: Suarez superb in Xfinity season finale NASCAR 2:06 Florida's McElwain calls out LSU after win Campus Insiders 0:23 Air Force Beats San Jose State Thanks To Incredible Catches In Final :35 Seconds Campus Insiders 0:45 Highlight: Ole Miss TE Engram makes bobbling TD catch Campus Insiders 0:33 Highlight: Oklahoma's Westbrook breaks free for 75-yard TD Campus Insiders 0:28 USC QB Sam Darnold Finds De'Quan Hampton Twice In Rivarly Win Over UCLA Campus Insiders 0:40 Edwards avoids Danica: 'I need a new set of britches' NASCAR 0:41 Highlight: Washington DB King makes 1-handed pick in end zone Campus Insiders 0:29 Highlight: Conley's pick seals Ohio State's win over Michigan State CBS Sports 0:40 Highlight: Okla. State's Gundy accidentally hit by own player Campus Insiders 0:17 Highlight: Florida clinches SEC East with goal-line stand Campus Insiders 0:28 Highlight: Mich. State's Scott scores 64-yard TD vs. Ohio St. CBS Sports 0:51 Who will hoist the championship trophy? NASCAR 0:57 10 top NBA plays you have to see from Friday's action NBA.com 2:29 5 NFL quarterbacks who could be on the move in 2017 CBS Sports 1:58 UP NEXT\nCharlie Strong lost to Kansas. Most expect Texas will let Strong go in the near future. But, despite a preliminary report from a Dallas TV producer , multiple college football reporters have confirmed that Texas has not fired Charlie Strong yet.\nI'm told report of Charlie Strong already being fired is not accurate. Those conversations have not been had at this point, per source.\n- Bruce Feldman (@BruceFeldmanCFB) November 20, 2016\nIt's not true. https://t.co/I29UO5gdUO\n- Kirk Bohls (@kbohls) November 20, 2016\nI am told by multiple sources this report is incorrect. Strong has not been fired. Tomorrow is another day, of course, but not now. https://t.co/0eRT6hQwpD\n- Pat Forde (@YahooForde) November 20, 2016\nAccording to Brett McMurphy, Strong \"is expected to\" coach Texas' final game against TCU next week.\nTexas' loss to Kansas likely sealed Charlie Strong's fate, but he is expected to coach season finale Friday against TCU, per @McMurphyESPN . pic.twitter.com/E74hUjn4mC\n- ESPN CollegeFootball (@ESPNCFB) November 20, 2016\nGo to MSN Home", "external_links": ["http://img-s-msn-com.akamaized.net/tenant/amp/entityid/AA9cD7m.img", "https://www.linkedin.com/shareArticle?mini=true&url=http%3a%2f%2fa.msn.com%2f02%2fen-us%2fAAkw9J3%3focid%3dsl&title=Is+Charlie+Strong+finished+at+Texas%3f&source=http%3a%2f%2fa.msn.com%2f02%2fen-us%2fAAkw9J3%3focid%3dsl", "https://t.co/I29UO5gdUO", "http://prod-video-cms-amp-microsoft-com.akamaized.net/tenant/amp/entityid/AAkw9J3?blobrefkey=1001&$blob=1&quot;,&quot;width&quot;:&quot;&quot;,&quot;height&quot;:&quot;&quot;},{&quot;formatCode&quot;:&quot;104&quot;,&quot;url&quot;:&quot;http://prod-video-cms-amp-microsoft-com.akamaized.net/tenant/amp/entityid/AAkw9J3?blobrefkey=104&$blob=1&quot;,&quot;width&quot;:&quot;1280&quot;,&quot;height&quot;:&quot;720&quot;},{&quot;formatCode&quot;:&quot;101&quot;,&quot;url&quot;:&quot;http://prod-video-cms-amp-microsoft-com.akamaized.net/tenant/amp", "https://t.co/0eRT6hQwpD", "http://img-s-msn-com.akamaized.net/tenant/amp/entityid/BBvhphd.img", "http://vamp.csprt-origin.com/msn-sports-video/raw_rss.xml&quot;}", "http://b.scorecardresearch.com/b?&quot;,&quot;DomainId&quot;:", "http://img-s-msn-com.akamaized.net/tenant/amp/entityid/AAiACVu.img&quot;,&quot;title&quot;:&quot;Is", "https://twitter.com/kbohls/status/800170987547410432", "https://t.co/E74hUjn4mC", "https://twitter.com/SportsPlusShow/status/800165575951400960", "https://twitter.com/YahooForde/status/800170765484072960", "https://twitter.com/ESPNCFB/status/800173717028376576", "http://prod-video-cms-amp-microsoft-com.akamaized.net/tenant/amp/entityid/AAkw9J3?blobrefkey=en-us&$blob=1&quot;,&quot;culture&quot;:&quot;en-us&quot;}", "https://twitter.com/BruceFeldmanCFB/status/800171968674889730", "http://eus-streaming-video-msn-com.akamaized.net/596671c0-6059-4fc4-917b-53165247a64c/765e9ced-8721-42d5-b9d5-ae91745af4f2.ism/manifest(format=m3u8-aapl)&quot;,&quot;width&quot;:&quot;&quot;,&quot;height&quot;:&quot;&quot;}", "http://img-s-msn-com.akamaized.net/tenant/amp/entityid/AAkvOzz.img&quot;}}", "https://web.skype.com/share?url=http%3a%2f%2fa.msn.com%2f02%2fen-us%2fAAkw9J3&lang=en-us&flow_id=5040cbfc-07e4-415d-944a-63e0ef03c03a", "http://img-s-msn-com.akamaized.net/tenant/amp/entityid/BBmBpe8.img", "https://twitter.com/McMurphyESPN", "https://twitter.com/share?url=http%3a%2f%2fa.msn.com%2f02%2fen-us%2fAAkw9J3%3focid%3dst&text=Is+Charlie+Strong+finished+at+Texas%3f&original_referer=http%3a%2f%2fa.msn.com%2f02%2fen-us%2fAAkw9J3%3focid%3dst", "http://prod-video-cms-amp-microsoft-com.akamaized.net/tenant/amp/entityid/AAkw9J3?blobrefkey=102&$blob=1&quot;,&quot;width&quot;:&quot;640&quot;,&quot;height&quot;:&quot;360&quot;},{&quot;formatCode&quot;:&quot;103&quot;,&quot;url&quot;:&quot;http://prod-video-cms-amp-microsoft-com.akamaized.net/tenant/amp/entityid/AAkw9J3?blobrefkey=103&$blob=1&quot;,&quot;width&quot;:&quot;1024&quot;,&quot;height&quot;:&quot;576&quot;},{&quot;formatCode&quot;:&quot;1004&quot;,&quot;url&quot;:&quot;http://eus-streaming-video-msn-com.akamaized.net/596671c0-"], "published": "2016-11-20T02:00:00.000+02:00", "crawled": "2016-11-20T15:25:42.967+02:00", "highlightTitle": ""}