{"organizations": [], "uuid": "c0b5ef776a34f6d7010e18866bc626b7325f8a65", "thread": {"social": {"gplus": {"shares": 0}, "pinterest": {"shares": 0}, "vk": {"shares": 0}, "linkedin": {"shares": 0}, "facebook": {"likes": 0, "shares": 0, "comments": 0}, "stumbledupon": {"shares": 0}}, "site_full": "www.sfgate.com", "main_image": "http://www.sfgate.com/img/pages/article/opengraph_default.png", "site_section": "", "section_title": "", "url": "http://www.sfgate.com/news/article/Today-in-History-10626016.php", "country": "US", "domain_rank": 943, "title": "Today in History - SFGate", "performance_score": 0, "site": "sfgate.com", "participants_count": 0, "title_full": "Today in History - SFGate", "spam_score": 0.167, "site_type": "news", "published": "2016-11-20T04:01:00.000+02:00", "replies_count": 0, "uuid": "c0b5ef776a34f6d7010e18866bc626b7325f8a65"}, "author": "The Associated Press", "url": "http://www.sfgate.com/news/article/Today-in-History-10626016.php", "ord_in_thread": 0, "title": "Today in History - SFGate", "locations": [], "entities": {"persons": [{"name": "joe walsh", "sentiment": "none"}, {"name": "todd nance", "sentiment": "none"}, {"name": "sabrina lloyd", "sentiment": "none"}, {"name": "ashley fink", "sentiment": "none"}, {"name": "laura harris", "sentiment": "none"}, {"name": "robert altman", "sentiment": "none"}, {"name": "nicole", "sentiment": "none"}, {"name": "sean young", "sentiment": "none"}, {"name": "cody linley", "sentiment": "none"}, {"name": "keith michell", "sentiment": "none"}, {"name": "landon donovan", "sentiment": "none"}, {"name": "jared followill", "sentiment": "none"}, {"name": "mike d", "sentiment": "none"}, {"name": "sylvester stallone", "sentiment": "none"}, {"name": "philip mountbatten", "sentiment": "none"}, {"name": "robbie keane", "sentiment": "none"}, {"name": "joe biden", "sentiment": "none"}, {"name": "ronald goldman", "sentiment": "none"}, {"name": "henry viii", "sentiment": "none"}, {"name": "richard masur", "sentiment": "none"}, {"name": "bo derek", "sentiment": "none"}, {"name": "judy woodruff", "sentiment": "none"}, {"name": "joshua gomez", "sentiment": "none"}, {"name": "generalissimo francisco franco", "sentiment": "none"}, {"name": "nadine velazquez", "sentiment": "none"}, {"name": "jonathan pollard", "sentiment": "none"}, {"name": "jeremy jordan", "sentiment": "none"}, {"name": "josh turner", "sentiment": "none"}, {"name": "simpson", "sentiment": "none"}, {"name": "elizabeth", "sentiment": "none"}, {"name": "norman greenbaum", "sentiment": "none"}, {"name": "robert f. kennedy", "sentiment": "none"}, {"name": "andrea riseborough", "sentiment": "none"}, {"name": "kaye ballard", "sentiment": "none"}, {"name": "samuel e. wright", "sentiment": "none"}, {"name": "jill haworth", "sentiment": "none"}, {"name": "nixon", "sentiment": "none"}, {"name": "peregrine white", "sentiment": "none"}, {"name": "dick smothers", "sentiment": "none"}, {"name": "dierks", "sentiment": "none"}, {"name": "o.j. simpson", "sentiment": "none"}, {"name": "callie thorne", "sentiment": "none"}, {"name": "veronica hamel", "sentiment": "none"}, {"name": "sen dog", "sentiment": "none"}, {"name": "dan byrd", "sentiment": "none"}, {"name": "tony stewart", "sentiment": "none"}, {"name": "john bolton", "sentiment": "none"}, {"name": "duke", "sentiment": "none"}, {"name": "michael clifford", "sentiment": "none"}, {"name": "francisco i. madero", "sentiment": "none"}, {"name": "bentley", "sentiment": "none"}, {"name": "joel grey", "sentiment": "none"}, {"name": "ryan howard", "sentiment": "none"}, {"name": "ned vaughn", "sentiment": "none"}, {"name": "dominique dawes", "sentiment": "none"}, {"name": "joel mchale", "sentiment": "none"}, {"name": "marisa ryan", "sentiment": "none"}, {"name": "barbara hendricks", "sentiment": "none"}, {"name": "carl edwards", "sentiment": "none"}, {"name": "jim brown", "sentiment": "none"}, {"name": "jim brickman", "sentiment": "none"}, {"name": "david beckham", "sentiment": "none"}, {"name": "estelle parsons", "sentiment": "none"}, {"name": "mark gastineau", "sentiment": "none"}, {"name": "cypress hill", "sentiment": "none"}, {"name": "sally bowles", "sentiment": "none"}], "locations": [{"name": "mali", "sentiment": "none"}, {"name": "windsor castle", "sentiment": "none"}, {"name": "spain", "sentiment": "none"}, {"name": "england", "sentiment": "none"}, {"name": "europe", "sentiment": "none"}, {"name": "israel", "sentiment": "none"}, {"name": "bay area", "sentiment": "none"}, {"name": "london", "sentiment": "none"}, {"name": "melbourne", "sentiment": "none"}, {"name": "france", "sentiment": "none"}, {"name": "san francisco bay", "sentiment": "none"}, {"name": "massachusetts", "sentiment": "none"}, {"name": "new england", "sentiment": "none"}, {"name": "australia", "sentiment": "none"}, {"name": "britain", "sentiment": "none"}, {"name": "nuremberg", "sentiment": "none"}, {"name": "alcatraz island", "sentiment": "none"}, {"name": "massachusetts bay", "sentiment": "none"}, {"name": "new york", "sentiment": "none"}, {"name": "sfgate", "sentiment": "none"}, {"name": "brookline", "sentiment": "none"}, {"name": "san luis potosi", "sentiment": "none"}, {"name": "new jersey", "sentiment": "none"}, {"name": "germany", "sentiment": "none"}, {"name": "broadway", "sentiment": "none"}, {"name": "edinburgh", "sentiment": "none"}, {"name": "los angeles", "sentiment": "none"}], "organizations": [{"name": "history today", "sentiment": "negative"}, {"name": "news corp.", "sentiment": "none"}, {"name": "paul international airport", "sentiment": "none"}, {"name": "u.n.", "sentiment": "none"}, {"name": "nascar", "sentiment": "none"}, {"name": "nfl", "sentiment": "none"}, {"name": "westminster abbey", "sentiment": "none"}, {"name": "houston dynamo", "sentiment": "none"}, {"name": "los angeles galaxy", "sentiment": "none"}, {"name": "homestead-miami speedway", "sentiment": "none"}, {"name": "international military tribune", "sentiment": "none"}, {"name": "microsoft", "sentiment": "none"}, {"name": "us airways", "sentiment": "none"}, {"name": "philadelphia phillies", "sentiment": "none"}, {"name": "u.s. navy", "sentiment": "none"}, {"name": "national league", "sentiment": "none"}, {"name": "united nations", "sentiment": "none"}, {"name": "goldman", "sentiment": "none"}]}, "highlightText": "", "language": "english", "persons": [], "text": "Updated 9:04 pm, Saturday, November 19, 2016 Today in History Today is Sunday, Nov. 20, the 325th day of 2016. There are 41 days left in the year. Today's Highlight in History: On Nov. 20, 1789, New Jersey became the first state to ratify the Bill of Rights. On this date: In 1620, Peregrine White was born aboard the Mayflower in Massachusetts Bay; he was the first child born of English parents in present-day New England. In 1910, the Mexican Revolution of 1910 had its beginnings under the Plan of San Luis Potosi issued by Francisco I. Madero . In 1925, Robert F. Kennedy was born in Brookline, Massachusetts. In 1945, 22 former Nazi officials went on trial before an international war crimes tribunal in Nuremberg, Germany. (Almost a year later, the International Military Tribune sentenced 12 of the defendants to death; seven received prison sentences ranging from 10 years to life; three were acquitted.) In 1947, Britain's future queen, Princess Elizabeth , married Philip Mountbatten , Duke of Edinburgh , at Westminster Abbey. In 1959, the United Nations issued its Declaration of the Rights of the Child. In 1966, the musical play \"Cabaret,\" set in pre-Nazi Germany, opened on Broadway with Jill Haworth as Sally Bowles and Joel Grey as the Master of Ceremonies. In 1969, the Nixon administration announced a halt to residential use of the pesticide DDT as part of a total phaseout. A group of American Indian activists began a 19-month occupation of Alcatraz Island in San Francisco Bay. In 1975, after nearly four decades of absolute rule, Spain's Generalissimo Francisco Franco died, two weeks before his 83rd birthday. In 1976, the boxing drama \"Rocky,\" a United Artists release starring Sylvester Stallone as a journeyman fighter who's given the chance to face the heavyweight champion, premiered in New York. In 1985, the first version of Microsoft's Windows operating system, Windows 1.0, was officially released. In 1992, fire seriously damaged Windsor Castle. Ten years ago: After a firestorm of criticism, News Corp. said it had canceled the O.J. Simpson book and TV special \"If I Did It,\" in which Simpson was to speak hypothetically about how he would have committed the 1994 slayings of his ex-wife Nicole and her friend, Ronald Goldman . (A federal bankruptcy judge later awarded the rights to Simpson's book to Goldman's family, who had it published under the title, \"If I Did It: Confessions of the Killer.\") Six imams were removed from a US Airways flight at Minneapolis-St. Paul International Airport after passengers reported they were acting suspiciously. (The imams, charging discrimination, later settled with the airline.) Ryan Howard of the Philadelphia Phillies was voted the National League 's MVP. Movie director Robert Altman died in Los Angeles at age 81. Five years ago: Spain's opposition conservatives were swept into power as voters dumped the Socialists — the third time in as many weeks Europe's debt crisis had claimed a government. Tony Stewart held off Carl Edwards to win his third NASCAR championship in the season finale at Homestead-Miami Speedway. Landon Donovan scored in the 72nd minute on passes from Robbie Keane and David Beckham , and the Los Angeles Galaxy's three superstars won their first MLS Cup together with a 1-0 victory over the Houston Dynamo . The Americans won the Presidents Cup as a team, 19-15, in Melbourne, Australia. One year ago: Islamic extremists shot up a luxury hotel in Mali's capital that was frequented by diplomats and businessmen, killing 20 people in an attack blamed on Islamic extremists. A week after the deadliest attacks on France in decades, shell-shocked Parisians honored the 130 victims with candles and songs. Jonathan Pollard , a former U.S. Navy intelligence analyst, was released from prison after 30 years behind bars for spying for Israel. Actor Keith Michell , remembered for his portrayals of England's King Henry VIII , died in London at age 88. Today's Birthdays: Actress-comedian Kaye Ballard is 91. Actress Estelle Parsons is 89. Comedian Dick Smothers is 78. Singer Norman Greenbaum is 74. Vice President Joe Biden is 74. Actress Veronica Hamel is 73. Broadcast journalist Judy Woodruff is 70. Actor Samuel E. Wright is 70. Singer Joe Walsh is 69. Actor Richard Masur is 68. Opera singer Barbara Hendricks is 68. Former U.N. Ambassador John Bolton is 68. Actress Bo Derek is 60. Former NFL player Mark Gastineau is 60. Reggae musician Jim Brown (UB40) is 59. Actress Sean Young is 57. Pianist Jim Brickman is 55. Rock musician Todd Nance ( Widespread Panic ) is 54. Actress Ming-Na is 53. Actor Ned Vaughn is 52. Rapper Mike D (The Beastie Boys ) is 51. Rapper Sen Dog (Cypress Hill) is 51. Actress Callie Thorne is 47. Actress Sabrina Lloyd is 46. Actor Joel McHale is 45. Actress Marisa Ryan is 42. Country singer Dierks (duhkrs) Bentley is 41. Actor Joshua Gomez is 41. Actress Laura Harris is 40. Olympic gold medal gymnast Dominique Dawes is 40. Country singer Josh Turner is 39. Actress Nadine Velazquez is 38. Actress Andrea Riseborough is 35. Actor Jeremy Jordan is 32. Actor Dan Byrd is 31. Actress Ashley Fink is 30. Rock musician Jared Followill (Kings of Leon) is 30. Actor Cody Linley is 27. Pop musician Michael Clifford (5 Seconds to Summer) is 21. Thought for Today: \"There are people in every time and every land who want to stop history in its tracks. They fear the future, mistrust the present, and invoke the security of a comfortable past which, in fact, never existed.\" — Robert F. Kennedy (1925-1968). Latest from the SFGATE homepage: Click below for the top news from around the Bay Area and beyond. Sign up for our newsletters to be the first to learn about breaking news and more. Go to 'Sign In' and 'Manage Profile' at the top of the page. WEEKEND WEATHER ", "external_links": [], "published": "2016-11-20T04:01:00.000+02:00", "crawled": "2016-11-20T10:09:33.602+02:00", "highlightTitle": ""}