{"organizations": [], "uuid": "e4b4af49a90b7dd979f0f5508afdfef453f108a9", "thread": {"social": {"gplus": {"shares": 0}, "pinterest": {"shares": 0}, "vk": {"shares": 0}, "linkedin": {"shares": 0}, "facebook": {"likes": 0, "shares": 0, "comments": 0}, "stumbledupon": {"shares": 0}}, "site_full": "www.investing.com", "main_image": "http://glocdn.investing.com/news/world_news_2_69x52._800x533_L_1419494365.jpg", "site_section": "", "section_title": "", "url": "http://www.investing.com/news/world-news/malawi-faces-calls-to-review-two-year-jail-term-for-hiv-positive-'hyena'-man-443404", "country": "US", "domain_rank": 699, "title": "Malawi faces calls to review two-year jail term for HIV-positive 'hyena' man By Reuters", "performance_score": 0, "site": "investing.com", "participants_count": 0, "title_full": "Malawi faces calls to review two-year jail term for HIV-positive 'hyena' man By Reuters", "spam_score": 0.191, "site_type": "news", "published": "2016-11-24T07:00:00.000+02:00", "replies_count": 0, "uuid": "e4b4af49a90b7dd979f0f5508afdfef453f108a9"}, "author": "", "url": "http://www.investing.com/news/world-news/malawi-faces-calls-to-review-two-year-jail-term-for-hiv-positive-'hyena'-man-443404", "ord_in_thread": 0, "title": "Malawi faces calls to review two-year jail term for HIV-positive 'hyena' man By Reuters", "locations": [], "entities": {"persons": [{"name": "peter mutharika", "sentiment": "none"}, {"name": "lameck masina", "sentiment": "none"}, {"name": "zoe tabary", "sentiment": "none"}, {"name": "eric aniva", "sentiment": "none"}, {"name": "aniva", "sentiment": "none"}, {"name": "anber raz", "sentiment": "none"}, {"name": "emma kaliya", "sentiment": "none"}], "locations": [{"name": "malawi", "sentiment": "none"}, {"name": "aniva", "sentiment": "none"}, {"name": "london", "sentiment": "none"}], "organizations": [{"name": "reuters malawi", "sentiment": "neutral"}, {"name": "malawi human rights resource centre", "sentiment": "none"}, {"name": "thomson reuters foundation", "sentiment": "none"}, {"name": "bbc", "sentiment": "none"}, {"name": "aniva", "sentiment": "none"}]}, "highlightText": "", "language": "english", "persons": [], "text": "Malawi faces calls to review two-year jail term for HIV-positive 'hyena' man World 19 minutes ago (Nov 23, 2016 07:30PM ET) This article has already been saved in your Saved Items Malawi faces calls to review two-year jail term for HIV-positive 'hyena' man \nBy Zoe Tabary \nLONDON (Thomson Reuters Foundation) - An HIV-positive Malawian man has been jailed for two years with hard labor after claiming families paid him to have sex with more than 100 women and girls, sparking outrage among women's rights activists who want the sentence reviewed. \nEric Aniva admitted to British broadcaster the BBC in July that he had not disclosed his HIV status before he had sex with more than 100 young girls and women. \nIn Malawi, men known as \"hyenas\" are sent by village elders to have sex with girls as young as nine to \"clean out the dust\" of childhood and prepare them for marriage and also with new widows to rid them of their husband's spirit. \nThe sexual initiation ritual is one of several traditional practices that campaigners against child marriage are trying to eradicate in the southern African nation where half of girls are wed before they reach 18. \nIn 2015, Malawi raised the legal marrying age from 15 to 18 which activists hoped would end early sexual initiations. \nWomen's rights groups expressed outrage over Aniva's sentence, calling it too lenient and saying it would not deter would-be offenders. \n\"This is a disgrace and a big letdown to the women and girls of Malawi,\" said Emma Kaliya, executive director of the Malawi Human Rights Resource Centre, in a statement. \n\"The courts of justice must revoke and reconsider this sentence.\" \nAniva was arrested in July after Malawi's President Peter Mutharika condemned him for committing \"evil acts\". \nHis case was the first to be tried under Malawi's Gender Equality Act for having sex with new widows. \nCULTURE VS LAW \nTraditional cleansing rituals are intended to rid a widow of her husband's spirit. In some communities widows are forced to have sex with a stranger, in others they have to clean their husband's corpse and then drink the water. \nWidow inheritance, cleansing rites and the eviction of women from their homes are fuelling the transmission of HIV across the continent, experts say. \nAnber Raz, deputy director of Donor Direct Action, an international women's rights organization, said at least Aniva was held accountable but added two years of hard labor seemed minimal compared to the violence he inflicted on women. \n\"Women around the world continue to endure extreme violence while perpetrators either get minimal sentences or evade justice completely. Governments seem very reluctant to deal with this issue effectively,\" she told the Thomson Reuters Foundation. \nFamilies from Aniva's home district, however, were disappointed that he had been jailed, according to journalist Lameck Masina who was in court when the sentence was pronounced. \n\"The people from (Aniva's) district are saying that it is a violation of their culture and vowed to continue with the practice even though it is in conflict with the law,\" he said. Malawi faces calls to review two-year jail term for HIV-positive 'hyena' man ", "external_links": [], "published": "2016-11-24T07:00:00.000+02:00", "crawled": "2016-11-24T02:50:21.715+02:00", "highlightTitle": ""}