{"organizations": [], "uuid": "04f96bca96e59d1d2a5058b0685dc1e6ee8cb1d5", "thread": {"social": {"gplus": {"shares": 0}, "pinterest": {"shares": 0}, "vk": {"shares": 0}, "linkedin": {"shares": 0}, "facebook": {"likes": 0, "shares": 0, "comments": 0}, "stumbledupon": {"shares": 0}}, "site_full": "www.usatoday.com", "main_image": "http://www.gannett-cdn.com/-mm-/87e3c3a5577270e91c5dba6ea7ffc6fe0cc09ae4/c=0-197-5044-3047&amp;r=x1683&amp;c=3200x1680/local/-/media/2016/11/19/Cincinnati/Cincinnati/636151356330244696-Sam.JPG", "site_section": "http://www.usatoday.com/tech/", "section_title": "Technology and Electronics Reviews - USATODAY.com", "url": "http://www.usatoday.com/story/tech/nation-now/2016/11/20/sam-app-helps-counselors-parents-detect-language-teen-suicide/94172032/", "country": "US", "domain_rank": 313, "title": "SAM app helps counselors, parents detect language of teen suicide", "performance_score": 0, "site": "usatoday.com", "participants_count": 1, "title_full": "SAM app helps counselors, parents detect language of teen suicide", "spam_score": 0.0, "site_type": "news", "published": "2016-11-21T01:20:00.000+02:00", "replies_count": 0, "uuid": "04f96bca96e59d1d2a5058b0685dc1e6ee8cb1d5"}, "author": "Chris Graves", "url": "http://www.usatoday.com/story/tech/nation-now/2016/11/20/sam-app-helps-counselors-parents-detect-language-teen-suicide/94172032/", "ord_in_thread": 0, "title": "SAM app helps counselors, parents detect language of teen suicide", "locations": [], "entities": {"persons": [{"name": "john pestian", "sentiment": "negative"}, {"name": "pestian", "sentiment": "none"}, {"name": "ben crotte", "sentiment": "none"}, {"name": "liz dufour", "sentiment": "none"}, {"name": "crotte", "sentiment": "none"}], "locations": [{"name": "cincinnati chil", "sentiment": "none"}, {"name": "cincinnati children’s hospital medical center", "sentiment": "none"}, {"name": "pestian", "sentiment": "none"}, {"name": "cincinnati", "sentiment": "none"}, {"name": "cincinnati children's hospital medical center", "sentiment": "none"}], "organizations": [{"name": "hospital medical center", "sentiment": "none"}, {"name": "biomedical informatics", "sentiment": "none"}, {"name": "cincinnati children's", "sentiment": "none"}, {"name": "children's hospital", "sentiment": "none"}, {"name": "university of cincinnati", "sentiment": "none"}, {"name": "school for creative and performing arts", "sentiment": "none"}, {"name": "american association of suicidology", "sentiment": "none"}]}, "highlightText": "", "language": "english", "persons": [], "text": "Dr. John Pestian, professor of pediatrics, psychiatry, and biomedical informatics at Cincinnati Children's Hospital Medical Center within the University of Cincinnati, and his team have created an app that examines language of suicidal teens. They call it SAM (Spreading Activation Mobile). (Photo: Photo courtesy Children's Hospital)\nAny parent of a teen knows all too well the ups and downs of those tumultuous years.\nAt best, parents feel utterly infuriated. At worst, completely helpless and shaken to the core — especially if kids harm, or threaten to kill, themselves.\nParents are conditioned to look and listen for cries for help. Turns out they may miss a lot.\nSuicide still remains the third leading cause of death of kids age 10 to 14, and is second among people aged 15 to 34 years old. Every 14 minutes someone commits suicide.\n'Amazing, really amazing'\nEnter John Pestian and his team of researchers with big brains and even bigger hearts.\nPestian , a professor in the divisions of Biomedical Informatics and psychiatry at Cincinnati Children’s Hospital Medical Center , has spent nearly a decade immersed in the language of suicide in an effort to try to keep kids alive.\nWhat he has found is there are indicators in spoken language that can help school counselors and medical professionals identify when kids are at risk for suicide or when they may be suffering from a mental illness but are not at risk for suicide.\nDr. John Pestian is a professor of pediatrics, psychiatry, and biomedical informatics at Cincinnati Children's Hospital Medical Center within the University of Cincinnati. (Photo: The Enquirer/ Liz Dufour)\nEssentially, there is science behind the words we use, in additional to non-verbal clues like pauses, tone and pitch, that are what Pestian calls \"thought markers,\" according to his most recent published work earlier this month by the official journal of the American Association of Suicidology.\nUsing that information, technology wizards built algorithms to power an app being studied in eight Cincinnati-area schools this year. The app, which looks incredibly simple, is called SAM and stands for Spreading Activation Mobile. SAM records a teen's conversation during counseling sessions. It uses Pestian's technology to measure the words the teens use to determine if the language is similar to someone who is at risk for suicide. The app also detects when a teen's language is just the speech of a typical teen: It might be full of angst, but it's not akin to suicidal speech.\n\"It's amazing, it's really amazing,\" Pestian says.\nHis work has been repeatedly called groundbreaking.\nMachine can't replace humans\nIn the recently published study, conducted from October 2013 to March 2015 in three different emergency departments, suicidal subjects were found to laugh less and sigh more. They also expressed more anger and exhibited less hope than those who were deemed to suffer from mental illness or were neither.\nThe study showed that the computer technology, known as machine learning, is up to 93 percent accurate in correctly classifying a suicidal person and 85 percent accurate in identifying a person who is suicidal, has a mental illness but is not suicidal, or neither.\nAn ongoing experimental phase of his research includes video recording the conversations to study facial movements to see if there are further clues embedded in the face. Early research seems to indicate, for example, that non-suicidal teens showed more teeth in a 90-minute conversation than suicidal teens. And suicidal teens gazed down six times during a 90-minute interview, while their non-suicidal counterparts looked down just twice, he said.\n\"These are things you just don't pick up in conversation,'' he says.\nPestian is quick to point out, however, that artificial intelligence can only go so far. It is not — and never will be, nor should be — a replacement for clinicians, therapists or others who work with teens.\n\"The technology is not going to stop the suicide, the technology can only say: \"We have an issue over here,'' says Pestian, whose work has won patents and has been published around the world. \"Then we have to intervene and get a path to get to care.\n\"If it's just a machine it is useless,'' he says.\nSuicide every 14 minutes\nPestian first started his work by studying language written in notes of 1,319 people shortly before they committed suicide . Then they moved onto interviewing 379 teenage patients at three hospitals, including Cincinnati Children's. Some of the teenage patients were in the emergency rooms because they were exhibiting suicidal thoughts or tendencies, while others went there for other conditions.\nHe still shakes his head at how prevalent suicide is among teens.\nBased on a 2013 Centers for Disease Control report:\n— 17 percent of high-school age kids seriously considered attempting suicide in the previous 12 months;\n— 13.6 percent had made a plan about how they would attempt suicide and 8 percent of students attempted suicide one or more times.\n— Suicide results in an estimated $51 billion in combined medical and work loss costs.\n\"The purpose of SAM is to find the kids earlier, because suicide is an avoidable death; it's preventable death. If we just get them early and if we know what to look for; if the parents know what to do,\" Pestian says. \"It's miserable on the family. It hurts just to call.\"\nBen Crotte, a behavioral health therapist the Children's Home of Cincinnati and lead therapist at the School for Creative and Performing Arts , sees great promise in Pestian's work. He tested SAM last year and is using it again this year with his clients, all of whom have been previously diagnosed with mental illness, as part of the ongoing research.\n\"It's extremely easy to use. It's super simple,'' Crotte says, adding that all of his clients know he is using it and they are involved in the study. \"It's really a minimal thing we are incorporating into our work.\"\nIf you or someone you know needs help:\nNational Suicide Prevention Lifeline , 800-273-8255", "external_links": ["http://www.suicidology.org/", "http://www.gannett-cdn.com/-mm-/4d186fa1a69342f2e8657da90ed4c145b1f255e1/c=213-0-4703-3376&r=x404&c=534x401/local/-/media/2016/11/19/Cincinnati/Cincinnati/636151356330244696-Sam.JPG", "http://www.gannett-cdn.com/-mm-/a9504bd23c6952d902dfb3cc189a32ea2456a151/r=500x334/local/-/media/2016/11/19/Cincinnati/Cincinnati/636151356330244696-Sam.JPG", "http://www.thechildrenshomecinti.org/", "https://www.cincinnatichildrens.org/", "http://onlinelibrary.wiley.com/doi/10.1111/sltb.12312/full", "https://www.cincinnatichildrens.org/research/divisions/b/bmi/labs/pestian", "http://scpa.cps-k12.org/", "https://www.cincinnatichildrens.org/bio/p/john-pestian", "http://www.gannett-cdn.com/media/2016/11/19/Cincinnati/Cincinnati/636151356330244696-Sam.JPG", "http://cin.ci/2g8Rf4K", "http://suicidepreventionlifeline.org/", "http://www.gannett-cdn.com/-mm-/ea75a637cfaaacc154080f5d513278f197c74602/c=1010-0-3831-3761&r=183&c=0-0-180-240/local/-/media/2016/11/19/Cincinnati/Cincinnati/636151353991789706-Pestian1.jpg"], "published": "2016-11-21T01:20:00.000+02:00", "crawled": "2016-11-21T00:27:26.431+02:00", "highlightTitle": ""}