{"organizations": [], "uuid": "182abaf4ea16bca256d36baa650048dd41b59abc", "thread": {"social": {"gplus": {"shares": 0}, "pinterest": {"shares": 0}, "vk": {"shares": 0}, "linkedin": {"shares": 0}, "facebook": {"likes": 0, "shares": 0, "comments": 0}, "stumbledupon": {"shares": 0}}, "site_full": "www.ndtv.com", "main_image": "http://i.ndtvimg.com/i/2016-09/farm-farmer-ploughs-field_650x400_41473588336.jpg", "site_section": "http://feeds.feedburner.com/NDTV-LatestNews", "section_title": "NDTV News  -  Special", "url": "http://www.ndtv.com/tamil-nadu-news/farmers-loans-of-rs-124-45-crore-waived-off-in-tamil-nadu-velumani-1627925", "country": "US", "domain_rank": 306, "title": "Farmers' Loans Of Rs 124.45 Crore Waived Off In Tamil Nadu: Velumani", "performance_score": 0, "site": "ndtv.com", "participants_count": 0, "title_full": "Farmers' Loans Of Rs 124.45 Crore Waived Off In Tamil Nadu: Velumani", "spam_score": 0.0, "site_type": "news", "published": "2016-11-21T00:32:00.000+02:00", "replies_count": 0, "uuid": "182abaf4ea16bca256d36baa650048dd41b59abc"}, "author": "", "url": "http://www.ndtv.com/tamil-nadu-news/farmers-loans-of-rs-124-45-crore-waived-off-in-tamil-nadu-velumani-1627925", "ord_in_thread": 0, "title": "Farmers' Loans Of Rs 124.45 Crore Waived Off In Tamil Nadu: Velumani", "locations": [], "entities": {"persons": [{"name": "velumani", "sentiment": "none"}], "locations": [{"name": "tamil nadu", "sentiment": "none"}, {"name": "coimbatore", "sentiment": "none"}], "organizations": [{"name": "velumani tamil nadu | press trust of india", "sentiment": "negative"}]}, "highlightText": "", "language": "english", "persons": [], "text": "Tamil Nadu | Press Trust of India | Updated: November 20, 2016 23:02 IST EMAIL PRINT COMMENTS A total of 23,414 small and medium farmers were benefited from the loan waivers in Tamil Nadu. Coimbatore: Tamil Nadu government has waived off farmers' loans amounting to Rs 124.45 crore after it returned to power in May, Municipal Administration Minister S P Velumani said in Coimbatore today.By the waiver of loans from cooperative banks, a total of 23,414 small and medium farmers were benefited, Velumani said in his address at the 63rd Cooperative Week celebrations here.The Minister distributed welfare schemes and loans worth Rs 3.28 crore to 72 beneficiaries, including physically- disabled, self-help groups, and also marriage assistance. Trending", "external_links": [], "published": "2016-11-21T00:32:00.000+02:00", "crawled": "2016-11-20T19:47:43.304+02:00", "highlightTitle": ""}