{"organizations": [], "uuid": "e13f0b2d625702025acae419c1318a75912ba544", "thread": {"social": {"gplus": {"shares": 0}, "pinterest": {"shares": 0}, "vk": {"shares": 0}, "linkedin": {"shares": 0}, "facebook": {"likes": 0, "shares": 0, "comments": 0}, "stumbledupon": {"shares": 0}}, "site_full": "www.npr.org", "main_image": "https://media.npr.org/include/images/facebook-default-wide.jpg?s=1400", "site_section": "http://www.npr.org/rss/rss.php?id=1091", "section_title": "Around the Nation : NPR", "url": "http://www.npr.org/2016/11/20/502797698/african-brings-a-different-perspective-on-race-as-college-student-body-president", "country": "US", "domain_rank": 495, "title": "African Brings A Different Perspective On Race As College Student Body President", "performance_score": 0, "site": "npr.org", "participants_count": 1, "title_full": "African Brings A Different Perspective On Race As College Student Body President : NPR", "spam_score": 0.0, "site_type": "news", "published": "2016-11-21T00:09:00.000+02:00", "replies_count": 0, "uuid": "e13f0b2d625702025acae419c1318a75912ba544"}, "author": "npr.org", "url": "http://www.npr.org/2016/11/20/502797698/african-brings-a-different-perspective-on-race-as-college-student-body-president", "ord_in_thread": 0, "title": "African Brings A Different Perspective On Race As College Student Body President", "locations": [], "entities": {"persons": [], "locations": [{"name": "nairobi", "sentiment": "none"}, {"name": "chapel hill", "sentiment": "none"}, {"name": "kenya", "sentiment": "none"}, {"name": "north carolina", "sentiment": "none"}], "organizations": [{"name": "the universi", "sentiment": "neutral"}]}, "highlightText": "", "language": "english", "persons": [], "text": "A young man from Nairobi has become the first African elected student body president at The University of North Carolina at Chapel Hill. He talks about the change from growing up in Kenya.", "external_links": [], "published": "2016-11-21T00:09:00.000+02:00", "crawled": "2016-11-21T00:13:30.771+02:00", "highlightTitle": ""}