{"organizations": [], "uuid": "76acf112c70b0b04ceb0ad7469708f83667b9535", "thread": {"social": {"gplus": {"shares": 0}, "pinterest": {"shares": 0}, "vk": {"shares": 0}, "linkedin": {"shares": 0}, "facebook": {"likes": 0, "shares": 0, "comments": 0}, "stumbledupon": {"shares": 0}}, "site_full": "archive.org", "main_image": "", "site_section": "http://archive.org//services/collection-rss.php", "section_title": "Internet Archive", "url": "https://archive.org/details/perma_cc_6393-FCGM", "country": "US", "domain_rank": 285, "title": "6393-FCGM: Calibre Press |Developing Smarter, Safer, More ...", "performance_score": 0, "site": "archive.org", "participants_count": 0, "title_full": "6393-FCGM: Calibre Press |Developing Smarter, Safer, More ...", "spam_score": 0.0, "site_type": "news", "published": "2016-11-20T06:02:00.000+02:00", "replies_count": 0, "uuid": "76acf112c70b0b04ceb0ad7469708f83667b9535"}, "author": "", "url": "https://archive.org/details/perma_cc_6393-FCGM", "ord_in_thread": 0, "title": "6393-FCGM: Calibre Press |Developing Smarter, Safer, More ...", "locations": [], "entities": {"persons": [], "locations": [], "organizations": [{"name": "calibre press", "sentiment": "negative"}]}, "highlightText": "", "language": "english", "persons": [], "text": "6393-FCGM: Calibre Press |Developing Smarter, Safer, More ... Item Preview There Is No Preview Available For This Item \nThis item does not appear to have any files that can be experienced on Archive.org. Please download files in this item to interact with them on your computer.", "external_links": [], "published": "2016-11-20T06:02:00.000+02:00", "crawled": "2016-11-20T01:28:02.762+02:00", "highlightTitle": ""}