{"organizations": [], "uuid": "dde23c0c2813446683648028995d74c08adfc1e0", "thread": {"social": {"gplus": {"shares": 0}, "pinterest": {"shares": 0}, "vk": {"shares": 0}, "linkedin": {"shares": 0}, "facebook": {"likes": 12, "shares": 12, "comments": 0}, "stumbledupon": {"shares": 0}}, "site_full": "indianexpress.com", "main_image": "http://images.indianexpress.com/2016/11/sonia-indira-480.jpg?w=480", "site_section": "http://indianexpress.com/section/india/feed/", "section_title": "India – The Indian Express", "url": "http://indianexpress.com/article/india/india-news-india/pranab-mukherjee-quotes-indira-gandhi-on-birth-centenary-oppsitions-duty-to-oppose-expose-depose-4385028/", "country": "US", "domain_rank": 598, "title": "Pranab Mukherjee quotes Indira Gandhi on birth centenary: ‘Oppsition’s duty to oppose, expose, depose’", "performance_score": 0, "site": "indianexpress.com", "participants_count": 0, "title_full": "Pranab Mukherjee quotes Indira Gandhi on birth centenary: ‘Oppsition’s duty to oppose, expose, depose’", "spam_score": 0.0, "site_type": "news", "published": "2016-11-20T03:31:00.000+02:00", "replies_count": 0, "uuid": "dde23c0c2813446683648028995d74c08adfc1e0"}, "author": "", "url": "http://indianexpress.com/article/india/india-news-india/pranab-mukherjee-quotes-indira-gandhi-on-birth-centenary-oppsitions-duty-to-oppose-expose-depose-4385028/", "ord_in_thread": 0, "title": "Pranab Mukherjee quotes Indira Gandhi on birth centenary: ‘Oppsition’s duty to oppose, expose, depose’", "locations": [], "entities": {"persons": [{"name": "pranab mukherjee", "sentiment": "negative"}, {"name": "indira gandhi", "sentiment": "negative"}, {"name": "sonia gandhi", "sentiment": "none"}, {"name": "mukherjee", "sentiment": "none"}, {"name": "indiraji", "sentiment": "none"}, {"name": "indira", "sentiment": "none"}, {"name": "manmohan singh", "sentiment": "none"}, {"name": "sanjeeva reddy", "sentiment": "none"}, {"name": "renuka puri", "sentiment": "none"}, {"name": "rahul gandhi", "sentiment": "none"}], "locations": [{"name": "new delhi", "sentiment": "none"}, {"name": "indira gandhi", "sentiment": "none"}, {"name": "india", "sentiment": "none"}], "organizations": [{"name": "pranab mukherjee", "sentiment": "negative"}, {"name": "constitutional office of the president", "sentiment": "none"}, {"name": "congress party", "sentiment": "none"}, {"name": "congress", "sentiment": "none"}, {"name": "express news service", "sentiment": "none"}]}, "highlightText": "", "language": "english", "persons": [], "text": "Pranab Mukherjee quotes Indira Gandhi on birth centenary: ‘Oppsition’s duty to oppose, expose, depose’ Pranab Mukherjee quotes Indira Gandhi on birth centenary: ‘Oppsition’s duty to oppose, expose, depose’ Mukherjee did not dwell at length on Emergency, but pointed out that Indira did not pass the buck and accepted full responsibility for the defeat in 1977. By: Express News Service | New Delhi | Published:November 20, 2016 2:01 am Congress president Sonia Gandhi and senior party leaders at the Indira Gandhi centennial lecture by President Pranab Mukherjee, in New Delhi on Saturday. (Express Photo by Renuka Puri) \nDelivering a lecture on Indira Gandhi at a function organised by Congress to mark the beginning of the former PM’s birth centenary year, President Pranab Mukherjee on Saturday seemed to be sending a message or two to the grand old party. He said Indira Gandhi will always remain in the “heart of the people of India” and continue to be the “ideal” with whom all future PMs will be compared. \nMukherjee did not dwell at length on Emergency, but pointed out that Indira did not pass the buck and accepted full responsibility for the defeat in 1977. \nOn the dais were Congress president Sonia Gandhi , vice-president Rahul Gandhi and former PM Manmohan Singh — and in the audience the entire Congress leadership. \nMukherjee said Congress leaders had then argued that people had punished the party for the Emergency and had wanted it to offer constructive cooperation to the ruling party. \n“Indiraji, however, believed that the electoral defeat does not change the role of the opposition. It is the opposition’s duty to oppose, expose and, if possible, depose,” he said. Mukherjee said Indira was of the view that if Congress remained “apologetic for what has happened in the past”, it would not be able to inspire the people and party workers and highlight sufferings of Dalits and minorities because of “policies” of the then government. “And history has proved who was correct,” he added. \nSpeaking on the back-to-back Presidential elections in 1967 and 1969 — Indira was pitted against her own party in the latter — he wondered whether N Sanjeeva Reddy’s nomination in 1969 by her own party was an attempt to curtail powers of the PM. \n“…Why did Sanjeeva Reddy, a relatively young man, only four years older than Indiraji, who had been Chief Minister twice, president of the Congress party and minister in the Union government decide to opt for the Presidential office, with hardly any executive powers? Was Sanjeeva Reddy’s nomination an effort to curtail the powers of the Prime Minister? Did Indiraji’s rivals want to use the Constitutional Office of the President to provoke a confrontation between the President and the Prime Minister?” \n“Perhaps Indiraji opposed Sanjeeva Reddy’s candidature because she saw through this game… Indiraji felt strongly that in a parliamentary democracy like that of India the role of Prime Minister should be paramount,” he said. \nMother, mentor, friend’ \nCongress president Sonia Gandhi called Indira Gandhi her “mother, mentor and friend” from whom she imbibed her earliest political lessons. “Her sacrifice in preserving a united, diverse, egalitarian India will be remembered. All the more so at a time when, in the quest for shortcuts to greatness, we find leaders willing to undermine the very foundations of our national character,” she said. Best of Express", "external_links": [], "published": "2016-11-20T03:31:00.000+02:00", "crawled": "2016-11-20T02:49:44.265+02:00", "highlightTitle": ""}