{"organizations": [], "uuid": "56a1f93b567c1fcd2b44fdc6a1c254dc6cb81dfc", "thread": {"social": {"gplus": {"shares": 0}, "pinterest": {"shares": 0}, "vk": {"shares": 0}, "linkedin": {"shares": 0}, "facebook": {"likes": 0, "shares": 0, "comments": 0}, "stumbledupon": {"shares": 0}}, "site_full": "archive.org", "main_image": "https://archive.org/services/img/almadni737_gmail_6_201611", "site_section": "http://archive.org/services/collection-rss.php", "section_title": "Internet Archive", "url": "https://archive.org/details/almadni737_gmail_6_201611", "country": "US", "domain_rank": 285, "title": "6", "performance_score": 0, "site": "archive.org", "participants_count": 0, "title_full": "6", "spam_score": 0.0, "site_type": "news", "published": "2016-11-20T12:26:00.000+02:00", "replies_count": 0, "uuid": "56a1f93b567c1fcd2b44fdc6a1c254dc6cb81dfc"}, "author": "", "url": "https://archive.org/details/almadni737_gmail_6_201611", "ord_in_thread": 0, "title": "6", "locations": [], "entities": {"persons": [], "locations": [], "organizations": []}, "highlightText": "", "language": "english", "persons": [], "text": "Share or Embed this Item EMBED <iframe src=\"https://archive.org/embed/almadni737_gmail_6_201611\" width=\"560\" height=\"384\" frameborder=\"0\" webkitallowfullscreen=\"true\" mozallowfullscreen=\"true\" allowfullscreen></iframe> EMBED (for wordpress.com hosted blogs) [archiveorg almadni737_gmail_6_201611 width=560 height=384 frameborder=0 webkitallowfullscreen=true mozallowfullscreen=true]", "external_links": [], "published": "2016-11-20T12:26:00.000+02:00", "crawled": "2016-11-20T07:43:11.436+02:00", "highlightTitle": ""}