{"organizations": [], "uuid": "b2870558e2c81a27f0fbe011e0de5596a1398ddc", "thread": {"social": {"gplus": {"shares": 0}, "pinterest": {"shares": 0}, "vk": {"shares": 0}, "linkedin": {"shares": 0}, "facebook": {"likes": 0, "shares": 0, "comments": 0}, "stumbledupon": {"shares": 0}}, "site_full": "uk.finance.yahoo.com", "main_image": "https://s1.yimg.com/bt/api/res/1.2/M7vS95b2fvSzHFeFStPk0A--/YXBwaWQ9eW5ld3NfbGVnbztxPTc1O3c9NjAw/http://l.yimg.com/os/mit/media/m/social/images/social_default_logo-1481777.png", "site_section": "https://uk.finance.yahoo.com/news/provider-reuters/?format=rss", "section_title": "Finance News | Reuters - Yahoo! UK & Ireland Finance", "url": "https://uk.finance.yahoo.com/news/hammond-announce-1-3-billion-000623568.html", "country": "US", "domain_rank": 5, "title": "Hammond to announce 1.3 billion pound road boost in budget", "performance_score": 0, "site": "yahoo.com", "participants_count": 1, "title_full": "Hammond to announce 1.3 billion pound road boost in budget - Yahoo Finance UK", "spam_score": 0.0, "site_type": "news", "published": "2016-11-20T02:00:00.000+02:00", "replies_count": 0, "uuid": "b2870558e2c81a27f0fbe011e0de5596a1398ddc"}, "author": "Reuters", "url": "https://uk.finance.yahoo.com/news/hammond-announce-1-3-billion-000623568.html", "ord_in_thread": 0, "title": "Hammond to announce 1.3 billion pound road boost in budget", "locations": [], "entities": {"persons": [{"name": "phillip hammond", "sentiment": "negative"}, {"name": "hammond", "sentiment": "negative"}, {"name": "theresa may", "sentiment": "none"}, {"name": "kevin liffey", "sentiment": "none"}, {"name": "george osborne", "sentiment": "none"}, {"name": "william schomberg", "sentiment": "none"}, {"name": "elisabeth o'leary", "sentiment": "none"}], "locations": [{"name": "edinburgh", "sentiment": "none"}, {"name": "britain", "sentiment": "none"}, {"name": "uk", "sentiment": "none"}, {"name": "eu", "sentiment": "none"}], "organizations": [{"name": "reuters", "sentiment": "negative"}, {"name": "european union", "sentiment": "none"}, {"name": "confederation of british industry", "sentiment": "none"}, {"name": "treasury", "sentiment": "none"}, {"name": "transport ministry", "sentiment": "none"}, {"name": "eu", "sentiment": "none"}]}, "highlightText": "", "language": "english", "persons": [], "text": "EDINBURGH (Reuters) - Chancellor Phillip Hammond will this week announce 1.3 billion pounds in new spending on roads as part of his plans to bolster the economy as Britain prepares to leave the European Union, the Treasury said on Sunday.\nHammond's first budget statement as chancellor of the exchequer on Wednesday will also commit to whittling down Britain's large budget deficit, but he will also carve out some flexibility to allow him to spend more and offset any sharp slowdown in the economy.\nBritain's economy is so far faring better than expected after the vote to leave the EU, but growth is set to slow next year, limiting his options.\nMeasures to boost infrastructure and improve Britain's weak productivity growth will be at the heart of the chancellor's plan, the Treasury said, as Hammond aims to give some long-term support to the economy as Britain exits the EU. \nLast month, the Confederation of British Industry urged a boost in public investment to 2 percent of economic output, or an increase of around 6 billion pounds a year.\nThe Treasury said it had identified quick-turnaround infrastructure projects and upgrades to existing networks that would help to relieve road congestion, easing the commute for millions and boosting productivity. \nA spokeswoman for the Treasury said the money could be available as soon as the Transport Ministry wanted it.\nHammond will also announce on Wednesday details of support to families that are struggling to get by, the Treasury said, echoing a pledge by Prime Minister Theresa May to address the financial frustrations of many voters who chose to leave the EU.\nThe statement said Hammond's approach on the budget would be different to that of his predecessor George Osborne by limiting announcements to top-level spending decisions \"rather than announcing full details of individual projects\".\nIt said the Autumn Statement would provide \"a stable economic platform as the UK leaves the EU, tackling the long-term challenges facing the country, while helping to build an economy that works for everyone\".\nAn industrial strategy will be announced in the coming weeks, the Treasury added. \n\n(Reporting by Elisabeth O'Leary; Editing by William Schomberg and Kevin Liffey)", "external_links": [], "published": "2016-11-20T02:00:00.000+02:00", "crawled": "2016-11-20T04:53:43.562+02:00", "highlightTitle": ""}