{"organizations": [], "uuid": "498f3e4fd3217ff651a3c1bc4e7ae1a3502d05e5", "thread": {"social": {"gplus": {"shares": 0}, "pinterest": {"shares": 0}, "vk": {"shares": 0}, "linkedin": {"shares": 0}, "facebook": {"likes": 0, "shares": 0, "comments": 0}, "stumbledupon": {"shares": 0}}, "site_full": "in.reuters.com", "main_image": "http://s4.reutersmedia.net/resources_v2/images/rcom-default.png", "site_section": "http://feeds.reuters.com/reuters/INgolf", "section_title": "Reuters: Golf News", "url": "http://in.reuters.com/article/golf-australia-playoff-idINL4N1DL059", "country": "US", "domain_rank": 408, "title": "Golf-Spieth in three-way playoff for Australian Open title", "performance_score": 0, "site": "reuters.com", "participants_count": 0, "title_full": "Golf-Spieth in three-way playoff for Australian Open title", "spam_score": 0.0, "site_type": "news", "published": "2016-11-20T12:33:00.000+02:00", "replies_count": 0, "uuid": "498f3e4fd3217ff651a3c1bc4e7ae1a3502d05e5"}, "author": "", "url": "http://in.reuters.com/article/golf-australia-playoff-idINL4N1DL059", "ord_in_thread": 0, "title": "Golf-Spieth in three-way playoff for Australian Open title", "locations": [], "entities": {"persons": [{"name": "golf-spieth", "sentiment": "negative"}, {"name": "bernd wiesberger", "sentiment": "none"}, {"name": "ashley hall", "sentiment": "none"}, {"name": "lee westwood", "sentiment": "none"}, {"name": "smith", "sentiment": "none"}, {"name": "cameron smith", "sentiment": "none"}, {"name": "peter rutherford", "sentiment": "none"}, {"name": "matthew fitzpatrick", "sentiment": "none"}, {"name": "soren kjel golf-stenson", "sentiment": "none"}, {"name": "henrik stenson", "sentiment": "none"}, {"name": "victor dubuisson", "sentiment": "none"}, {"name": "nicolas colsaerts", "sentiment": "none"}, {"name": "hall", "sentiment": "none"}, {"name": "francesco molinari", "sentiment": "none"}, {"name": "jordan spieth", "sentiment": "none"}, {"name": "tyrrell hatton", "sentiment": "none"}, {"name": "rafael cabrera-bello", "sentiment": "none"}], "locations": [{"name": "sydney", "sentiment": "none"}, {"name": "britain", "sentiment": "none"}, {"name": "france", "sentiment": "none"}, {"name": "spain", "sentiment": "none"}, {"name": "belgium", "sentiment": "none"}, {"name": "dubai", "sentiment": "none"}, {"name": "austria", "sentiment": "none"}, {"name": "dubai", "sentiment": "none"}, {"name": "royal sydney", "sentiment": "none"}, {"name": "italy", "sentiment": "none"}], "organizations": [{"name": "gracenote", "sentiment": "none"}]}, "highlightText": "", "language": "english", "persons": [], "text": "  11:03am IST Golf-Spieth in three-way playoff for Australian Open title \nSYDNEY Nov 20 World number five Jordan Spieth will take on locals Ashley Hall and Cameron Smith in a playoff for the Australian Open title after all three finished on 12-under-par at Royal Sydney on Sunday. \nThe 23-year-old American, winner of the Stonehaven Cup in 2014, sank a six-foot par putt at the 18th for a three-under 69 to join clubhouse leaders Hall and Smith, who both shot 66s. \nThe trio will replay the par-four 18th hole until a winner is determined. (Editing by Peter Rutherford) Next In Golf News Golf-  ( Golf-European Tour World Tour Championship scores \nNov 19 (Gracenote) - Scores from the European Tour World Tour Championship at the par-72 course on Saturday in Dubai -13 Victor Dubuisson (France) 70 69 64 -12 Nicolas Colsaerts (Belgium) 67 71 66 Matthew Fitzpatrick (Britain) 69 69 66 Tyrrell Hatton (Britain) 71 66 67 -11 Francesco Molinari (Italy) 68 67 70 Lee Westwood (Britain) 66 70 69 Rafael Cabrera-Bello (Spain) 71 71 63 -9 Bernd Wiesberger (Austria) 70 67 70 Soren Kjel Golf-Stenson finally clicks in Dubai as money-list title moves closer \nDUBAI, Nov 19 Henrik Stenson has one hand on the European Order of Merit title after a string of birdies on the back nine of his third round at the DP World Tour Championship on Saturday lifted the Swede up the leaderboard as his money-list rivals failed to make headway. MORE FROM REUTERS From Around the Web Promoted by Taboola Trending Stories", "external_links": [], "published": "2016-11-20T12:33:00.000+02:00", "crawled": "2016-11-20T07:58:02.061+02:00", "highlightTitle": ""}