{"organizations": [], "uuid": "b2a56a3b3351b1936fdfee339685b0c266dbc9da", "thread": {"social": {"gplus": {"shares": 0}, "pinterest": {"shares": 0}, "vk": {"shares": 0}, "linkedin": {"shares": 0}, "facebook": {"likes": 214, "shares": 214, "comments": 0}, "stumbledupon": {"shares": 0}}, "site_full": "newsinfo.inquirer.net", "main_image": "http://newsinfo.inquirer.net/files/2016/11/2016_1119_0920_B1.jpg", "site_section": "", "section_title": "", "url": "http://newsinfo.inquirer.net/845879/magnitude-4-1-earthquake-jolts-cagayan", "country": "US", "domain_rank": 813, "title": "Magnitude 4.1 earthquake jolts Cagayan | INQUIRER.net", "performance_score": 2, "site": "inquirer.net", "participants_count": 0, "title_full": "Magnitude 4.1 earthquake jolts Cagayan | INQUIRER.net", "spam_score": 0.751, "site_type": "news", "published": "2016-11-20T07:00:00.000+02:00", "replies_count": 0, "uuid": "b2a56a3b3351b1936fdfee339685b0c266dbc9da"}, "author": "Nestor Corrales", "url": "http://newsinfo.inquirer.net/845879/magnitude-4-1-earthquake-jolts-cagayan", "ord_in_thread": 0, "title": "Magnitude 4.1 earthquake jolts Cagayan | INQUIRER.net", "locations": [], "entities": {"persons": [{"name": "cag", "sentiment": "negative"}], "locations": [{"name": "cagayan", "sentiment": "none"}, {"name": "calayan", "sentiment": "none"}, {"name": "pasuquin", "sentiment": "none"}], "organizations": [{"name": "phivolcs", "sentiment": "none"}, {"name": "ilocos norte", "sentiment": "none"}, {"name": "philippine institute of volcanology and seismology", "sentiment": "none"}]}, "highlightText": "", "language": "english", "persons": [], "text": "INQUIRER.net / 06:43 PM November 19, 2016 DOST-PHIVOLCS IMAGE \nA magnitude 4.1 earthquake jolted Cagayan on Saturday afternoon, state seismologists said. \nThe Philippine Institute of Volcanology and Seismology said the epicenter of the quake, which struck at 5:25 p.m, was located 37 kilometers west of Calayan. \nPhivolcs also said the tectonic quake had a depth of 38 km. ADVERTISEMENT \nIntensity II was felt in Calayan, Cagayan, while Intensity I was felt in Pasuquin, Ilocos Norte. \nNo immediate damages were reported and no aftershocks were expected. ", "external_links": [], "published": "2016-11-20T07:00:00.000+02:00", "crawled": "2016-11-19T14:17:19.576+02:00", "highlightTitle": ""}