{"organizations": [], "uuid": "1c5228ef7a98f357572b701c0542a1049d371b56", "thread": {"social": {"gplus": {"shares": 0}, "pinterest": {"shares": 0}, "vk": {"shares": 0}, "linkedin": {"shares": 0}, "facebook": {"likes": 0, "shares": 0, "comments": 0}, "stumbledupon": {"shares": 0}}, "site_full": "www.sfgate.com", "main_image": "http://www.sfgate.com/img/pages/article/opengraph_default.png", "site_section": "", "section_title": "", "url": "http://www.sfgate.com/lottery/article/Winning-numbers-drawn-in-Cash-5-game-10625933.php", "country": "US", "domain_rank": 943, "title": "Winning numbers drawn in 'Cash 5' game - SFGate", "performance_score": 0, "site": "sfgate.com", "participants_count": 0, "title_full": "Winning numbers drawn in 'Cash 5' game - SFGate", "spam_score": 0.662, "site_type": "news", "published": "2016-11-20T03:03:00.000+02:00", "replies_count": 0, "uuid": "1c5228ef7a98f357572b701c0542a1049d371b56"}, "author": "The Associated Press", "url": "http://www.sfgate.com/lottery/article/Winning-numbers-drawn-in-Cash-5-game-10625933.php", "ord_in_thread": 0, "title": "Winning numbers drawn in 'Cash 5' game - SFGate", "locations": [], "entities": {"persons": [], "locations": [{"name": "sfgate", "sentiment": "none"}, {"name": "rocky hill", "sentiment": "none"}, {"name": "conn.", "sentiment": "none"}, {"name": "bay area", "sentiment": "none"}], "organizations": [{"name": "associated press", "sentiment": "negative"}, {"name": "connecticut lottery", "sentiment": "none"}, {"name": "ap", "sentiment": "none"}]}, "highlightText": "", "language": "english", "persons": [], "text": "Winning numbers drawn in 'Cash 5' game The Associated Press Published 8:06 pm, Saturday, November 19, 2016 ROCKY HILL, Conn. (AP) _ The winning numbers in Saturday evening's drawing of the Connecticut Lottery 's \"Cash 5\" game were: 01-05-07-13-16 (one, five, seven, thirteen, sixteen) Latest from the SFGATE homepage: Click below for the top news from around the Bay Area and beyond. Sign up for our newsletters to be the first to learn about breaking news and more. Go to 'Sign In' and 'Manage Profile' at the top of the page. WEEKEND WEATHER ", "external_links": [], "published": "2016-11-20T03:03:00.000+02:00", "crawled": "2016-11-20T10:09:49.944+02:00", "highlightTitle": ""}