{"organizations": [], "uuid": "3517a90e3904255a2989a0c3e1096f64f5cf0484", "thread": {"social": {"gplus": {"shares": 0}, "pinterest": {"shares": 0}, "vk": {"shares": 0}, "linkedin": {"shares": 0}, "facebook": {"likes": 0, "shares": 0, "comments": 0}, "stumbledupon": {"shares": 0}}, "site_full": "www.chron.com", "main_image": "http://www.chron.com/img/pages/article/opengraph_default.jpg", "site_section": "", "section_title": "", "url": "http://www.chron.com/sports/article/McNeese-St-beats-Lamar-has-12th-straight-10625875.php", "country": "US", "domain_rank": 773, "title": "McNeese St. beats Lamar, has 12th straight winning season - Houston Chronicle", "performance_score": 0, "site": "chron.com", "participants_count": 0, "title_full": "McNeese St. beats Lamar, has 12th straight winning season - Houston Chronicle", "spam_score": 0.033, "site_type": "news", "published": "2016-11-20T04:28:00.000+02:00", "replies_count": 0, "uuid": "3517a90e3904255a2989a0c3e1096f64f5cf0484"}, "author": "", "url": "http://www.chron.com/sports/article/McNeese-St-beats-Lamar-has-12th-straight-10625875.php", "ord_in_thread": 0, "title": "McNeese St. beats Lamar, has 12th straight winning season - Houston Chronicle", "locations": [], "entities": {"persons": [{"name": "lamar", "sentiment": "negative"}, {"name": "blake prejean", "sentiment": "none"}, {"name": "adam morse", "sentiment": "none"}, {"name": "tabary", "sentiment": "none"}, {"name": "james tabary", "sentiment": "none"}, {"name": "jermaine antoine", "sentiment": "none"}, {"name": "morse", "sentiment": "none"}], "locations": [{"name": "lake charles", "sentiment": "none"}, {"name": "la.", "sentiment": "none"}], "organizations": [{"name": "houston chronicle mcneese st.", "sentiment": "negative"}, {"name": "mcneese st.", "sentiment": "negative"}, {"name": "southland conference", "sentiment": "none"}, {"name": "cardinals", "sentiment": "none"}, {"name": "mcneese state", "sentiment": "none"}, {"name": "cowboys", "sentiment": "none"}, {"name": "ap", "sentiment": "none"}]}, "highlightText": "", "language": "english", "persons": [], "text": "McNeese St. beats Lamar, has 12th straight winning season Published 9:30 pm, Saturday, November 19, 2016 LAKE CHARLES, La. (AP) — James Tabary threw for 235 yards and one score and ran for another touchdown as McNeese State closed out the season with a 41-10 victory over Lamar on Saturday night to secure the Cowboys 12th straight winning season. Tabary, who already owns the school single-season records for most completions and pass attempts, finished just 33 yards short of the single-season record for passing yards. He totaled 3,036 for the year. Blake Prejean set the mark (3,068) in 1997. McNeese State (6-5, 5-4 Southland Conference) won this game last year 20-14 to complete the regular season undefeated. The Cowboys, leading 28-3 at the break, quickly got another score when Jermaine Antoine intercepted Adam Morse and returned it 65 yards for a touchdown early in the third quarter. Four McNeese State players scored rushing touchdowns. Lamar (3-8, 3-6) was held to just 34 rushing yards. Morse led the Cardinals with 182 yards passing. ", "external_links": [], "published": "2016-11-20T04:28:00.000+02:00", "crawled": "2016-11-20T10:33:35.714+02:00", "highlightTitle": ""}