{"organizations": [], "uuid": "60d1fc6982ef5ae9085aac6f7c3355bca224a045", "thread": {"social": {"gplus": {"shares": 0}, "pinterest": {"shares": 0}, "vk": {"shares": 0}, "linkedin": {"shares": 0}, "facebook": {"likes": 0, "shares": 0, "comments": 0}, "stumbledupon": {"shares": 0}}, "site_full": "www.rediff.com", "main_image": "http://im.rediff.com/news/2016/nov/09trumppence.jpg", "site_section": "http://www.rediff.com/rss/newshead.xml", "section_title": "rediff News", "url": "http://www.rediff.com/news/report/broadway-musical-cast-delivers-message-to-us-vp-elect/20161120.htm", "country": "US", "domain_rank": 320, "title": "Broadway musical cast delivers message to US VP-elect", "performance_score": 0, "site": "rediff.com", "participants_count": 0, "title_full": "Broadway musical cast delivers message to US VP-elect", "spam_score": 0.0, "site_type": "news", "published": "2016-11-20T10:27:00.000+02:00", "replies_count": 0, "uuid": "60d1fc6982ef5ae9085aac6f7c3355bca224a045"}, "author": "", "url": "http://www.rediff.com/news/report/broadway-musical-cast-delivers-message-to-us-vp-elect/20161120.htm", "ord_in_thread": 0, "title": "Broadway musical cast delivers message to US VP-elect", "locations": [], "entities": {"persons": [{"name": "hamilton", "sentiment": "none"}, {"name": "brandon victor dixon", "sentiment": "none"}, {"name": "aaron burr", "sentiment": "none"}, {"name": "trump", "sentiment": "none"}, {"name": "donald trump", "sentiment": "none"}, {"name": "mike pence", "sentiment": "none"}, {"name": "dixon", "sentiment": "none"}, {"name": "pence", "sentiment": "none"}, {"name": "donald j trump", "sentiment": "none"}], "locations": [{"name": "us", "sentiment": "none"}, {"name": "america", "sentiment": "none"}, {"name": "hamilton", "sentiment": "none"}], "organizations": []}, "highlightText": "", "language": "english", "persons": [], "text": "Rediff.com » News » Broadway musical cast delivers message to US VP-elect Broadway musical cast delivers message to US VP-elect November 20, 2016 08:27 IST \nDonald Trump, the US President-elect, was unhappy with the cast’s ‘harassment’ of Mike Pence and demanded an apology. \n“ H amilton,” the hit Broadway musical about colonial rebels shaping the future of an unformed country, took an even more political turn at the end of its performance on Friday night. \nWith US Vice President-elect Mike Pence attending the show, the cast used the opportunity to make a statement emphasising the need for the new administration of President-elect Donald J Trump, a Republican, to work on behalf of all Americans. \n“We, sir, we are the diverse America who are alarmed and anxious that your new administration will not protect us, our planet, our children, our parents or defend us and uphold our inalienable rights, sir,” Brandon Victor Dixon, who plays Aaron Burr, said on stage after the show. “But we truly hope that this show has inspired you to uphold our American values and to work on behalf of all of us. All of us.” \nPence was booed when he took his seat at the theatre. “There’s nothing to boo here, ladies and gentlemen. There’s nothing to boo here. We’re all here sharing a story of love,” Dixon said when he began to deliver the cast’s message at the end of the show. “Vice President-elect Pence, we welcome you and we truly thank you for joining us here at Hamilton: An American Musical .” \nHowever, it seems that this did not go down well with the US President-elect. \nTrump demanded that the cast of Hamilton apologise to Pence after they directly addressed him at the end of the show with a statement about their fears. \nThe US president-elect, who took to Twitter on Saturday morning to complain, claimed the cast had ‘harassed’ Pence. \n“Our wonderful future VP Mike Pence was harassed last night at the theater by the cast of Hamilton, cameras blazing,” Trump wrote. “This should not happen!” \n“The theatre must always be a safe and special place. The cast of Hamilton was very rude last night to a very good man, Mike Pence. Apologize!” \nDixon was quick to defend the cast, directly replying to Trump’s tweets. \n“Conversation is not harassment sir,” Dixon wrote. “And I appreciate Mike Pence for stopping to listen.” AGENCIES", "external_links": [], "published": "2016-11-20T10:27:00.000+02:00", "crawled": "2016-11-20T07:05:58.017+02:00", "highlightTitle": ""}