{"organizations": [], "uuid": "53c379eb6d58b2d2f44d929e4aa6a55473a2c3ea", "thread": {"social": {"gplus": {"shares": 1}, "pinterest": {"shares": 0}, "vk": {"shares": 0}, "linkedin": {"shares": 2}, "facebook": {"likes": 3, "shares": 3, "comments": 0}, "stumbledupon": {"shares": 0}}, "site_full": "www.theguardian.com", "main_image": "https://i.guim.co.uk/img/media/1c5608de82e12daaeab44a116697e847f4f3d4ab/170_198_2134_1281/master/2134.jpg?w=1200&amp;h=630&amp;q=55&amp;auto=format&amp;usm=12&amp;fit=crop&amp;bm=normal&amp;ba=bottom%2Cleft&amp;blend64=aHR0cHM6Ly91cGxvYWRzLmd1aW0uY28udWsvMjAxNi8wNS8yNS9vdmVybGF5LWxvZ28tMTIwMC05MF9vcHQucG5n&amp;s=87588c18c08362b086917a1a9339469a", "site_section": "http://feeds.theguardian.com/theguardian/uk-news/rss", "section_title": "UK news | The Guardian", "url": "https://www.theguardian.com/business/2016/nov/20/business-rates-hike-of-2bn-may-put-pressure-on-retailers-to-raise-prices", "country": "US", "domain_rank": 170, "title": "Business rates hike of £2bn may put pressure on retailers to raise prices | Business | The Guardian", "performance_score": 0, "site": "theguardian.com", "participants_count": 1, "title_full": "Business rates hike of £2bn may put pressure on retailers to raise prices | Business | The Guardian", "spam_score": 0.0, "site_type": "news", "published": "2016-11-21T01:03:00.000+02:00", "replies_count": 0, "uuid": "53c379eb6d58b2d2f44d929e4aa6a55473a2c3ea"}, "author": "Graham Ruddick", "url": "https://www.theguardian.com/business/2016/nov/20/business-rates-hike-of-2bn-may-put-pressure-on-retailers-to-raise-prices", "ord_in_thread": 0, "title": "Business rates hike of £2bn may put pressure on retailers to raise prices | Business | The Guardian", "locations": [], "entities": {"persons": [{"name": "britai", "sentiment": "negative"}, {"name": "martin mctague", "sentiment": "none"}, {"name": "paul turner-mitchell", "sentiment": "none"}, {"name": "philip hammond", "sentiment": "none"}, {"name": "mark rigby", "sentiment": "none"}, {"name": "mark carney", "sentiment": "none"}, {"name": "brexit", "sentiment": "none"}, {"name": "dave lewis", "sentiment": "none"}], "locations": [{"name": "britain", "sentiment": "none"}, {"name": "england", "sentiment": "none"}], "organizations": [{"name": "federation of small businesses", "sentiment": "none"}, {"name": "valuation office agency", "sentiment": "none"}, {"name": "european union", "sentiment": "none"}, {"name": "treasury", "sentiment": "none"}, {"name": "cvs", "sentiment": "none"}, {"name": "bank of england", "sentiment": "none"}, {"name": "amazon", "sentiment": "none"}, {"name": "tesco", "sentiment": "none"}]}, "highlightText": "", "language": "english", "persons": [], "text": "Fears of shop prices increasing for consumers has been heightened by a £2.3bn tax hike facing Britain’s retailers, which are already struggling with the economic uncertainty and volatile currency movements caused by Brexit.\nNew research shows that amount retailers pay in business rates – a tax on their shops and warehouses – will surge by hundreds of millions a year from next April. Their tax bill will increase by £465.8 m a year on average for the next five years, leading to rise in payments of more than £2.3bn over the five years.\nThe tax increased highlights the pressure on retailers in the run-up to the autumn statement on Wednesday and has led to calls for Philip Hammond, the chancellor, to step in. As well as the rise in business rates, retailers are tackling a slump in sterling – which has made importing goods more expensive – and the national living wage, which means every employee over the age of 25 must be paid at least £7.20 per hour. Dave Lewis, the boss of Tesco, has warned that retailers face a “potentially lethal cocktail” as costs rise while profits across the sector decline.\nThe price of some household goods such as Marmite has increased in some shops since Britain’s vote to leave the European Union and Mark Carney, the governor of the Bank of England, has warned that retailers will eventually pass on the rise in their costs to consumers. \nBusiness rates have become controversial in the retail industry and have been blamed for the malaise on Britain’s high street. The tax is based on the value of commercial property and the annual rate of inflation, but retailers claim it takes no account of financial performance and they are overly burdened by the levy because they rely so heavily on property. Most high street retailers pay more in business rates than they do in corporation tax and claim it hands an unfair advantage to online-only retailers such as Amazon because they control far less property.\nThe tax brought in £27.8bn for the Treasury last year, making it the sixth biggest source of income.\nThe new increase facing retailers is due to a revaluation of Britain’s property. The country’s commercial property is supposed to be revalued by the Valuation Office Agency every five years, but the government controversially delayed the last revaluation by two years , claiming it would create uncertainty among businesses. This will accentuatethe changesthat will come into force from April.\nAn analysis by Paul Turner-Mitchell, a business rates expert, and property agent CVS, has found that the business rates for 485,435 retail premises in England, which account for more than a quarter of all properties liable for rates, will rise from £7.7bn a year to £8.2bn over the next five years.\nMark Rigby, chief executive of CVS, said: “The retail sector is facing a significant shift in structural dynamics, with most reporting challenging conditions ahead. \n“Add to the mix the already ‘lethal cocktail’ of increased operating costs from the national living wage and apprenticeship levy, and a near half a billion pounds increase in business rates per year for the next five years is simply unsustainable.\n“Something will have to give – whether that’s store closures or even higher prices at the till.”\nSeparately, business leaders from eight trade bodies have condemned government plans to clamp down on business rates appeals, claiming it could cost small and medium sized companies more than £700m over the next five years. \nA proposed new provision in the business rates system means businesses will only be able to challenge their rates bill if the margin of error is larger than 15%\nThe Valuation Office Agency faces a backlog of tens of thousands of business rates appeals. The proposals could help to cut the backlog.\nHowever, Martin McTague, policy director at the Federation of Small Businesses, said: “We welcomed the government’s ambition to make the business rates appeals system fairer and easier to navigate. However, it is hard to see how this proposal helps to achieve that aim. \n“We believe this clause simply fails the fairness test and could result in the door being shut on small businesses who want to correct inaccuracies in valuations and reduce their rates bills. This research shows that businesses that are already struggling could be pushed into insolvency, with smaller firms particularly at risk.”", "external_links": [], "published": "2016-11-21T01:03:00.000+02:00", "crawled": "2016-11-20T20:13:33.803+02:00", "highlightTitle": ""}