{"organizations": [], "uuid": "dec705ccff6ffe2b11a1438b2f0d2c1995992b4a", "thread": {"social": {"gplus": {"shares": 0}, "pinterest": {"shares": 0}, "vk": {"shares": 0}, "linkedin": {"shares": 0}, "facebook": {"likes": 0, "shares": 0, "comments": 0}, "stumbledupon": {"shares": 0}}, "site_full": "southernfood.about.com", "main_image": "http://f.tqn.com/y/southernfood/1/S/S/a/2/pumpkin-pie-3.jpg", "site_section": "http://z.about.com/6/o/m/southernfood_p2.xml", "section_title": "About.com Southern Food: Most Popular Articles", "url": "http://southernfood.about.com/od/pumpkinpies/r/bl21016d.htm", "country": "US", "domain_rank": 238, "title": "Classic Autumn Pumpkin Pie", "performance_score": 0, "site": "about.com", "participants_count": 0, "title_full": "Classic Autumn Pumpkin Pie", "spam_score": 0.0, "site_type": "news", "published": "2016-11-21T18:44:00.000+02:00", "replies_count": 0, "uuid": "dec705ccff6ffe2b11a1438b2f0d2c1995992b4a"}, "author": "", "url": "http://southernfood.about.com/od/pumpkinpies/r/bl21016d.htm", "ord_in_thread": 0, "title": "Classic Autumn Pumpkin Pie", "locations": [], "entities": {"persons": [], "locations": [], "organizations": []}, "highlightText": "", "language": "english", "persons": [], "text": "Yield : Makes 8 Servings Preparation \nCombine the pumpkin, sugar, salt, spices, and flour in a medium mixing bowl. Add eggs; mix well. Add evaporated milk, water, and vanilla; mix well. \nPour the pumpkin filling mixture into the pastry-lined pie pan. \nBake at 400° for 15 minutes; reduce heat to 350° and bake about 35 minutes longer, or until center is set. \nServe this delicious pumpkin pie with a dollop of whipped cream and a sprinkling of cinnamon sugar !", "external_links": [], "published": "2016-11-21T18:44:00.000+02:00", "crawled": "2016-11-21T17:56:27.784+02:00", "highlightTitle": ""}