{"organizations": [], "uuid": "7c69902e796f0a1df24b186967882d9d6b0373ea", "thread": {"social": {"gplus": {"shares": 0}, "pinterest": {"shares": 0}, "vk": {"shares": 0}, "linkedin": {"shares": 0}, "facebook": {"likes": 0, "shares": 0, "comments": 0}, "stumbledupon": {"shares": 0}}, "site_full": "news.yahoo.com", "main_image": "https://s.yimg.com/uu/api/res/1.2/Y77VvMlanA21TiOBHIRukQ--/aD04ODk7dz0xMDI0O3NtPTE7YXBwaWQ9eXRhY2h5b24-/http://media.zenfs.com/en_us/News/afp.com/Part-PAR-SAPA990315312460-1-0-1.jpg", "site_section": "https://news.yahoo.com/sitemap/stories/3.xml", "section_title": "", "url": "https://news.yahoo.com/1930s-nationalism-over-again-10-quotes-subject-041645410.html", "country": "US", "domain_rank": 5, "title": "1930s nationalism all over again? 10 quotes on the subject", "performance_score": 0, "site": "yahoo.com", "participants_count": 1, "title_full": "1930s nationalism all over again? 10 quotes on the subject", "spam_score": 0.001, "site_type": "news", "published": "2016-11-23T12:16:00.000+02:00", "replies_count": 0, "uuid": "7c69902e796f0a1df24b186967882d9d6b0373ea"}, "author": "AFP", "url": "https://news.yahoo.com/1930s-nationalism-over-again-10-quotes-subject-041645410.html", "ord_in_thread": 0, "title": "1930s nationalism all over again? 10 quotes on the subject", "locations": [], "entities": {"persons": [{"name": "donald trump", "sentiment": "negative"}, {"name": "noam chomsky", "sentiment": "none"}, {"name": "richard overy", "sentiment": "none"}, {"name": "ronald) reagan", "sentiment": "none"}, {"name": "simon schama", "sentiment": "none"}, {"name": "trump", "sentiment": "none"}, {"name": "david brooks", "sentiment": "none"}, {"name": "brett stevens", "sentiment": "none"}, {"name": "steve bannon", "sentiment": "none"}, {"name": "ian kershaw", "sentiment": "none"}, {"name": "antony beevor", "sentiment": "none"}, {"name": "pascal blanchard", "sentiment": "none"}], "locations": [{"name": "united states", "sentiment": "none"}, {"name": "paris", "sentiment": "none"}, {"name": "europe", "sentiment": "none"}, {"name": "austria", "sentiment": "none"}, {"name": "germany", "sentiment": "none"}], "organizations": [{"name": "afp", "sentiment": "negative"}, {"name": "bbc", "sentiment": "none"}, {"name": "economist", "sentiment": "none"}, {"name": "daily telegraph", "sentiment": "none"}, {"name": "new york times", "sentiment": "none"}]}, "highlightText": "", "language": "english", "persons": [], "text": "Paris (AFP) - Donald Trump's election in the United States and a surge in far-right groups in Europe have led to a fierce debate among historians and commentators about the parallels between the current decade and the 1930s.\nSome believe that drawing a comparison with a catastrophic decade that culminated in World War II is alarmist, underlining that populist movements emerging now are fundamentally different.\nOthers warn that the political reaction visible across Western democracies stems from the same sense of anger and bitterness documented in the 1930s, warning that the lessons of history should not be ignored.\nHere are 10 Quote: s from leading commentators on the subject:\n\"It will be as exciting as the 1930s, greater than the (president Ronald) Reagan revolution -- conservatives, plus populists, in an economic nationalist movement.\"\n- President-elect Donald Trump's chief strategist Steve Bannon in an interview with The Hollywood Reporter, November 19\n\"Modern populism lacks the level of violence and the anti-democratic character it had in the 1930s.\"\n- British historian Richard Overy, author of \"The Morbid Age\", to AFP, November 17\n\"I never really understood how fascism could have come to Europe, but I think I understand better now.\"\n- New York Times editorialist David Brooks in a column entitled \"Are We On The Path To National Ruin?\", July 12.\n\"A look at the polls in Austria and Germany -- Austria and Germany -- cannot fail to evoke unpleasant memories for those familiar with the 1930s, even more so for those who watched directly, as I did as a child.\"\n- American political theorist and historian Noam Chomsky, talking to the truth-out.org website, November 14.\n\"We are not in the 1930s. We are not being crushed between the monolithic alternatives of fascism and communism.\"\n- Antony Beevor in an article called \"This is no rerun of the Thirties -- but the world is changing at terrifying pace\", The Daily Telegraph, November 11.\n\"We are starting to understand since Trump that it is not just the wild dream of a few intellectuals saying 'watch out, fascism is coming back'.\"\n- French historian Pascal Blanchard, author of \"The 1930s are back: A little history lesson to understand the current crisis\", to AFP, November 16\n\"The populism is different to the 1930s but of course it has echoes of it.\"\n- Ian Kershaw, author of \"To Hell and Back\", a history of Europe from 1914-49, to AFP, October 15.\n\"Comparisons with the 1930s are fatuous... Nonetheless, it is clear that an exclusive, often ethnically-based, form of nationalism is on the march.\"\n- The Economist article on nationalism, November 19\n\"Democracy often brings fascists to power, it did so to Germany in the 1930s.\"\n- British historian Simon Schama, November 9, BBC radio\n\"In the work of preserving civilisation, nine-tenths of the job is to understand the past and stress its most obvious lessons. Now would be a good time to re-remember the 30s.\"\n- Pulitzer-winning columnist Brett Stevens in a piece titled \"The Return of the 1930s\", The Wall Street Journal, March 7", "external_links": [], "published": "2016-11-23T12:16:00.000+02:00", "crawled": "2016-11-23T15:20:34.739+02:00", "highlightTitle": ""}