{"organizations": [], "uuid": "356fef59f836100053b2da0df38dfea530af0d3d", "thread": {"social": {"gplus": {"shares": 0}, "pinterest": {"shares": 0}, "vk": {"shares": 0}, "linkedin": {"shares": 0}, "facebook": {"likes": 0, "shares": 0, "comments": 0}, "stumbledupon": {"shares": 0}}, "site_full": "www.reddit.com", "main_image": "http://i.imgur.com/sEbimai.jpg?fb", "site_section": "", "section_title": "", "url": "https://www.reddit.com/r/graphic_design/comments/5dzrx7/taco_bells_new_logo/", "country": "US", "domain_rank": 33, "title": "Taco Bell's New Logo : graphic_design", "performance_score": 0, "site": "reddit.com", "participants_count": 0, "title_full": "Taco Bell's New Logo : graphic_design", "spam_score": 0.009, "site_type": "news", "published": "2016-11-21T02:55:00.000+02:00", "replies_count": 0, "uuid": "356fef59f836100053b2da0df38dfea530af0d3d"}, "author": "", "url": "https://www.reddit.com/r/graphic_design/comments/5dzrx7/taco_bells_new_logo/", "ord_in_thread": 0, "title": "Taco Bell's New Logo : graphic_design", "locations": [], "entities": {"persons": [], "locations": [], "organizations": [{"name": "taco bell", "sentiment": "negative"}]}, "highlightText": "", "language": "english", "persons": [], "text": "\nNo critiques. Post in the weekly feedback friday thread or checkout /r/design_critiques , /r/logo_critique , and /r/idesignedthis . \nNo crappy design, memes, or screenshots. See /r/CrappyDesign or /r/designmemes . \nNo typeface identification. Use /r/identifythisfont instead. \n\"How is this done?\" belongs in the Tech Tuesday thread. \nPlease report any posts which break these rules, to maintain the quality of the subreddit. Design Subreddits ", "external_links": [], "published": "2016-11-21T02:55:00.000+02:00", "crawled": "2016-11-20T22:04:01.332+02:00", "highlightTitle": ""}