{"organizations": [], "uuid": "866d0e650cfc22137b7fef13f1110c697df33bef", "thread": {"social": {"gplus": {"shares": 0}, "pinterest": {"shares": 0}, "vk": {"shares": 0}, "linkedin": {"shares": 0}, "facebook": {"likes": 0, "shares": 0, "comments": 0}, "stumbledupon": {"shares": 0}}, "site_full": "me.ign.com", "main_image": "http://sm.ign.com/t/ign_me/video/t/theres-a-g/theres-a-good-reason-valerian-looks-like-a-star-wars-movie_sxjc.640.jpg", "site_section": "http://me.ign.com/en/articles/rss", "section_title": "Video Games, Wikis, Cheats, Walkthroughs, Reviews, News & Videos - IGN Middle East", "url": "http://me.ign.com/en/videos/126892/video/with-valerian-its-like-were-getting-two-star-wars-movies-in", "country": "US", "domain_rank": 383, "title": "With Valerian, It's Like We're Getting Two Star Wars Movies in 2017", "performance_score": 0, "site": "ign.com", "participants_count": 0, "title_full": "With Valerian, It's Like We're Getting Two Star Wars Movies in 2017", "spam_score": 0.0, "site_type": "news", "published": "2016-11-20T18:10:00.000+02:00", "replies_count": 0, "uuid": "866d0e650cfc22137b7fef13f1110c697df33bef"}, "author": "", "url": "http://me.ign.com/en/videos/126892/video/with-valerian-its-like-were-getting-two-star-wars-movies-in", "ord_in_thread": 0, "title": "With Valerian, It's Like We're Getting Two Star Wars Movies in 2017", "locations": [], "entities": {"persons": [{"name": "luc besson", "sentiment": "negative"}, {"name": "valerian", "sentiment": "negative"}], "locations": [], "organizations": [{"name": "star wars movies", "sentiment": "negative"}]}, "highlightText": "", "language": "english", "persons": [], "text": "With Valerian, It's Like We're Getting Two Star Wars Movies in 2017 Nov. 20, 2016 If Luc Besson's space epic seems familiar, it might have to do with the source material. With Valerian, It's Like We're Getting Two Star Wars Movies in 2017 If Luc Besson's space epic seems familiar, it might have to do with the source material.", "external_links": [], "published": "2016-11-20T18:10:00.000+02:00", "crawled": "2016-11-20T14:15:04.516+02:00", "highlightTitle": ""}