{"organizations": [], "uuid": "6d554fe72d63b9099a8583c3a4213f8b9036628f", "thread": {"social": {"gplus": {"shares": 1}, "pinterest": {"shares": 1}, "vk": {"shares": 0}, "linkedin": {"shares": 0}, "facebook": {"likes": 1, "shares": 1, "comments": 0}, "stumbledupon": {"shares": 0}}, "site_full": "www.latimes.com", "main_image": "http://www.trbimg.com/img-5831478d/turbine/la-hm-gg-gift-wrapping-with-joy-cho-20161025-snap-20161119", "site_section": "http://www.latimes.com/sports/dodgersnow/rss2.0.xml\r", "section_title": "latimes.com - Los Angeles Times", "url": "http://www.latimes.com/home/la-hm-gg-gift-wrapping-with-joy-cho-20161025-snap-20161119-story.html", "country": "US", "domain_rank": 609, "title": "Oh Joy! Design blogger Joy Cho shows you how to get creative with your gift wrapping", "performance_score": 0, "site": "latimes.com", "participants_count": 0, "title_full": "Oh Joy! Design blogger Joy Cho shows you how to get creative with your gift wrapping", "spam_score": 0.0, "site_type": "news", "published": "2016-11-20T20:20:00.000+02:00", "replies_count": 0, "uuid": "6d554fe72d63b9099a8583c3a4213f8b9036628f"}, "author": "", "url": "http://www.latimes.com/home/la-hm-gg-gift-wrapping-with-joy-cho-20161025-snap-20161119-story.html", "ord_in_thread": 0, "title": "Oh Joy! Design blogger Joy Cho shows you how to get creative with your gift wrapping", "locations": [], "entities": {"persons": [{"name": "joy cho", "sentiment": "positive"}, {"name": "casey brodley", "sentiment": "none"}, {"name": "yan", "sentiment": "none"}, {"name": "cho", "sentiment": "none"}, {"name": "dennis madden", "sentiment": "none"}, {"name": "allen j. schaben", "sentiment": "none"}, {"name": "jo-ann", "sentiment": "none"}, {"name": "michelle", "sentiment": "none"}, {"name": "waldo yan", "sentiment": "none"}, {"name": "michael", "sentiment": "none"}], "locations": [{"name": "rosemead", "sentiment": "none"}, {"name": "irvine", "sentiment": "none"}], "organizations": [{"name": "ucla", "sentiment": "none"}, {"name": "dia de los muertos", "sentiment": "none"}, {"name": "ontario museum of history", "sentiment": "none"}, {"name": "amazon.com", "sentiment": "none"}]}, "highlightText": "", "language": "english", "persons": [], "text": "Oh Joy! Design blogger Joy Cho shows you how to get creative with your gift wrapping Oh Joy! gift wrap Casey Brodley / Oh Joy! Casey Brodley / Oh Joy! \nBuying the perfect gift is only half the battle. You still need to wrap it. We turned to Joy Cho — you know her from her wildly popular design and lifestyle website, Oh Joy! — for some creative gift wrapping ideas using items you can easily find at your local craft store and shops such as Target, Jo-Ann, Michael’s and Amazon.com. And don’t worry, Cho says, you don’t need to be a crafting expert to pull these off: \nBag it \nFor a quick-and-easy way to wrap a gift — especially an oddly shaped gift — use a simple paper bag. “Then, tie festive bells or a small ornament (we filled ours with confetti) to a ribbon and secure on a bag with a clothes pin or with a hole punched through the top.” Casey Brodley / Oh Joy! \nTape it \nUsing two or three colors or patterns of washi crafting tape, which comes in a seemingly endless array of colors, sizes and styles. “Simply cross them in both directions until you cover as much of the paper as you want.” Casey Brodley / Oh Joy! \nPaint it \n“After wrapping your gift with paper, sketch out a fun pattern, and trace over with ‘puffy paint,’” which creates a fun and tactile finish. Casey Brodley / Oh Joy! \nDot it \nYou don’t need to stick to traditional colors, such as red and green and silver and blue. “Stick neon dot stickers (from an office supply store) all over & finish with a ribbon!” Casey Brodley / Oh Joy! \nCluster it \nAdd small squares of double-sided tape all over a pre-wrapped box. Bunch up a cluster of confetti — you can buy some or make your own using scissors and tissue paper — and then press onto the double-sided tape. Oh Joy! Oh Joy! \nWant something a bit more challenging? Turn your gift into snow globe and WIN the holidays! Once you learn this clever method, you can personalize gifts galore. \nIn addition to scissors and tape, you will need: clear cellophane wrapping paper, confetti that you either made yourself or bought, colored craft paper and double-sided tape. \nStep 1: Wrap box as you normally would. \nStep 2: Cut out small paper shapes (we did trees) and mix with confetti. Oh Joy! Oh Joy! \nStep 3: Cut a sheet of cello wrap for the box, and sprinkle loose confetti on the cello wrap. \nStep 4: Center box on cello wrap, top side facing down, and wrap as usual. \nStep 5: Shake to move around confetti. \nCaption Daylight Saving Time tips \nDaylight Saving Time tips Caption Daylight Saving Time tips \nDaylight Saving Time tips Caption E-bikes are all the rage. Here's why: \nMichelle and Dennis Madden of Irvine show us their e-bikes. (Video by Allen J. Schaben) \nMichelle and Dennis Madden of Irvine show us their e-bikes. (Video by Allen J. Schaben) Caption His parents worked their whole lives in a Chinese restaurant so he wouldn't have to. \nWaldo Yan's parents worked at a Chinese restaurant for years so that he could have a better life, toiling nights, weekends and holidays at a tiny restaurant in the food court of a Rosemead grocery store. \nBefore his mother died two years ago, she begged him from a hospital bed \"not to do this work.\" But about a year ago, after graduating from UCLA with honors, Yan took over the family restaurant and began to pursue a career as a chef. \nHe makes the food his mother used to make for him, to honor her memory and to prove that he's made something of himself. \nWaldo Yan's parents worked at a Chinese restaurant for years so that he could have a better life, toiling nights, weekends and holidays at a tiny restaurant in the food court of a Rosemead grocery store. \nBefore his mother died two years ago, she begged him from a hospital bed \"not to do this work.\" But about a year ago, after graduating from UCLA with honors, Yan took over the family restaurant and began to pursue a career as a chef. \nHe makes the food his mother used to make for him, to honor her memory and to prove that he's made something of himself. Caption SoCal artists talk about how they celebrate Day of the Dead \nArea artists discuss how they celebrate Dia de Muertos (Day of the Dead) to remember their loved ones, featuring work from the Dia de los Muertos exhibit at the Ontario Museum of History and Art. \nArea artists discuss how they celebrate Dia de Muertos (Day of the Dead) to remember their loved ones, featuring work from the Dia de los Muertos exhibit at the Ontario Museum of History and Art. Caption PlateFit \nPlateFit workout is done on a vibrating plate. \nPlateFit workout is done on a vibrating plate.", "external_links": [], "published": "2016-11-20T20:20:00.000+02:00", "crawled": "2016-11-20T15:26:57.837+02:00", "highlightTitle": ""}