{"organizations": [], "uuid": "2b7780bd99eab8b6e0096694204759a6ad697b53", "thread": {"social": {"gplus": {"shares": 0}, "pinterest": {"shares": 0}, "vk": {"shares": 0}, "linkedin": {"shares": 0}, "facebook": {"likes": 0, "shares": 0, "comments": 0}, "stumbledupon": {"shares": 0}}, "site_full": "news.yahoo.com", "main_image": "https://s.yimg.com/os/mit/media/m/social/images/social_default_logo-1481777.png", "site_section": "https://news.yahoo.com/sitemap/stories/6.xml", "section_title": "", "url": "https://news.yahoo.com/opcw-says-russian-samples-may-used-syria-investigation-181711315.html", "country": "US", "domain_rank": 5, "title": "OPCW says Russian samples may be used in Syria investigation", "performance_score": 0, "site": "yahoo.com", "participants_count": 1, "title_full": "OPCW says Russian samples may be used in Syria investigation", "spam_score": 0.054, "site_type": "news", "published": "2016-11-23T02:31:00.000+02:00", "replies_count": 0, "uuid": "2b7780bd99eab8b6e0096694204759a6ad697b53"}, "author": "Associated Press", "url": "https://news.yahoo.com/opcw-says-russian-samples-may-used-syria-investigation-181711315.html", "ord_in_thread": 0, "title": "OPCW says Russian samples may be used in Syria investigation", "locations": [], "entities": {"persons": [{"name": "konashenkov", "sentiment": "none"}, {"name": "igor konashenkov", "sentiment": "none"}], "locations": [{"name": "the hague", "sentiment": "none"}, {"name": "syria", "sentiment": "none"}, {"name": "russia", "sentiment": "none"}, {"name": "netherlands", "sentiment": "none"}, {"name": "the hague", "sentiment": "none"}, {"name": "u.s.", "sentiment": "none"}, {"name": "damascus", "sentiment": "none"}, {"name": "aleppo", "sentiment": "none"}], "organizations": [{"name": "ap", "sentiment": "negative"}, {"name": "opcw", "sentiment": "negative"}, {"name": "russian defense ministry", "sentiment": "none"}, {"name": "u.n.", "sentiment": "none"}, {"name": "syrian national coalition", "sentiment": "none"}, {"name": "prohibition of chemical weapons", "sentiment": "none"}, {"name": "u.n. security council", "sentiment": "none"}]}, "highlightText": "", "language": "english", "persons": [], "text": "THE HAGUE, Netherlands (AP) — Russia has offered to provide samples linked to alleged chemical weapon use in the Syrian city of Aleppo to the international chemical weapons watchdog, the organization said Tuesday.\nThe Organization for the Prohibition of Chemical Weapons said that Russia recently offered it \"some samples and other material in relation to an incident of alleged use of chemicals as weapons in Aleppo.\" The organization said the samples \"may be of use in the ongoing work of the OPCW fact-finding mission,\" which is investigating allegations of chemical attacks in Syria.\nRussian Defense Ministry spokesman Maj. Gen. Igor Konashenkov said on Nov. 11 that ministry experts found unexploded ordnance and fragments of munitions containing chlorine and white phosphorus on Aleppo's southwestern outskirts. Konashenkov said the discovery proved that militants have used chemical weapons against civilians and Syrian soldiers.\nThe Syrian National Coalition, a main opposition group, denied that rebels used chemical weapons in Aleppo. It says that the shells that were fired are similar to those used by government forces and militias fighting with them. The SNC called on U.N. organizations to open an investigation.\nThe U.S. and its allies have pushed for sanctions on Syria for using chemical weapons. Russia has questioned international investigators' conclusions linking chemical weapons use to its ally, the Syrian government, and pointed at evidence of their use by the militants.\nThe U.N. Security Council has voted to extend the mandate of inspectors working to determine those responsible for chemical weapons attacks in Syria.\nThe OPCW has suggested Russia hand over the material in Damascus or The Hague because Aleppo is too dangerous. Russia has not yet responded.", "external_links": [], "published": "2016-11-23T02:31:00.000+02:00", "crawled": "2016-11-23T13:09:11.459+02:00", "highlightTitle": ""}