{"organizations": [], "uuid": "0caa5828bfcc0468e7ca6ec5951b98ec3fb15392", "thread": {"social": {"gplus": {"shares": 0}, "pinterest": {"shares": 0}, "vk": {"shares": 0}, "linkedin": {"shares": 0}, "facebook": {"likes": 0, "shares": 0, "comments": 0}, "stumbledupon": {"shares": 0}}, "site_full": "au.be.yahoo.com", "main_image": "https://s.yimg.com/iu/api/res/1.2/I5blTMrxeEuA.H6gUiQPxg--/YXBwaWQ9eXZpZGVvO2ZpPWZpbGw7cT03MDtuPTE7cm90YXRlPWF1dG8-/https://s.yimg.com/ea/img/-/161122/58337b30a54aa_redbull_lan.jpg", "site_section": "", "section_title": "", "url": "https://au.be.yahoo.com/lifestyle/health-and-fitness/a/33286365/what-red-bull-is-really-doing-to-your-body-yahoo7-be/", "country": "US", "domain_rank": 5, "title": "What Red Bull is really doing to your body Yahoo7 Be - Yahoo7", "performance_score": 0, "site": "yahoo.com", "participants_count": 0, "title_full": "What Red Bull is really doing to your body Yahoo7 Be - Yahoo7", "spam_score": 0.214, "site_type": "news", "published": "2016-11-22T08:05:00.000+02:00", "replies_count": 0, "uuid": "0caa5828bfcc0468e7ca6ec5951b98ec3fb15392"}, "author": "Allison Wallace", "url": "https://au.be.yahoo.com/lifestyle/health-and-fitness/a/33286365/what-red-bull-is-really-doing-to-your-body-yahoo7-be/", "ord_in_thread": 0, "title": "What Red Bull is really doing to your body Yahoo7 Be - Yahoo7", "locations": [], "entities": {"persons": [{"name": "johnson", "sentiment": "none"}, {"name": "tumblr", "sentiment": "none"}, {"name": "instagram", "sentiment": "none"}, {"name": "erwin johnson", "sentiment": "none"}], "locations": [{"name": "pinterest", "sentiment": "none"}], "organizations": [{"name": "red bull", "sentiment": "negative"}, {"name": "red bull energy drink", "sentiment": "none"}, {"name": "buzzfeed how well do energy drinks really work", "sentiment": "none"}, {"name": "facebook", "sentiment": "none"}]}, "highlightText": "", "language": "english", "persons": [], "text": "What Red Bull is really doing to your body \nAll the advertising says Red Bull gives you wings but the reality is very different. on November 22, 2016, 9:52 am This may not be the drink you need. Photo: iStock Share What Red Bull is really doing to your body Yahoo7 Be - Yahoo7 \nWorking late or after a late night, it can be easy just to reach for an energy drink to get you through it but you might be doing more harm than good. \nA content researcher took it upon himself conduct an experiment on the effects of caffeine-rich drinks like Red Bull. \nErwin Johnson from Personalise.co.uk details what happens to your body in the 24 hours after you finish the can with the help of this infographic. Source: Personalise.co.uk \n10 minutes: \nJohnson found that it only takes a short time for the high volume of caffeine to enter your blood stream, causing heart rate and blood pressure to rise quickly. \n15-45 minutes: \nDuring this time you will start to feel alert, this is because caffeine is a stimulant drug. \n30-50 minutes: \nBy now you will have absorbed all the caffeine and your body will start taking in more of the large volumes of sugar found in energy drinks – not great news for your liver. An energy drink warning for children UP NEXT VIDEO An energy drink warning for children. Source: Prime7 An energy drink warning for children \n1 hour: \nThis is about the time the ‘sugar crash’ kicks in. \n5-6 hours: \nIt will have taken this long for just half of the caffeine to be out of your bloodstream - for women taking contraception it will take even longer. \n12 hours: \nBy now most of the caffeine should have left your system. \n12-24 hours: \nAt this time, your body may experience some withdrawal symptoms like headaches and irritability and want another caffeine hit. \n7-12 days: \nIf you drink energy drinks regularly, it is during this time that your body will develop a level of caffeine tolerance. \nThat helps explain why you might feel some brief benefits from an energy drink but then develop an addiction as your body adjusts to the increased caffeine intake. \nThis isn’t great news for your body though. \nThe average can of Red Bull contains over 27g of sugar – that belly-fat inducing, heart disease-causing and liver-damaging evil. \nSo should you go cold turkey with energy drinks? Not necessarily. \nAccording to the infographic creators, \"most things in moderation and as part of a healthy balanced diet are fine and this goes for energy drinks, be careful though as there are often large amounts of sugar in many of the drinks.\" \nOne 250 ml can of Red Bull Energy Drink contains 80mg of caffeine, about the same amount as in a cup of coffee. How Well Do Energy Drinks Really Work? UP NEXT VIDEO How Well Do Energy Drinks Really Work? Source: Buzzfeed How Well Do Energy Drinks Really Work? \nWant more celebrity, entertainment and lifestyle news? Follow Be on Facebook , Twitter , Pinterest , Tumblr and Instagram ", "external_links": [], "published": "2016-11-22T08:05:00.000+02:00", "crawled": "2016-11-22T03:04:46.042+02:00", "highlightTitle": ""}