{"organizations": [], "uuid": "5c539a3b1d0305e5e684e00f4836f996610b942f", "thread": {"social": {"gplus": {"shares": 0}, "pinterest": {"shares": 0}, "vk": {"shares": 0}, "linkedin": {"shares": 0}, "facebook": {"likes": 0, "shares": 0, "comments": 0}, "stumbledupon": {"shares": 0}}, "site_full": "archive.org", "main_image": "", "site_section": "http://archive.org//services/collection-rss.php", "section_title": "Internet Archive", "url": "https://archive.org/details/top_domains-00600-20161120-140930", "country": "US", "domain_rank": 285, "title": "Fill item top_domains-00600-20161120-140930 for top_domains-00600", "performance_score": 0, "site": "archive.org", "participants_count": 0, "title_full": "Fill item top_domains-00600-20161120-140930 for top_domains-00600", "spam_score": 0.0, "site_type": "news", "published": "2016-11-20T21:09:00.000+02:00", "replies_count": 0, "uuid": "5c539a3b1d0305e5e684e00f4836f996610b942f"}, "author": "", "url": "https://archive.org/details/top_domains-00600-20161120-140930", "ord_in_thread": 0, "title": "Fill item top_domains-00600-20161120-140930 for top_domains-00600", "locations": [], "entities": {"persons": [], "locations": [], "organizations": []}, "highlightText": "", "language": "english", "persons": [], "text": "Fill item top_domains-00600-20161120-140930 for top_domains-00600 Item Preview There Is No Preview Available For This Item \nThis item does not appear to have any files that can be experienced on Archive.org. Please download files in this item to interact with them on your computer.", "external_links": [], "published": "2016-11-20T21:09:00.000+02:00", "crawled": "2016-11-20T16:28:00.969+02:00", "highlightTitle": ""}