{"organizations": [], "uuid": "0b555b6915b12915feafae53193a45fd2f66fd17", "thread": {"social": {"gplus": {"shares": 0}, "pinterest": {"shares": 0}, "vk": {"shares": 0}, "linkedin": {"shares": 0}, "facebook": {"likes": 0, "shares": 0, "comments": 0}, "stumbledupon": {"shares": 0}}, "site_full": "www.rt.com", "main_image": "https://img.rt.com/files/2016.11/article/5835cb74c46188ea1c8b4630.jpg", "site_section": "http://rt.com/rss/", "section_title": "RT - Daily news", "url": "https://www.rt.com/sport/367960-neymar-prison-corruption-charges/", "country": "US", "domain_rank": 538, "title": "Neymar Jr. could face 2-year prison sentence over corruption charges", "performance_score": 0, "site": "rt.com", "participants_count": 1, "title_full": "Neymar Jr. could face 2-year prison sentence over corruption charges", "spam_score": 0.0, "site_type": "news", "published": "2016-11-24T00:18:00.000+02:00", "replies_count": 0, "uuid": "0b555b6915b12915feafae53193a45fd2f66fd17"}, "author": "RT", "url": "https://www.rt.com/sport/367960-neymar-prison-corruption-charges/", "ord_in_thread": 0, "title": "Neymar Jr. could face 2-year prison sentence over corruption charges", "locations": [], "entities": {"persons": [{"name": "neymar jr.", "sentiment": "negative"}, {"name": "javier mascherano", "sentiment": "none"}, {"name": "jose perals", "sentiment": "none"}, {"name": "justin bieber", "sentiment": "none"}, {"name": "lionel messi", "sentiment": "none"}, {"name": "albert gea", "sentiment": "none"}, {"name": "sandro rosell", "sentiment": "none"}, {"name": "neymar jr", "sentiment": "none"}, {"name": "rosell", "sentiment": "none"}, {"name": "neymar", "sentiment": "none"}, {"name": "josep maria bartomeu", "sentiment": "none"}, {"name": "bartomeu", "sentiment": "none"}, {"name": "santos", "sentiment": "none"}, {"name": "messi", "sentiment": "none"}], "locations": [{"name": "brazil", "sentiment": "none"}, {"name": "spain", "sentiment": "none"}, {"name": "la liga", "sentiment": "none"}, {"name": "barcelona", "sentiment": "none"}, {"name": "neymar", "sentiment": "none"}], "organizations": [{"name": "barca", "sentiment": "none"}, {"name": "la liga", "sentiment": "none"}, {"name": "reuters", "sentiment": "none"}, {"name": "nike", "sentiment": "none"}, {"name": "dis", "sentiment": "none"}, {"name": "barcelona", "sentiment": "none"}, {"name": "neymar", "sentiment": "none"}, {"name": "santos", "sentiment": "none"}]}, "highlightText": "", "language": "english", "persons": [], "text": "Neymar Jr. could face 2-year prison sentence over corruption charges Published time: 23 Nov, 2016 17:18 Get short URL Barcelona's Neymar © Albert Gea / Reuters Spanish prosecutors have recommended that Brazilian footballer Neymar Jr. be handed a two-year prison sentence over alleged corruption surrounding his transfer to Barcelona. \nJudge Jose Perals accepted corruption charges against the striker earlier this month, with Neymar accused, along with others, of hiding a portion of the cost of his move from Santos to La Liga in 2013. Read more \nProsecutors have also called for the 24-year-old to be fined $10.6 million, while they are seeking the same punishment for Neymar's father and former club president Sandro Rosell, who is facing an additional three years for fraud charges. \nCharges against current president Josep Maria Bartomeu are expected to be dropped. \nBrazilian investment group DIS, which owned 40 percent of Neymar's transfer rights, made the original complaint, saying it received less money than it should have when he moved to Barcelona because part of the transfer fee was concealed. \nBarca initially claimed they paid $64.3 million for Neymar, before changing their story to say the cost was nearer $112 million. \nRosell resigned as the club's president in 2014 for his role in the affair and testified in court in February alongside Bartomeu, Neymar and Neymar's father. \nThe club struck a deal with prosecutors in June to settle a separate case and paid a fine of around $6 million to avoid trial on charges of tax evasion over the transfer. \nBarca acknowledged in the agreement it made \"an error in the fiscal planning of the player's transfer.\" \nThe La Liga giants thought they had brought the affair to a close when another judge archived the case in June, but Spain's public prosecutor successfully overturned the ruling in September. Impossible to dribble this defender... @justinbieber pic.twitter.com/ezCkyhSct7 — Neymar Jr (@neymarjr) November 21, 2016 \nIt's unlikely Neymar, who recently enjoyed a training session with Canadian pop star Justin Bieber, will serve any time in prison if he is convicted as, under Spanish Law, sentences of two years and under are usually suspended. \nREAD MORE: Barcelona football star Messi & father get 21-month sentences on tax charges \nBarcelona's Lionel Messi and Javier Mascherano received prison sentences of 21 months and 12 months respectively after being found guilty of tax fraud, but both were suspended. \nThe Brazil striker has already paid $45 million after he was found guilty of tax evasion by a Brazilian court for failing to pay the tax due on his earnings from contracts with former club Santos, Barcelona and Nike from 2011 until 2013.", "external_links": [], "published": "2016-11-24T00:18:00.000+02:00", "crawled": "2016-11-23T19:29:49.588+02:00", "highlightTitle": ""}