{"organizations": [], "uuid": "0d225f05f90f213d9b18ba3e8dddbb79f30158d9", "thread": {"social": {"gplus": {"shares": 0}, "pinterest": {"shares": 0}, "vk": {"shares": 0}, "linkedin": {"shares": 0}, "facebook": {"likes": 1, "shares": 1, "comments": 0}, "stumbledupon": {"shares": 0}}, "site_full": "www.yahoo.com", "main_image": "https://s.yimg.com/os/mit/media/m/social/images/social_default_logo-1481777.png", "site_section": "http://news.yahoo.com/rss/stocks", "section_title": "Stock Markets News Headlines - Yahoo! News", "url": "https://www.yahoo.com/news/symantec-agrees-buy-lifelock-2-3-billion-cash-020648477--sector.html?ref=gs", "country": "US", "domain_rank": 5, "title": "Symantec agrees to buy LifeLock for $2.3 billion in cash: media", "performance_score": 0, "site": "yahoo.com", "participants_count": 0, "title_full": "Symantec agrees to buy LifeLock for $2.3 billion in cash: media", "spam_score": 0.0, "site_type": "news", "published": "2016-11-21T02:00:00.000+02:00", "replies_count": 0, "uuid": "0d225f05f90f213d9b18ba3e8dddbb79f30158d9"}, "author": "", "url": "https://www.yahoo.com/news/symantec-agrees-buy-lifelock-2-3-billion-cash-020648477--sector.html?ref=gs", "ord_in_thread": 0, "title": "Symantec agrees to buy LifeLock for $2.3 billion in cash: media", "locations": [], "entities": {"persons": [{"name": "sandra maler", "sentiment": "none"}, {"name": "dion rabouin", "sentiment": "none"}], "locations": [], "organizations": [{"name": "lifelock inc.", "sentiment": "negative"}, {"name": "symantec corp.", "sentiment": "negative"}, {"name": "lifelock", "sentiment": "negative"}, {"name": "reuters", "sentiment": "negative"}, {"name": "symantec", "sentiment": "negative"}, {"name": "wall street journal", "sentiment": "none"}, {"name": "dow jones", "sentiment": "none"}, {"name": "cnbc", "sentiment": "none"}]}, "highlightText": "", "language": "english", "persons": [], "text": "(Reuters) - Computer security software manufacturer Symantec Corp. will acquire LifeLock Inc. for $2.3 billion in cash, according to a tweet from CNBC, citing Dow Jones. The Wall Street Journal also reported the deal for $2.3 billion, a 16 percent premium on LifeLock's Friday closing share price, citing a person familiar with the matter.\n(Reporting by Dion Rabouin; Editing by Sandra Maler)", "external_links": [], "published": "2016-11-21T02:00:00.000+02:00", "crawled": "2016-11-21T04:23:56.597+02:00", "highlightTitle": ""}