{"organizations": [], "uuid": "7a5d99530aff1e59d32912755ef79acfccc38f64", "thread": {"social": {"gplus": {"shares": 0}, "pinterest": {"shares": 0}, "vk": {"shares": 0}, "linkedin": {"shares": 0}, "facebook": {"likes": 0, "shares": 0, "comments": 0}, "stumbledupon": {"shares": 0}}, "site_full": "nz.news.yahoo.com", "main_image": "https://s.yimg.com/iu/api/res/1.2/HOhFozQAa_pt7U9hRCqu3Q--/YXBwaWQ9eXZpZGVvO2ZpPXVsY3JvcDt3PTYzMDtoPTM1NDtkeD0xO2R5PTE7Y3c9MTI3OTtjaD03MTk7cT03MDtuPTE7cm90YXRlPWF1dG8-/https://s.yimg.com/ea/img/-/161124/58361d9195c55_20161124001289978353_original_1280x720.jpg", "site_section": "https://nz.rss.news.yahoo.com/world.xml", "section_title": "World News - Yahoo New Zealand News", "url": "https://nz.news.yahoo.com/world/a/33310512/brexit-protesters-tell-pm-to-hurry-up/", "country": "US", "domain_rank": 5, "title": "Brexit protesters tell PM to hurry up (AAP)", "performance_score": 0, "site": "yahoo.com", "participants_count": 0, "title_full": "Brexit protesters tell PM to hurry up (AAP)", "spam_score": 0.0, "site_type": "news", "published": "2016-11-24T07:46:00.000+02:00", "replies_count": 0, "uuid": "7a5d99530aff1e59d32912755ef79acfccc38f64"}, "author": "", "url": "https://nz.news.yahoo.com/world/a/33310512/brexit-protesters-tell-pm-to-hurry-up/", "ord_in_thread": 0, "title": "Brexit protesters tell PM to hurry up (AAP)", "locations": [], "entities": {"persons": [{"name": "nigel birrell", "sentiment": "none"}, {"name": "theresa may", "sentiment": "none"}, {"name": "brexit", "sentiment": "none"}, {"name": "mo mcdonald-robertson", "sentiment": "none"}], "locations": [{"name": "brexit", "sentiment": "none"}, {"name": "eu", "sentiment": "none"}, {"name": "yahoo new zealand", "sentiment": "none"}], "organizations": [{"name": "brexit", "sentiment": "negative"}, {"name": "european union", "sentiment": "none"}, {"name": "reuters", "sentiment": "none"}, {"name": "eu", "sentiment": "none"}, {"name": "supreme court", "sentiment": "none"}]}, "highlightText": "", "language": "english", "persons": [], "text": "Brexit protesters tell PM to hurry up AAP   11:46 am Protesters outside British parliament are demanding the government hurry up and deliver Brexit. Share Brexit protesters tell PM to hurry up - Yahoo New Zealand Around 200 supporters of leaving the European Union have gathered outside the British parliament to demand Prime Minister Theresa May deliver Brexit. \nIn a June 23 referendum, 51.9 per cent, or 17.4 million people, voted to leave the EU while 48.1 per cent, or 16.1 million people, voted to stay. \nWaving British flags, the protesters chanted \"Brexit means Brexit, out, out, out\" and \"EU no thank you\" outside parliament on Wednesday. \n\"We are here to remind our elected representatives that the country voted to leave. Get on with it,\" Nigel Birrell, a supporter of Brexit, told Reuters. \nMay has said she will trigger formal EU divorce talks by the end of March but the Supreme Court is due to consider a government appeal next month over whether parliament must first approve that move. \nAnother supporter of Brexit, Mo McDonald-Robertson, said outside parliament: \"I think they are just putting up lots of obstacles at the moment.\"", "external_links": [], "published": "2016-11-24T07:46:00.000+02:00", "crawled": "2016-11-24T01:25:48.238+02:00", "highlightTitle": ""}