{"organizations": [], "uuid": "75c946ed7f38884fee5c3dc5bc6ec036e1ca486e", "thread": {"social": {"gplus": {"shares": 0}, "pinterest": {"shares": 0}, "vk": {"shares": 0}, "linkedin": {"shares": 0}, "facebook": {"likes": 0, "shares": 0, "comments": 0}, "stumbledupon": {"shares": 0}}, "site_full": "tv.yahoo.com", "main_image": "", "site_section": "https://tv.yahoo.com/sitemap/stories/1.xml", "section_title": "", "url": "https://tv.yahoo.com/news/american-music-awards-maroon-5-performs-dont-wanna-035740329.html", "country": "US", "domain_rank": 5, "title": "American Music Awards: Maroon 5 Performs \"Don't Wanna Know\" With Kendrick Lamar", "performance_score": 0, "site": "yahoo.com", "participants_count": 1, "title_full": "American Music Awards: Maroon 5 Performs \"Don't Wanna Know\" With Kendrick Lamar", "spam_score": 0.043, "site_type": "news", "published": "2016-11-21T11:57:00.000+02:00", "replies_count": 0, "uuid": "75c946ed7f38884fee5c3dc5bc6ec036e1ca486e"}, "author": "Caitlin Greenho", "url": "https://tv.yahoo.com/news/american-music-awards-maroon-5-performs-dont-wanna-035740329.html", "ord_in_thread": 0, "title": "American Music Awards: Maroon 5 Performs \"Don't Wanna Know\" With Kendrick Lamar", "locations": [], "entities": {"persons": [{"name": "kendrick lamar maroon", "sentiment": "neutral"}, {"name": "kendrick lamar", "sentiment": "neutral"}, {"name": "adam l", "sentiment": "neutral"}, {"name": "carrie underwood", "sentiment": "none"}, {"name": "shawn mendes", "sentiment": "none"}, {"name": "bryson tiller", "sentiment": "none"}, {"name": "halsey", "sentiment": "none"}, {"name": "fetty wap", "sentiment": "none"}, {"name": "mike mahan", "sentiment": "none"}, {"name": "james bay", "sentiment": "none"}, {"name": "niall horan", "sentiment": "none"}, {"name": "bruno mars", "sentiment": "none"}, {"name": "dick clark productions", "sentiment": "none"}, {"name": "justin bieber", "sentiment": "none"}, {"name": "lady gaga", "sentiment": "none"}, {"name": "beyonce", "sentiment": "none"}, {"name": "rihanna", "sentiment": "none"}, {"name": "carlos vives", "sentiment": "none"}, {"name": "drake", "sentiment": "none"}, {"name": "ariana grande", "sentiment": "none"}, {"name": "mark bracco", "sentiment": "none"}, {"name": "larry klein", "sentiment": "none"}, {"name": "barry adelman", "sentiment": "none"}, {"name": "allen shapiro", "sentiment": "none"}, {"name": "john legend", "sentiment": "none"}, {"name": "nicki minaj", "sentiment": "none"}], "locations": [], "organizations": [{"name": "maroon", "sentiment": "neutral"}, {"name": "ama", "sentiment": "neutral"}, {"name": "abc", "sentiment": "none"}, {"name": "adele", "sentiment": "none"}]}, "highlightText": "", "language": "english", "persons": [], "text": "Maroon 5 took the AMA stage to perform their hit song \"Don't Wanna Know\" with Kendrick Lamar. Adam Levine opened the performance with a soft vocal performance followed by a powerful production from the band and Kendrick Lamar for the T-Mobile finale.\nThe band has been nominated for ten AMAs, taking home the title of Favorite Duo or Group - Pop/Rock in 2011 and 2012 and Favorite Adult Contemporary Artist in 2013.\nRead more: American Music Awards: The Complete Winners List\nOther artists scheduled to perform include Justin Bieber, Niall Horan, Ariana Grande with Nicki Minaj, James Bay, Carlos Vives, Fifth Harmony, Lady Gaga, DJ Khaled, Green Day, John Legend, Bruno Mars, Shawn Mendes, Twenty One Pilots, The Weeknd, a special duet from The Chainsmokers and Halsey, and the American Music Award of Merit honoree and performer Sting.\nThe nominations for the fan-voted awards show, produced by Dick Clark Productions, were revealed last month. Drake leads with a record 13 noms , while Rihanna has seven and Adele and Justin Bieber each have five. Beyonce and The Chainsmokers follow closely behind with four and Bryson Tiller, Twenty One Pilots, Carrie Underwood, Fetty Wap and the Weeknd each have three. Keep up with the latest winners here .\nThe 2016 American Music Awards show, airing on ABC, is executive produced by Allen Shapiro and Mike Mahan, with Larry Klein, Barry Adelman and Mark Bracco serving as producers.", "external_links": ["https://s.yimg.com/ny/api/res/1.2/STeD.tEhBdFVa0Uv5qpoOA--/YXBwaWQ9aGlnaGxhbmRlcjtzbT0xO3c9ODAwO2lsPXBsYW5l/https://www.hollywoodreporter.com/sites/default/files/custom/Annie/THR-ama2016.png.cf.jpg", "https://s.yimg.com/ny/api/res/1.2/STeD.tEhBdFVa0Uv5qpoOA--/YXBwaWQ9aGlnaGxhbmRlcjtzbT0xO3c9ODAwO2lsPXBsYW5l/https://www.hollywoodreporter.com/sites/default/files/custom/Annie/THR-ama2016.png.cf.jpg);", "https://www.hollywoodreporter.com/topic/american-music-awards?utm_source=Yahoo&utm_campaign=Syndication&utm_medium=American+Music+Awards%3A+Maroon+5+Performs+%22Don%27t+Wanna+Know%22+With+Kendrick+Lamar", "https://www.hollywoodreporter.com/topic/american-music-awards?utm_source=Yahoo&amp;utm_campaign=Syndication&amp;utm_medium=American+Music+Awards%3A+Maroon+5+Performs+%22Don%27t+Wanna+Know%22+With+Kendrick+Lamar", "https://www.hollywoodreporter.com/lists/american-music-awards-2016-winners-list-941428", "https://s.yimg.com/g/images/spaceball.gif", "https://www.hollywoodreporter.com/lists/american-music-awards-nominees-drake-936823?utm_source=Yahoo&utm_campaign=Syndication&utm_medium=American+Music+Awards%3A+Maroon+5+Performs+%22Don%27t+Wanna+Know%22+With+Kendrick+Lamar", "https://www.hollywoodreporter.com/lists/american-music-awards-winners-list-941428?utm_source=Yahoo&utm_campaign=Syndication&utm_medium=American+Music+Awards%3A+Maroon+5+Performs+%22Don%27t+Wanna+Know%22+With+Kendrick+Lamar"], "published": "2016-11-21T11:57:00.000+02:00", "crawled": "2016-11-21T23:15:47.919+02:00", "highlightTitle": ""}