{"organizations": [], "uuid": "40317bbbcf3753018c75150b4f2a7d7fac2fde0e", "thread": {"social": {"gplus": {"shares": 0}, "pinterest": {"shares": 0}, "vk": {"shares": 0}, "linkedin": {"shares": 0}, "facebook": {"likes": 0, "shares": 0, "comments": 0}, "stumbledupon": {"shares": 0}}, "site_full": "indianexpress.com", "main_image": "http://images.indianexpress.com/2016/11/parliament-4802.jpg?w=480", "site_section": "http://indianexpress.com/section/india/education/feed/", "section_title": "Education – The Indian Express", "url": "http://indianexpress.com/article/education/bill-to-replace-medical-council-of-india-likely-in-ongoing-parliament-session-4388342/", "country": "US", "domain_rank": 598, "title": "Bill to replace Medical Council of India likely in ongoing Parliament session", "performance_score": 0, "site": "indianexpress.com", "participants_count": 0, "title_full": "Bill to replace Medical Council of India likely in ongoing Parliament session", "spam_score": 0.0, "site_type": "news", "published": "2016-11-21T23:33:00.000+02:00", "replies_count": 0, "uuid": "40317bbbcf3753018c75150b4f2a7d7fac2fde0e"}, "author": "", "url": "http://indianexpress.com/article/education/bill-to-replace-medical-council-of-india-likely-in-ongoing-parliament-session-4388342/", "ord_in_thread": 0, "title": "Bill to replace Medical Council of India likely in ongoing Parliament session", "locations": [], "entities": {"persons": [], "locations": [], "organizations": []}, "highlightText": "", "language": "english", "persons": [], "text": "Bill to replace Medical Council of India likely in ongoing Parliament session Bill to replace Medical Council of India likely in ongoing Parliament session The bill has to be approved by the Cabinet after which it will be placed before Parliament, a source said. By: PTI | New Delhi | Published:November 21, 2016 10:03 pm \nThe government is likely to place the bill that seeks to replace the Medical Council of India (MCI) with National Medical Commission (NMC) before Parliament in the ongoing Winter Session. “The proposed National Medical Commission Bill, 2016 has been finalised by the Aayog and it is likely to be placed before Parliament for passage in the current session,” a source said. \nWatch what else is making news: \nThe bill has to be approved by the Cabinet after which it will be placed before Parliament, the source added. Earlier this year, a high-level committee headed by Niti Aayog Vice-Chairman Arvind Panagariya looked into the issue of poor regulation of medical education by MCI and proposed replacing MCI with NMC. \nBesides Panagariya, the panel included Prime Minister’s Additional Principal Secretary P K Mishra, Niti Aayog CEO Amitabh Kant and the Union Health Secretary. The committee was formed to suggest reforms in the Indian Medical Councils (IMC) Act, 1957. \nAfter approval, NMC will become the main regulatory body and will take over all roles and responsibilities of MCI. The new body will have eminent doctors and experts from related fields to steer medical education in the country so as to ensure quality of education is at par with global standards. \nNMC will have around 19-20 members, including the chairman, and their tenure will be about five years. It will also have members from other fields such as economics and law. \nIt will have four boards — Under Graduate Medical Board, Post Graduate Medical Board, Accreditation and Assessment Board and a board for registration of medical colleges as well as monitoring of ethics in the profession. \nThere will also be a Medical Advisory Council (MAC), with members from states who can be an eminent professional such as a professor from a medical college and the like. There will be two members from Union Territories. NMC members will also be its members and its role will be advisory. \nEarlier this year, a parliamentary committee had called for revamping the MCI, saying it has failed in its role as a regulator which has led to a downfall in India’s medical education system. Best of Express", "external_links": [], "published": "2016-11-21T23:33:00.000+02:00", "crawled": "2016-11-22T00:43:36.985+02:00", "highlightTitle": ""}