{"organizations": [], "uuid": "9e62425e8b3b6626c8c912c127cc155f37a81db9", "thread": {"social": {"gplus": {"shares": 0}, "pinterest": {"shares": 0}, "vk": {"shares": 0}, "linkedin": {"shares": 0}, "facebook": {"likes": 0, "shares": 0, "comments": 0}, "stumbledupon": {"shares": 0}}, "site_full": "archive.org", "main_image": "", "site_section": "http://archive.org//services/collection-rss.php", "section_title": "Internet Archive", "url": "https://archive.org/details/perma_cc_V3XJ-F44N", "country": "US", "domain_rank": 285, "title": "V3XJ-F44N: Nathalie P. Voorhees Center for Neighborhood an...", "performance_score": 0, "site": "archive.org", "participants_count": 0, "title_full": "V3XJ-F44N: Nathalie P. Voorhees Center for Neighborhood an...", "spam_score": 0.0, "site_type": "news", "published": "2016-11-20T00:09:00.000+02:00", "replies_count": 0, "uuid": "9e62425e8b3b6626c8c912c127cc155f37a81db9"}, "author": "", "url": "https://archive.org/details/perma_cc_V3XJ-F44N", "ord_in_thread": 0, "title": "V3XJ-F44N: Nathalie P. Voorhees Center for Neighborhood an...", "locations": [], "entities": {"persons": [{"name": "nathalie p. voorhees center", "sentiment": "negative"}], "locations": [], "organizations": [{"name": "nathalie p. voorhees center for neighborhood", "sentiment": "negative"}]}, "highlightText": "", "language": "english", "persons": [], "text": "V3XJ-F44N: Nathalie P. Voorhees Center for Neighborhood an... Item Preview There Is No Preview Available For This Item \nThis item does not appear to have any files that can be experienced on Archive.org. Please download files in this item to interact with them on your computer.", "external_links": [], "published": "2016-11-20T00:09:00.000+02:00", "crawled": "2016-11-19T19:25:53.814+02:00", "highlightTitle": ""}