{"organizations": [], "uuid": "ef262a895e5714deb76f9e3772fd8b01757f0da7", "thread": {"social": {"gplus": {"shares": 1}, "pinterest": {"shares": 0}, "vk": {"shares": 0}, "linkedin": {"shares": 0}, "facebook": {"likes": 7, "shares": 7, "comments": 0}, "stumbledupon": {"shares": 0}}, "site_full": "sanfrancisco.about.com", "main_image": "http://f.tqn.com/y/default/travel/S/175075612.jpg", "site_section": "http://z.about.com/6/o/m/sanfrancisco_p2.xml", "section_title": "About.com San Francisco: Most Popular Articles", "url": "http://sanfrancisco.about.com/od/sfevents/a/San-Francisco-June-Events-Calendar.htm", "country": "US", "domain_rank": 238, "title": "Top Picks for San Francisco Fun in June", "performance_score": 0, "site": "about.com", "participants_count": 0, "title_full": "Top Picks for San Francisco Fun in June", "spam_score": 0.0, "site_type": "news", "published": "2016-11-20T18:42:00.000+02:00", "replies_count": 0, "uuid": "ef262a895e5714deb76f9e3772fd8b01757f0da7"}, "author": "", "url": "http://sanfrancisco.about.com/od/sfevents/a/San-Francisco-June-Events-Calendar.htm", "ord_in_thread": 0, "title": "Top Picks for San Francisco Fun in June", "locations": [], "entities": {"persons": [{"name": "barbara koh", "sentiment": "negative"}, {"name": "paolo bacigalupi", "sentiment": "none"}, {"name": "franklin st.", "sentiment": "none"}, {"name": "gough", "sentiment": "none"}, {"name": "ernesto lecuona", "sentiment": "none"}, {"name": "mac barnett", "sentiment": "none"}, {"name": "judy blume", "sentiment": "none"}, {"name": "daniel alarcon", "sentiment": "none"}, {"name": "castro st.", "sentiment": "none"}, {"name": "tom hanks", "sentiment": "none"}, {"name": "john scofield", "sentiment": "none"}, {"name": "snarky puppy", "sentiment": "none"}, {"name": "neal", "sentiment": "none"}, {"name": "allen ginsberg", "sentiment": "none"}, {"name": "steiner", "sentiment": "none"}, {"name": "grant", "sentiment": "none"}, {"name": "santana row", "sentiment": "none"}, {"name": "james franco", "sentiment": "none"}, {"name": "cyprian", "sentiment": "none"}, {"name": "carolyn cassady", "sentiment": "none"}, {"name": "daniel handler", "sentiment": "none"}, {"name": "haruki murakami", "sentiment": "none"}, {"name": "goapele", "sentiment": "none"}, {"name": "michael chabon", "sentiment": "none"}, {"name": "michael", "sentiment": "none"}, {"name": "michael glatze", "sentiment": "none"}, {"name": "larry kramer", "sentiment": "none"}, {"name": "rainer werner fassbinder", "sentiment": "none"}, {"name": "alejandro murguía", "sentiment": "none"}, {"name": "colin", "sentiment": "none"}, {"name": "rebecca solnit", "sentiment": "none"}], "locations": [{"name": "san francisco bay area", "sentiment": "none"}, {"name": "san francisco fun", "sentiment": "none"}, {"name": "grant ave.", "sentiment": "none"}, {"name": "thailand", "sentiment": "none"}, {"name": "richmond", "sentiment": "none"}, {"name": "stanyan st.", "sentiment": "none"}, {"name": "craneway pavilion", "sentiment": "none"}, {"name": "san francisco", "sentiment": "none"}, {"name": "castro theatre", "sentiment": "none"}, {"name": "haight-ashbury", "sentiment": "none"}, {"name": "kenya", "sentiment": "none"}, {"name": "san jose", "sentiment": "none"}, {"name": "san francisco city hall centennial", "sentiment": "none"}, {"name": "columbus", "sentiment": "none"}, {"name": "sutter", "sentiment": "none"}, {"name": "columbus ave.", "sentiment": "none"}, {"name": "north beach", "sentiment": "none"}, {"name": "turk blvd.", "sentiment": "none"}, {"name": "sfjazz center", "sentiment": "none"}, {"name": "northern california", "sentiment": "none"}, {"name": "north america", "sentiment": "none"}, {"name": "turk", "sentiment": "none"}, {"name": "berkeley", "sentiment": "none"}, {"name": "u.s", "sentiment": "none"}, {"name": "east bay", "sentiment": "none"}, {"name": "hudson", "sentiment": "none"}, {"name": "downtown berkeley", "sentiment": "none"}, {"name": "marina blvd.", "sentiment": "none"}, {"name": "san mateo county event center", "sentiment": "none"}, {"name": "masonic ave.", "sentiment": "none"}, {"name": "san mateo", "sentiment": "none"}, {"name": "america", "sentiment": "none"}, {"name": "u.s.", "sentiment": "none"}, {"name": "city hall", "sentiment": "none"}, {"name": "san francisco’s city hall", "sentiment": "none"}, {"name": "harbour way south", "sentiment": "none"}, {"name": "north carolina", "sentiment": "none"}, {"name": "vallejo", "sentiment": "none"}, {"name": "misora", "sentiment": "none"}, {"name": "broadway", "sentiment": "none"}, {"name": "san mateo county", "sentiment": "none"}], "organizations": [{"name": "obscura digital", "sentiment": "none"}, {"name": "tower records", "sentiment": "none"}, {"name": "civic center", "sentiment": "none"}, {"name": "fbi", "sentiment": "none"}, {"name": "fort mason center", "sentiment": "none"}, {"name": "kpfa", "sentiment": "none"}, {"name": "green", "sentiment": "none"}, {"name": "oakland", "sentiment": "none"}, {"name": "kpfa summer arts fair", "sentiment": "none"}]}, "highlightText": "", "language": "english", "persons": [], "text": "By Barbara Koh Updated June 17, 2015 . \nJune is one giant celebration in the San Francisco Bay Area, with fairs and festivals for everything from jazz, ethnic dance and North Beach to documentaries and LGBT films. \nSF DocFest June 4-18 \"The film festival that provides a manageable amount of the truth,” DocFest’s documentaries explore personal stories, hot issues and esoteric subjects, such as circus-burlesque performers, 5 th -generation farmers struggling to save their farm during the Great Recession, and a group of men who, once a year, recreate Vietnam War battles.The fest opens with All Things Must Pass , directed by Tom Hanks’ son Colin, about the rise and fall of Tower Records and the huge changes in the recording industry. Closing night’s (T)ERROR is about an FBI counterterrorism informant who infiltrates terror networks in the U.S. A t various venues in San Francisco. Ticket prices vary (regular screenings $12-13). \nSan Francisco Ethnic Dance Festival June 5-27, weekends Four weekends of Hawaiian hula, traditional Uzbek, flamenco, ragtime era social, South African Zulu, Scottish and other forms of dance and music. \ncontinue reading below our video America's Best Foodie Cities \nSantana Row’s Poolside Soiree June 6, at 1 and 4 pm See fashions for men and women alongside the pool at Misora, Santana Row’s luxury residences. This benefit for Pets in Need also includes wine and refreshments, a discount shopping card and prize drawings. At 388 Santana Row, San Jose 95128. Tickets $50. \nUnion Street Festival June 6 & 7, at 10 am-6 pm Fashion shows (including shows of pet fashions) and other entertainment, vendors of arts, crafts and bath and body supplies, craft beer and wine tasting and kids’ activities. On Union Street between Gough and Steiner, San Francisco. Free. \nBay Area Book Festival June 6 & 7, from 10 am Downtown Berkeley is a hub of talks and panel discussions with hundreds of authors such as Judy Blume, Daniel Alarcon, Paolo Bacigalupi, Michael Chabon, Daniel Handler, Pico Iyer, Rebecca Solnit and Mac Barnett on subjects such as publishing, travel writing, terrorism, Haruki Murakami , cookbook writing and food foraging. The fest also offers activities and performances for teens and kids, a free book for every child, and a temple/art installation made of 50,000 books. At various venues in downtown Berkeley. Tickets : Indoor author sessions are ticketed due to limited space; Judy Blume event, $12-45; other events free. \nSan Mateo County Fair June 6-14 Entertainers, corn dogs and other food of all types, horse competitions, pig races, exhibits and contests of flowers, fine arts, livestock and craftsmanship, carnival rides, concerts and more. At San Mateo County Event Center‎, 1346 Saratoga Dr., San Mateo 94403. Admission: Free-$10. \nSan Francisco Jazz Festival June 9-21 More than 40 concerts at the acclaimed SFJAZZ Center, including Snarky Puppy, winner of the 2013 Grammy for best R&B performance; Oakland native and soul singer Goapele; a quartet led by guitarist John Scofield; a Hammond B3 organ summit; and a tribute to Ernesto Lecuona. At SFJAZZ Center, 201 Franklin St., San Francisco 94102. Ticket prices vary. \nSFJuneteenth June 13, at 11 am-6 pm The largest gathering of African-Americans in Northern California includes a parade, live rap, jazz, gospel and dance performances, a Superfly tribute band, info on community resources and health, a car show, food, arts and crafts vendors, and a kids' area with animals, pony rides and games. Juneteenth commemorates the announcement of the end of slavery in the U.S. On Fillmore St. between Sutter and Turk streets. Free. \nNorth Beach Festival June 13 & 14, at 10 am-6 pm Blessings of animals, street painting, live music and entertainment, arts and crafts, gourmet food, a children’s chalk-art area. On Grant Ave. between Columbus and Filbert; Columbus Ave. between Broadway and Green; and Vallejo and Green streets between Grant and Columbus. Free. \nHaight-Ashbury Street Fair June 14, at 11 am-5 pm Live music on two stages and vendors offering food, crafts, merchandise and information in one of San Francisco’s most colorful and distinctive neighborhoods. On Haight Street from Masonic Ave. to Stanyan St., San Francisco. Free. \nFrameline June 18-28 The San Francisco International LGBTQ Film Festival screens films from 30 countries, including films about LGBT life in Kenya, Thailand and rural North Carolina, LGBT professional athletes, filmmaker Rainer Werner Fassbinder and ACT Up founder Larry Kramer. The opener, I Am Michael , stars James Franco as the real-life Michael Glatze, a former San Francisco-based gay rights activist who renounced homosexuality and became a Christian fundamentalist pastor. At the Castro Theatre, 429 Castro St., 94114, and other venues in San Francisco and the East Bay. General admission to regular screenings: $10, 12. \nSan Francisco City Hall Centennial Celebration June 19, at 6-11 pm San Francisco’s City Hall turns 100, with local musicians playing hits from throughout the past century and food trucks. After dark, a new multi-media projection system designed by Obscura Digital will produce a light show on city hall’s exterior. At City Hall, Civic Center Plaza, San Francisco. Free. \nSan Francisco Free Folk Festival June 20, at 12-10 pm Music for all ears (and dancing for all feet): Folk songs from various cultures, sea shanties, pub songs, and gospel. Plus music and dance workshops (e.g., learn to play the musical saw!) and sing-alongs. At Cyprian’s Center, 2097 Turk Blvd., San Francisco. Free. \nKPFA Summer Arts Fair June 20 & 21, at 10 am-6 pm This juried fair has jewelry, clothing, home decorations, furniture, quilts, paintings, food and other items by more than 200 artists and designers . Formerly the Live Oak Park Fair, it is a benefit for KPFA 94.1 FM public radio. At Craneway Pavilion, 1414 Harbour Way South, Richmond 94804. Tickets free-$12. \nBeatnik Shindig June 26-28 Promising to be the largest gathering of Beat Generation characters in 20 years, this conference shows that the Beats, who focused on spirituality, identity, travel, racial and gender equality, gay rights and environmentalism, are timeless. SF poet laureate Alejandro Murguía, Allen Ginsberg’s psychiatrist, Neal and Carolyn Cassady’s kids, a Hudson car show, a poetry writing workshop, yoga, live poetry and music and presentations on counter-cultures and self-publishing are among the highlights. At Fort Mason Center, 2 Marina Blvd., and North Beach venues. Ticket prices vary; some events free. \nSF Pride Celebration & Parade June 27 at 12-6 pm, & June 28 at 11 am-6 pm Yes, we're home to the biggest LGBT gathering in not only the U.S., but also North America. The celebration at Civic Center is a spectacle of entertainment, dancing, inspiring speakers and community groups. Sunday's parade starts downtown at 10:30 am, marches up Market St. and ends at the celebration.", "external_links": [], "published": "2016-11-20T18:42:00.000+02:00", "crawled": "2016-11-20T19:20:32.685+02:00", "highlightTitle": ""}