{"organizations": [], "uuid": "f3a0cd22484c3619d0c0ec0d92a84ddb1c60ca82", "thread": {"social": {"gplus": {"shares": 0}, "pinterest": {"shares": 0}, "vk": {"shares": 0}, "linkedin": {"shares": 0}, "facebook": {"likes": 0, "shares": 0, "comments": 0}, "stumbledupon": {"shares": 0}}, "site_full": "tv.yahoo.com", "main_image": "https://s.yimg.com/uu/api/res/1.2/jQWU6BuSgSAMqQBqs26OLg--/aD0zNjA7dz02NDA7c209MTthcHBpZD15dGFjaHlvbg--/http://media.zenfs.com/en-US/homerun/etonline.tv/b904a0bd0d58528525c4177b7d13bf58", "site_section": "https://tv.yahoo.com/sitemap/stories/3.xml", "section_title": "", "url": "https://tv.yahoo.com/news/khloe-kourtney-kardashian-parade-bootylicious-085700340.html", "country": "US", "domain_rank": 5, "title": "Khloe and Kourtney Kardashian Have 'A** Parade' in Bootylicious Snapchats: Pics!", "performance_score": 0, "site": "yahoo.com", "participants_count": 1, "title_full": "Khloe and Kourtney Kardashian Have 'A** Parade' in Bootylicious Snapchats: Pics!", "spam_score": 1.0, "site_type": "news", "published": "2016-11-16T16:59:00.000+02:00", "replies_count": 0, "uuid": "f3a0cd22484c3619d0c0ec0d92a84ddb1c60ca82"}, "author": "Rachel McRady", "url": "https://tv.yahoo.com/news/khloe-kourtney-kardashian-parade-bootylicious-085700340.html", "ord_in_thread": 0, "title": "Khloe and Kourtney Kardashian Have 'A** Parade' in Bootylicious Snapchats: Pics!", "locations": [], "entities": {"persons": [{"name": "kourtney kardashian", "sentiment": "neutral"}, {"name": "booty", "sentiment": "neutral"}, {"name": "khloe", "sentiment": "neutral"}, {"name": "abs kendall jenner", "sentiment": "none"}, {"name": "jenna dewan tatum", "sentiment": "none"}, {"name": "scott disick", "sentiment": "none"}, {"name": "kourtney", "sentiment": "none"}, {"name": "snapchat kourtney", "sentiment": "none"}, {"name": "scott", "sentiment": "none"}], "locations": [{"name": "khloe", "sentiment": "none"}, {"name": "mexico", "sentiment": "none"}], "organizations": [{"name": "butt during mexico vacation kourt", "sentiment": "none"}]}, "highlightText": "", "language": "english", "persons": [], "text": "Booty, booty, booty, booty rockin' everywhere! Khloe and Kourtney Kardashian are clearly proud of their famous backsides. And on Tuesday, the fitness-loving sisters took a minute to admire their hard work at the gym.\nWATCH: Scott Disick Shares Sexy Photo of Kourtney Kardashian's Butt During Mexico Vacation\nKourt posted two Snapchats – one of herself and one of Khloe – lying on their stomachs in swimsuits to show off their toned tushes.\nThe eldest in the Kardashian-Jenner clan, captioned the pic of Khloe, \"A** Parade,\" before sharing her own bootylicious shot.\nSnapchat\nKourtney recently returned from a tropical getaway in Mexico with her ex, Scott Disick, and their three children. There, she showed off her fit physique in a series of tiny bikinis.\nScott even marveled at his baby mama's impressive body , posting a picture of her in the pool that showed off her curves, writing, \"Views.\"\nSnapchat\nAnd while some fans want the former couple to get back together, Kourtney put a damper on that idea in a recent episode of Keeping Up With the Kardashians .\nWATCH: Kourtney Kardashian Rocks Super Sexy Tiny Bikini on Mexico Vacation With Scott Disick -- See the Pic!\n\"I'm so happy that Scott and I are getting along so well and that we're co-parenting,\" she said. \"But I think hanging out with Scott without the kids... Scott can just take any little thing and run with it and think that like we're getting back together tomorrow.\"\nFor more from the ex's vacation, watch the clip below!\nRelated Articles\nAriel Winter Snaps Sexy Swimsuit Selfie Jenna Dewan Tatum Shows Off Toned Abs Kendall Jenner Stuns in Lace-up Catsuit", "external_links": ["http://www.etonline.com/slideshow/gallery/201981_kendall_jenner_birthday_party_arrivals/?cid=raf#12", "https://s.yimg.com/g/images/spaceball.gif", "http://www.etonline.com/slideshow/news/202101_ariel_winter_most_risque_selfies/?cid=raf#8", "http://www.etonline.com/news/202742_scott_disick_shares_sexy_photo_of_kourtney_kardashian_butt_during_mexico_vacation/", "https://link.brightcove.com/services/player/bcpid4090904807001?bctid=ref:title_202976&width=533&height=300&autoStart=true&secureConnections=true&secureHTMLConnections=true", "http://www.etonline.com/slideshow/fashion/139558_Celebrities_Their_Underwear/?cid=raf#136", "https://s.yimg.com/ny/api/res/1.2/oVdDpc4BtuMbueI8SS562A--/YXBwaWQ9aGlnaGxhbmRlcjtzbT0xO3c9ODAw/http://media.zenfs.com/en-US/homerun/etonline.tv/aa3efcc43c86d36e035de23c473a8f3a", "https://s.yimg.com/ny/api/res/1.2/pm3.VjTgY1GVcwGH3oWSqA--/YXBwaWQ9aGlnaGxhbmRlcjtzbT0xO3c9ODAw/http://media.zenfs.com/en-US/homerun/etonline.tv/ddbcb1c7003c40a18d13731709e90453", "http://www.etonline.com/news/202796_kourtney_kardashian_bikini_mexico_vacation_scott_disick/", "https://s.yimg.com/ny/api/res/1.2/pm3.VjTgY1GVcwGH3oWSqA--/YXBwaWQ9aGlnaGxhbmRlcjtzbT0xO3c9ODAw/http://media.zenfs.com/en-US/homerun/etonline.tv/ddbcb1c7003c40a18d13731709e90453);", "https://s.yimg.com/ny/api/res/1.2/oVdDpc4BtuMbueI8SS562A--/YXBwaWQ9aGlnaGxhbmRlcjtzbT0xO3c9ODAw/http://media.zenfs.com/en-US/homerun/etonline.tv/aa3efcc43c86d36e035de23c473a8f3a);"], "published": "2016-11-16T16:59:00.000+02:00", "crawled": "2016-11-20T14:27:30.884+02:00", "highlightTitle": ""}