{"organizations": [], "uuid": "57bdf98acade186b9ff9170fd3e1e5f6550d5baa", "thread": {"social": {"gplus": {"shares": 0}, "pinterest": {"shares": 0}, "vk": {"shares": 0}, "linkedin": {"shares": 0}, "facebook": {"likes": 0, "shares": 0, "comments": 0}, "stumbledupon": {"shares": 0}}, "site_full": "archive.org", "main_image": "https://archive.org/download/koreanet-1_changwon_newsplaza-20100622/koreanet-1_changwon_newsplaza-20100622.thumbs/koreanet-1_changwon_newsplaza-20100622_000057.jpg", "site_section": "http://archive.org/services/collection-rss.php", "section_title": "Internet Archive", "url": "https://archive.org/details/koreanet-1_changwon_newsplaza-20100622", "country": "US", "domain_rank": 285, "title": "koreanet-1 changwon newsplaza 2010-06-22", "performance_score": 0, "site": "archive.org", "participants_count": 0, "title_full": "koreanet-1 changwon newsplaza 2010-06-22", "spam_score": 0.0, "site_type": "news", "published": "2016-11-25T07:11:00.000+02:00", "replies_count": 0, "uuid": "57bdf98acade186b9ff9170fd3e1e5f6550d5baa"}, "author": "", "url": "https://archive.org/details/koreanet-1_changwon_newsplaza-20100622", "ord_in_thread": 0, "title": "koreanet-1 changwon newsplaza 2010-06-22", "locations": [], "entities": {"persons": [], "locations": [], "organizations": []}, "highlightText": "", "language": "english", "persons": [], "text": "Share or Embed this Item EMBED <iframe src=\"https://archive.org/embed/koreanet-1_changwon_newsplaza-20100622\" width=\"560\" height=\"384\" frameborder=\"0\" webkitallowfullscreen=\"true\" mozallowfullscreen=\"true\" allowfullscreen></iframe> EMBED (for wordpress.com hosted blogs) [archiveorg koreanet-1_changwon_newsplaza-20100622 width=560 height=384 frameborder=0 webkitallowfullscreen=true mozallowfullscreen=true]", "external_links": [], "published": "2016-11-25T07:11:00.000+02:00", "crawled": "2016-11-25T02:34:58.982+02:00", "highlightTitle": ""}