{"organizations": [], "uuid": "83faf41b37e4aa59b5a5a08a5a4e90c4cc73fca7", "thread": {"social": {"gplus": {"shares": 0}, "pinterest": {"shares": 0}, "vk": {"shares": 0}, "linkedin": {"shares": 0}, "facebook": {"likes": 0, "shares": 0, "comments": 0}, "stumbledupon": {"shares": 0}}, "site_full": "archive.org", "main_image": "", "site_section": "http://archive.org//services/collection-rss.php", "section_title": "Internet Archive", "url": "https://archive.org/details/mbid-16bda713-1e7d-4d29-8fae-07a9a637ebe7", "country": "US", "domain_rank": 285, "title": "思秋期から……男と女", "performance_score": 0, "site": "archive.org", "participants_count": 0, "title_full": "思秋期から……男と女", "spam_score": 0.0, "site_type": "news", "published": "2016-11-20T14:42:00.000+02:00", "replies_count": 0, "uuid": "83faf41b37e4aa59b5a5a08a5a4e90c4cc73fca7"}, "author": "", "url": "https://archive.org/details/mbid-16bda713-1e7d-4d29-8fae-07a9a637ebe7", "ord_in_thread": 0, "title": "思秋期から……男と女", "locations": [], "entities": {"persons": [], "locations": [], "organizations": []}, "highlightText": "", "language": "english", "persons": [], "text": "Share or Embed this Item EMBED <iframe src=\"https://archive.org/embed/mbid-16bda713-1e7d-4d29-8fae-07a9a637ebe7\" width=\"560\" height=\"384\" frameborder=\"0\" webkitallowfullscreen=\"true\" mozallowfullscreen=\"true\" allowfullscreen></iframe> EMBED (for wordpress.com hosted blogs) [archiveorg mbid-16bda713-1e7d-4d29-8fae-07a9a637ebe7 width=560 height=384 frameborder=0 webkitallowfullscreen=true mozallowfullscreen=true]", "external_links": [], "published": "2016-11-20T14:42:00.000+02:00", "crawled": "2016-11-20T09:56:39.560+02:00", "highlightTitle": ""}