{"organizations": [], "uuid": "14937356c996f8ed102248b8e536e11799c9c1a6", "thread": {"social": {"gplus": {"shares": 0}, "pinterest": {"shares": 0}, "vk": {"shares": 0}, "linkedin": {"shares": 0}, "facebook": {"likes": 0, "shares": 0, "comments": 0}, "stumbledupon": {"shares": 0}}, "site_full": "london.backpage.com", "main_image": "", "site_section": "http://uk.backpage.com/online/exports/Rss.xml?keyword=sex&section=517473", "section_title": "backpage.com | sex | united kingdom", "url": "http://london.backpage.com/FemaleEscorts/why-some-men-almost-always-enjoy-a-great-sex-life-with-no-strings-attached-18/17749717", "country": "US", "domain_rank": 949, "title": "Why SOME MEN ALMOST ALWAYS Enjoy A GREAT SEX LIFE With No Strings Attached ❤❤❤ - 18 - 18", "performance_score": 0, "site": "backpage.com", "participants_count": 0, "title_full": "Why SOME MEN ALMOST ALWAYS Enjoy A GREAT SEX LIFE With No Strings Attached ❤❤❤ - 18 - 18", "spam_score": 0.0, "site_type": "news", "published": "2016-11-20T20:33:00.000+02:00", "replies_count": 0, "uuid": "14937356c996f8ed102248b8e536e11799c9c1a6"}, "author": "", "url": "http://london.backpage.com/FemaleEscorts/why-some-men-almost-always-enjoy-a-great-sex-life-with-no-strings-attached-18/17749717", "ord_in_thread": 0, "title": "Why SOME MEN ALMOST ALWAYS Enjoy A GREAT SEX LIFE With No Strings Attached ❤❤❤ - 18 - 18", "locations": [], "entities": {"persons": [{"name": "mayfair", "sentiment": "none"}], "locations": [{"name": "kensington", "sentiment": "none"}, {"name": "hyde park", "sentiment": "none"}, {"name": "victoria", "sentiment": "none"}, {"name": "euston", "sentiment": "none"}, {"name": "marylebone", "sentiment": "none"}, {"name": "canary wharf", "sentiment": "none"}, {"name": "baker street", "sentiment": "none"}, {"name": "bloomsbury", "sentiment": "none"}, {"name": "knightsbridge", "sentiment": "none"}, {"name": "london", "sentiment": "none"}, {"name": "north west london", "sentiment": "none"}, {"name": "asian escort", "sentiment": "none"}, {"name": "central london", "sentiment": "none"}, {"name": "green park", "sentiment": "none"}, {"name": "paddington", "sentiment": "none"}, {"name": "south kensington", "sentiment": "none"}, {"name": "marylebone", "sentiment": "none"}, {"name": "waterloo", "sentiment": "none"}], "organizations": [{"name": "canary wharf", "sentiment": "none"}, {"name": "oxford circus", "sentiment": "none"}]}, "highlightText": "", "language": "english", "persons": [], "text": "Why SOME MEN ALMOST ALWAYS Enjoy A GREAT SEX LIFE With No Strings Attached ❤❤❤ - 18 Specialists in Japanese and Korean Escorts in London 07785 711 199 At Sexy Asian Girls we have a very different selection of attractive Chinese, Japanese, Korean, Malaysian, Singaporean and Vietnamese girls. Visit our website www.sexyasiangirls.co.uk . We also have many more girls who are a little shy to appear on the website, but are just as sexy. 07785 711 199 If you are working in London, visiting on business, holiday or simply in town to meet an Asian Escort, then our sexy well educated ladies are available now. They are waiting to give you wonderful pleasure with their individual escort services. It doesn’t matter whether you want a quick massage to relieve your stress, an erotic, sexual adventure with an Asian Escort in London or a dinner date and theatre. We can meet your requirements, quickly and discreetly. 07785 711 199 We cover most areas in Central London including Baker Street, Bloomsbury, Canary Wharf, Euston, Green Park, Hyde Park, Kensington, Knightsbridge, Mayfair, Marylebone, Oxford Circus, Paddington, Waterloo and Victoria. You could be closer than you think. We have private apartments in MARYLEBONE, SOUTH KENSINGTON AND CANARY WHARF. We are open 24hours a day and 7 days a week.07785 711 199 If you want to book one of our Asian Escorts in London or maybe have a few questions, just call one of our friendly reception girls 07785 711 199 and they will find just the girl to suit your needs. Please note: we don’t answer the phone to numbers that are private or withheld. For general enquiries please email . Poster's age: 18 • Location: Central London, London, North West London • Post ID: 17749717 uk", "external_links": [], "published": "2016-11-20T20:33:00.000+02:00", "crawled": "2016-11-20T18:48:30.926+02:00", "highlightTitle": ""}