{"organizations": [], "uuid": "259196b1d243d6cf25676efe90e571ecc41547bf", "thread": {"social": {"gplus": {"shares": 0}, "pinterest": {"shares": 0}, "vk": {"shares": 0}, "linkedin": {"shares": 0}, "facebook": {"likes": 0, "shares": 0, "comments": 0}, "stumbledupon": {"shares": 0}}, "site_full": "www.chron.com", "main_image": "http://www.chron.com/img/pages/article/opengraph_default.jpg", "site_section": "", "section_title": "", "url": "http://www.chron.com/sports/other-sports/article/Northeast-Individual-Leaders-10626198.php", "country": "US", "domain_rank": 773, "title": "Northeast Individual Leaders - Houston Chronicle", "performance_score": 0, "site": "chron.com", "participants_count": 0, "title_full": "Northeast Individual Leaders - Houston Chronicle", "spam_score": 0.031, "site_type": "news", "published": "2016-11-20T15:15:00.000+02:00", "replies_count": 0, "uuid": "259196b1d243d6cf25676efe90e571ecc41547bf"}, "author": "The Associated Press", "url": "http://www.chron.com/sports/other-sports/article/Northeast-Individual-Leaders-10626198.php", "ord_in_thread": 0, "title": "Northeast Individual Leaders - Houston Chronicle", "locations": [], "entities": {"persons": [], "locations": [], "organizations": [{"name": "northeast individual leaders - houston chronicle shermanstravelsearch", "sentiment": "negative"}]}, "highlightText": "", "language": "english", "persons": [], "text": "ShermansTravelSearch Posted 1 hr 41 min ago Latest Sports Video ", "external_links": [], "published": "2016-11-20T15:15:00.000+02:00", "crawled": "2016-11-21T15:45:14.329+02:00", "highlightTitle": ""}