{"organizations": [], "uuid": "18cea9a91810893bf6978d80a5ce62a5962e6878", "thread": {"social": {"gplus": {"shares": 0}, "pinterest": {"shares": 0}, "vk": {"shares": 0}, "linkedin": {"shares": 0}, "facebook": {"likes": 220, "shares": 220, "comments": 0}, "stumbledupon": {"shares": 0}}, "site_full": "www.nhl.com", "main_image": "https://nhl.bamcontent.com/images/photos/283913754/1136x640/cut.jpeg", "site_section": "", "section_title": "", "url": "https://www.nhl.com/blackhawks/video/hinostroza-scores-first-nhl-goal/c-46532203", "country": "US", "domain_rank": 915, "title": "Chicago Blackhawks Video | NHL.com", "performance_score": 2, "site": "nhl.com", "participants_count": 0, "title_full": "Chicago Blackhawks Video | NHL.com", "spam_score": 0.364, "site_type": "news", "published": "2016-11-20T05:00:00.000+02:00", "replies_count": 0, "uuid": "18cea9a91810893bf6978d80a5ce62a5962e6878"}, "author": "", "url": "https://www.nhl.com/blackhawks/video/hinostroza-scores-first-nhl-goal/c-46532203", "ord_in_thread": 0, "title": "Chicago Blackhawks Video | NHL.com", "locations": [], "entities": {"persons": [], "locations": [], "organizations": [{"name": "chicago blackhawks video | nhl.com blackhawks", "sentiment": "negative"}, {"name": "national hockey league", "sentiment": "none"}, {"name": "nhl enterprises", "sentiment": "none"}, {"name": "nhl shield", "sentiment": "none"}, {"name": "nhl", "sentiment": "none"}, {"name": "chicago blackhawk hockey team, inc", "sentiment": "none"}, {"name": "nhl conference", "sentiment": "none"}, {"name": "chicago blackhawk hockey team, inc.", "sentiment": "none"}, {"name": "chicago blackhawks", "sentiment": "none"}]}, "highlightText": "", "language": "english", "persons": [], "text": "Blackhawks Privacy Policy Contact Us FAQ Employment Sponsorships chicagoblackhawks.com is the official website of the Chicago Blackhawks. The Chicago Blackhawks and chicagoblackhawks.com are trademarks of Chicago Blackhawk Hockey Team, Inc. NHL, the NHL Shield, the word mark and image of the Stanley Cup and NHL Conference logos are registered trademarks of the National Hockey League. All NHL logos and marks and NHL team logos and marks as well as all other proprietary materials depicted herein are the property of the NHL and the respective NHL teams and may not be reproduced without the prior written consent of NHL Enterprises, L.P. Copyright © 1999-2016 Chicago Blackhawk Hockey Team, Inc. and the National Hockey League. All Rights Reserved. ", "external_links": [], "published": "2016-11-20T05:00:00.000+02:00", "crawled": "2016-11-20T13:56:58.521+02:00", "highlightTitle": ""}