{"organizations": [], "uuid": "871da9271e16d654bf1c8792d4b46adc5a704438", "thread": {"social": {"gplus": {"shares": 0}, "pinterest": {"shares": 0}, "vk": {"shares": 0}, "linkedin": {"shares": 0}, "facebook": {"likes": 0, "shares": 0, "comments": 0}, "stumbledupon": {"shares": 0}}, "site_full": "www.cbssports.com", "main_image": "http://sportshub.cbsistatic.com/i/r/2016/11/20/e34c473e-a66e-47ac-83a2-85e6e76e087f/thumbnail/770x433/3210ffe6573ee1035db1c1ddbc1328dd/rhodes-6.jpg", "site_section": "http://www.cbssports.com/partners/feeds/rss/nba_news", "section_title": "CBSSports.com Headlines", "url": "http://www.cbssports.com/nfl/news/watch-xavier-rhodes-picks-off-carson-palmer-takes-it-100-yards-to-the-house/", "country": "US", "domain_rank": 438, "title": "WATCH: Xavier Rhodes picks off Carson Palmer, takes it 100 yards to the house", "performance_score": 0, "site": "cbssports.com", "participants_count": 1, "title_full": "WATCH: Xavier Rhodes picks off Carson Palmer, takes it 100 yards to the house", "spam_score": 0.0, "site_type": "news", "published": "2016-11-21T02:45:00.000+02:00", "replies_count": 0, "uuid": "871da9271e16d654bf1c8792d4b46adc5a704438"}, "author": "Jared Dubin", "url": "http://www.cbssports.com/nfl/news/watch-xavier-rhodes-picks-off-carson-palmer-takes-it-100-yards-to-the-house/", "ord_in_thread": 0, "title": "WATCH: Xavier Rhodes picks off Carson Palmer, takes it 100 yards to the house", "locations": [], "entities": {"persons": [{"name": "carson palmer", "sentiment": "negative"}, {"name": "xavier rhodes", "sentiment": "negative"}, {"name": "palmer", "sentiment": "none"}, {"name": "rhodes", "sentiment": "none"}, {"name": "john brown", "sentiment": "none"}, {"name": "bobby bryant", "sentiment": "none"}, {"name": "brown", "sentiment": "none"}], "locations": [{"name": "minnesota", "sentiment": "none"}], "organizations": [{"name": "minnesota vikings", "sentiment": "negative"}, {"name": "nfl", "sentiment": "none"}, {"name": "cardinals", "sentiment": "none"}, {"name": "cowboys", "sentiment": "none"}, {"name": "vikings", "sentiment": "none"}]}, "highlightText": "", "language": "english", "persons": [], "text": "42m ago • 1 min read \nThe Minnesota Vikings ' defense hasn't been making quite as many plays as it did during the team's 5-0 start. Xavier Rhodes is determined to put an end to that slide. \nWith the Cardinals driving and looking to take the lead, Rhodes cut off a pass intended (using the loosest possible definition of the word) for John Brown , then took off down the field in the opposite direction. He went 100 yards all the way to the house. \nNot surprisingly, Rhodes' interception return is also a Vikings record. Minnesota's longest previous return for a TD was held by Bobby Bryant, who returned an interception 63 yards against the Cowboys on Dec. 30, 1973. 🔥🔥 PICK-6 ALERT! 🔥🔥 @XavierRhodes29_ takes Carson Palmer's pass 100 yards to the HOUSE. #AZvsMIN https://t.co/ImQE7C0QHL — NFL (@NFL) November 20, 2016 \nSee what I meant by the loosest possible definition of the word \"intended?\" Carson Palmer throws the ball while Brown is still engaged with a defender, and it's picked off by the time he turns around to look for it. It's safe to say the two were not on the same page here. Palmer clearly did not see Rhodes lurking behind the route. \nThe way the pass was thrown made it incredibly easy for Rhodes to return it for a score because the only guy between him and the end zone was Palmer himself. The Vikings extended their lead with this one, but they did let the Cards come back and drive for a touchdown on the following possession.", "external_links": [], "published": "2016-11-21T02:45:00.000+02:00", "crawled": "2016-11-20T22:31:54.644+02:00", "highlightTitle": ""}