{"organizations": [], "uuid": "6ae49c1f6bf3533179c0c81485063ad39559c722", "thread": {"social": {"gplus": {"shares": 0}, "pinterest": {"shares": 0}, "vk": {"shares": 0}, "linkedin": {"shares": 0}, "facebook": {"likes": 0, "shares": 0, "comments": 0}, "stumbledupon": {"shares": 0}}, "site_full": "edition.cnn.com", "main_image": "http://i2.cdn.cnn.com/cnnnext/dam/assets/161120094949-ip-panel-11-20-super-tease.jpg", "site_section": "http://rss.cnn.com/rss/cnn_latest.rss", "section_title": "CNN.com - RSS Channel", "url": "http://edition.cnn.com/2016/11/20/politics/ip-forecast-joe-biden-possible-dnc-chair/index.html", "country": "US", "domain_rank": 81, "title": "Joe Biden's possible plans, post-White House - CNNPolitics.com", "performance_score": 0, "site": "cnn.com", "participants_count": 1, "title_full": "Joe Biden's possible plans, post-White House - CNNPolitics.com", "spam_score": 0.0, "site_type": "news", "published": "2016-11-20T02:00:00.000+02:00", "replies_count": 0, "uuid": "6ae49c1f6bf3533179c0c81485063ad39559c722"}, "author": "Rebecca Schatz, CNN", "url": "http://edition.cnn.com/2016/11/20/politics/ip-forecast-joe-biden-possible-dnc-chair/index.html", "ord_in_thread": 0, "title": "Joe Biden's possible plans, post-White House - CNNPolitics.com", "locations": [], "entities": {"persons": [{"name": "joe biden", "sentiment": "neutral"}, {"name": "hill", "sentiment": "none"}, {"name": "caitlin huey-burns", "sentiment": "none"}, {"name": "donald trump", "sentiment": "none"}, {"name": "trump", "sentiment": "none"}, {"name": "bump", "sentiment": "none"}, {"name": "maggie haberman", "sentiment": "none"}, {"name": "joe", "sentiment": "none"}, {"name": "huey-burns", "sentiment": "none"}, {"name": "haberman", "sentiment": "none"}, {"name": "louis", "sentiment": "none"}, {"name": "errol louis", "sentiment": "none"}, {"name": "biden", "sentiment": "none"}], "locations": [{"name": "manhattan", "sentiment": "none"}, {"name": "white house", "sentiment": "none"}, {"name": "russia", "sentiment": "none"}], "organizations": [{"name": "democratic national committee", "sentiment": "neutral"}, {"name": "post-white house", "sentiment": "neutral"}, {"name": "philip bump of the washington post", "sentiment": "none"}, {"name": "dnc", "sentiment": "none"}, {"name": "gop", "sentiment": "none"}, {"name": "cnn", "sentiment": "none"}, {"name": "wall st.", "sentiment": "none"}, {"name": "trump university", "sentiment": "none"}, {"name": "cbs", "sentiment": "none"}, {"name": "new york times", "sentiment": "none"}, {"name": "democratic party", "sentiment": "none"}]}, "highlightText": "", "language": "english", "persons": [], "text": "Story highlights Joe Biden's name floated as a possible Democratic National Committee chair How long will GOP lawmakers' \"Kumbaya\" moment last with Donald Trump? (CNN) From VP to DNC? Vice President Joe Biden's possible role leading the Democratic Party, potential conflicts of interest for Donald Trump as commander in chief, and the GOP's \"Kumbaya\" moment with the incoming leader and how long it will last. It's all in the \"Inside Politics\" forecast -- where you get a taste of tomorrow's news today.\n1) Revamping the Democratic Party... with Uncle Joe? It was the post-election narrative almost no one saw coming: The Democrats are picking up the pieces and considering revamping the party. JUST WATCHED A possible surprise pick for DNC chair? Replay More Videos ... MUST WATCH \nA possible surprise pick for DNC chair? 00:27 Their goal is to win back those voters who went Trump's way. As The New York Times' Maggie Haberman reports, one name that's been floated as a possible Democratic National Committee chair: Biden, the outgoing vice president. \"There are a lot of people who think that he would be the sort of perfect voice toward the white working-class voters who the party is looking to attract,\" Haberman said. \"There's been no indication that this is what Biden wants, but it is something that is being talked about right now.\" Read More 2) Possible conflicts of interest for incoming commander in chief? The President-elect has agreed to pay $25 million to settle lawsuits dealing with Trump University . But will this case be the first of many possible corporate wrenches thrown into Trump's White House? Trump University isn't the only possible hiccup, according to Errol Louis, host of \"Inside City Hall,\" a nightly political show on NY1 news channel. JUST WATCHED Trump's possible commander in chief conflicts Replay More Videos ... MUST WATCH \nTrump's possible commander in chief conflicts 00:41 \" 40 Wall St. , which is by far the most successful of the real estate deals that still has Trump's name on it, was the place where Trump University was headquartered,\" Louis said. \"But there are also a couple of dozen other places where prosecutors have either convicted or investigated various people,\" he said, referring to investigations of alleged scams tied to the Manhattan skyscraper . \". ... It raises an interesting kind of conflict. Can the sitting president be earning money from people who his same federal government is supposed to be investigating, prosecuting, pursuing and in some cases prosecuting and imprisoning?\" 3) How long will that GOP 'Kumbaya' moment last? Republicans on the Hill are all smiles right now as they wait for their incoming leader. But behind the scenes, they are also trying to determine what type of president Trump will be legislatively. As Caitlin Huey-Burns of RealClear Politics puts it: \"They don't really know him that well.\" Huey-Burns said, \"They are still at odds (when it comes to) a lot of significant policy issues that are going to come out, perhaps, right off the gate. \"Government spending, when it comes to infrastructure projects, foreign policy, when it comes to Russia, and touching entitlements and those sorts of things; we'll be watching how Republicans navigate this new Trump world.\" 4) What Trump tweets say about how he'll be as President We all know the President-elect likes to tweet. In his recent appearance on CBS' \"60 Minutes,\" he called it \"tremendous\" and a \"modern form of communication.\" But as Philip Bump of The Washington Post notes, how Trump tweets may say a lot about how he'll transition from candidate to commander in chief. Bump said he'll be watching. \"The way he interacts with the media, the way he keeps floating various rumors about his Cabinet picks, the way he gets into weird fights on Twitter continually, even as President-elect ...,\" Bump said. \"I think it's going to be interesting to watch this transitional period, how he uses social media, how he uses rumors, as an indicator of how he'll actually be once he's President.\"", "external_links": [], "published": "2016-11-20T02:00:00.000+02:00", "crawled": "2016-11-20T20:12:44.005+02:00", "highlightTitle": ""}