{"organizations": [], "uuid": "b8822caf482b6f0bb1d70848ba030300442c29e6", "thread": {"social": {"gplus": {"shares": 0}, "pinterest": {"shares": 0}, "vk": {"shares": 0}, "linkedin": {"shares": 0}, "facebook": {"likes": 0, "shares": 0, "comments": 0}, "stumbledupon": {"shares": 0}}, "site_full": "archive.org", "main_image": "", "site_section": "http://archive.org//services/collection-rss.php", "section_title": "Internet Archive", "url": "https://archive.org/details/AdobeDreamweaverCC2015CrackReUploadMacOSX1_20161120", "country": "US", "domain_rank": 285, "title": "Adobe Dreamweaver CC 2015 + Crack [ Re Upload] Mac OSX( 1)", "performance_score": 0, "site": "archive.org", "participants_count": 0, "title_full": "Adobe Dreamweaver CC 2015 + Crack [ Re Upload] Mac OSX( 1)", "spam_score": 0.0, "site_type": "news", "published": "2016-11-20T09:27:00.000+02:00", "replies_count": 0, "uuid": "b8822caf482b6f0bb1d70848ba030300442c29e6"}, "author": "", "url": "https://archive.org/details/AdobeDreamweaverCC2015CrackReUploadMacOSX1_20161120", "ord_in_thread": 0, "title": "Adobe Dreamweaver CC 2015 + Crack [ Re Upload] Mac OSX( 1)", "locations": [], "entities": {"persons": [], "locations": [], "organizations": []}, "highlightText": "", "language": "english", "persons": [], "text": "Adobe Dreamweaver CC 2015 + Crack [ Re Upload] Mac OSX( 1) Item Preview There Is No Preview Available For This Item \nThis item does not appear to have any files that can be experienced on Archive.org. Please download files in this item to interact with them on your computer.", "external_links": [], "published": "2016-11-20T09:27:00.000+02:00", "crawled": "2016-11-20T04:39:21.439+02:00", "highlightTitle": ""}