{"organizations": [], "uuid": "4c653726cdbfc34e9158f43451fe7f37a2ab6dbb", "thread": {"social": {"gplus": {"shares": 0}, "pinterest": {"shares": 0}, "vk": {"shares": 0}, "linkedin": {"shares": 0}, "facebook": {"likes": 0, "shares": 0, "comments": 0}, "stumbledupon": {"shares": 0}}, "site_full": "www.tmz.com", "main_image": "http://ll-media.tmz.com/2016/11/16/111616-shaunie-oneal-primary-1200x630.jpg", "site_section": "", "section_title": "", "url": "http://www.tmz.com/2016/11/20/shaunie-oneal-nba-shareef-oneal-ncaa/", "country": "US", "domain_rank": 700, "title": "Shaunie O'Neal Says Her Kids Ain't Afraid Of Racists | TMZ.com", "performance_score": 0, "site": "tmz.com", "participants_count": 0, "title_full": "Shaunie O'Neal Says Her Kids Ain't Afraid Of Racists | TMZ.com", "spam_score": 0.19, "site_type": "news", "published": "2016-11-20T07:40:00.000+02:00", "replies_count": 0, "uuid": "4c653726cdbfc34e9158f43451fe7f37a2ab6dbb"}, "author": "", "url": "http://www.tmz.com/2016/11/20/shaunie-oneal-nba-shareef-oneal-ncaa/", "ord_in_thread": 0, "title": "Shaunie O'Neal Says Her Kids Ain't Afraid Of Racists | TMZ.com", "locations": [], "entities": {"persons": [{"name": "shaunie o'neal", "sentiment": "negative"}, {"name": "shareef o'neal", "sentiment": "none"}, {"name": "o'neal", "sentiment": "none"}, {"name": "shareef", "sentiment": "none"}, {"name": "shaunie", "sentiment": "none"}], "locations": [{"name": "lax", "sentiment": "none"}, {"name": "south", "sentiment": "none"}], "organizations": [{"name": "tmz.com shaunie o'neal says her kids ain't afraid of racists shaunie o'neal my kids ai", "sentiment": "neutral"}]}, "highlightText": "", "language": "english", "persons": [], "text": "Shaunie O'Neal Says Her Kids Ain't Afraid Of Racists Shaunie O'Neal My Kids Ain't Afraid Of Racists ... 'I Didn't Raise No Punks' 11/20/2016 12:40 AM PST BY TMZ STAFF EXCLUSIVE \nShaunie O'Neal has a message for any racists that might try to bully her children ... don't try it ... saying her kids are completely ready, willing and able ... TO FIGHT BACK! \nWe got Shaunie out at LAX and asked her what it's like raising youngsters (she has five kids) in the tense racial and social time the country is going through right now. \nRemember ... one of those kids is high school basketball star Shareef O'Neal , who's choosing from a huge number of colleges , some of which are in the South. \nIt's clear Ms. O'Neal ain't scared at all ... saying she's taught her kids all about defending themselves and none of their hearts pump any Kool-Aid ... at all. \nAlso worth noting ... their father is 7'1\" 360 pounds ... and Shareef is 6'8\" ... so prolly not a good idea to mess. ", "external_links": [], "published": "2016-11-20T07:40:00.000+02:00", "crawled": "2016-11-20T10:45:05.582+02:00", "highlightTitle": ""}