{"organizations": [], "uuid": "406da6e06b77535741bd6cb63b4b3e1cb9bab0f8", "thread": {"social": {"gplus": {"shares": 0}, "pinterest": {"shares": 0}, "vk": {"shares": 0}, "linkedin": {"shares": 0}, "facebook": {"likes": 0, "shares": 0, "comments": 0}, "stumbledupon": {"shares": 0}}, "site_full": "cocktails.about.com", "main_image": "http://f.tqn.com/y/cocktails/1/S/g/c/-/-/WinterCocktails-451158631.jpg", "site_section": "http://z.about.com/6/o/m/cocktails_p2.xml", "section_title": "About.com Cocktails: Most Popular Articles", "url": "http://cocktails.about.com/od/cocktailrecipes/a/seasonal_index.htm", "country": "US", "domain_rank": 238, "title": "Warm and Soothing Drinks to Take the Chill out...", "performance_score": 0, "site": "about.com", "participants_count": 0, "title_full": "Warm and Soothing Drinks to Take the Chill out...", "spam_score": 0.0, "site_type": "news", "published": "2016-11-23T18:15:00.000+02:00", "replies_count": 0, "uuid": "406da6e06b77535741bd6cb63b4b3e1cb9bab0f8"}, "author": "", "url": "http://cocktails.about.com/od/cocktailrecipes/a/seasonal_index.htm", "ord_in_thread": 0, "title": "Warm and Soothing Drinks to Take the Chill out...", "locations": [], "entities": {"persons": [{"name": "colleen graham", "sentiment": "positive"}], "locations": [], "organizations": []}, "highlightText": "", "language": "english", "persons": [], "text": "By Colleen Graham Updated February 05, 2016 . \nWarm and comforting is what we often look for in drinks during the cold months of winter. Cocktails with a hot little pick-me-up, a touch of peppermint, chocolate, and other seasonal flavors are all included in this directory. Also, we cannot forget about the holidays , which take place during this season, so you will find drinks that are perfect for Christmas and New Year's as well as Valentine's Day and other important occasions that we love to celebrate. \nMore Seasonal Cocktails ... Spring ... Summer ... Autumn ... Winter Cocktails:", "external_links": [], "published": "2016-11-23T18:15:00.000+02:00", "crawled": "2016-11-23T15:14:06.780+02:00", "highlightTitle": ""}