{"organizations": [], "uuid": "d39abfe3248b594c604b0dea56161d7da5284015", "thread": {"social": {"gplus": {"shares": 2}, "pinterest": {"shares": 0}, "vk": {"shares": 0}, "linkedin": {"shares": 0}, "facebook": {"likes": 10, "shares": 10, "comments": 0}, "stumbledupon": {"shares": 0}}, "site_full": "www.nfl.com", "main_image": "http://static.nfl.com/static/content/public/photo/2016/11/20/0ap3000000742751_thumbnail_200_150.jpg", "site_section": "http://www.nfl.com/rss/rsslanding?searchString=team&abbr=CIN", "section_title": "NFL.com", "url": "http://www.nfl.com/news/story/0ap3000000742733/article/bills-lesean-mccoy-thumb-questionable-to-return", "country": "US", "domain_rank": 992, "title": "Bills' LeSean McCoy (thumb) questionable to return", "performance_score": 0, "site": "nfl.com", "participants_count": 1, "title_full": "Bills' LeSean McCoy (thumb) questionable to return - NFL.com", "spam_score": 0.0, "site_type": "news", "published": "2016-11-21T03:29:00.000+02:00", "replies_count": 0, "uuid": "d39abfe3248b594c604b0dea56161d7da5284015"}, "author": "Around The NFL staff", "url": "http://www.nfl.com/news/story/0ap3000000742733/article/bills-lesean-mccoy-thumb-questionable-to-return", "ord_in_thread": 0, "title": "Bills' LeSean McCoy (thumb) questionable to return", "locations": [], "entities": {"persons": [{"name": "lesean mccoy", "sentiment": "negative"}, {"name": "mccoy", "sentiment": "none"}], "locations": [], "organizations": [{"name": "cincinnati bengals", "sentiment": "negative"}, {"name": "buffalo bills", "sentiment": "negative"}, {"name": "nfl", "sentiment": "none"}, {"name": "bengals", "sentiment": "none"}]}, "highlightText": "", "language": "english", "persons": [], "text": "Buffalo Bills running back LeSean McCoy exited Sunday's matchup with the Cincinnati Bengals after sustaining a thumb injury in the second quarter.\nThe Bills announced the running back is questionable to return.\nAgainst the Bengals , McCoy tallied 5 carries for 33 yards with 1 touchdown.\nAround The NFL will have more on McCoy's status shortly.", "external_links": [], "published": "2016-11-21T03:29:00.000+02:00", "crawled": "2016-11-20T21:41:56.233+02:00", "highlightTitle": ""}