{"organizations": [], "uuid": "d25d2e138573fd4169e97215a67a4773394fc171", "thread": {"social": {"gplus": {"shares": 0}, "pinterest": {"shares": 0}, "vk": {"shares": 0}, "linkedin": {"shares": 0}, "facebook": {"likes": 0, "shares": 0, "comments": 0}, "stumbledupon": {"shares": 0}}, "site_full": "nz.sports.yahoo.com", "main_image": "https://s.yimg.com/iu/api/res/1.2/cclr.CdYFnGniSPtSfk7Vw--/YXBwaWQ9eXZpZGVvO2ZpPWZpbGw7cT03MDtuPTE7cm90YXRlPWF1dG8-/https://s.yimg.com/ea/img/-/161120/5831203aa9caa_3648654_191116m_geoffogilvy_1280x720.jpg", "site_section": "https://nz.rss.sports.yahoo.com/sport.xml", "section_title": "Sport - Yahoo New Zealand Sport", "url": "https://nz.sports.yahoo.com/golf/a/33261202/australian-open-golf-final-round-geoff-ogilvy/", "country": "US", "domain_rank": 5, "title": "Ogilvy regains Australian Open lead", "performance_score": 0, "site": "yahoo.com", "participants_count": 0, "title_full": "Ogilvy regains Australian Open lead", "spam_score": 0.0, "site_type": "news", "published": "2016-11-20T12:54:00.000+02:00", "replies_count": 0, "uuid": "d25d2e138573fd4169e97215a67a4773394fc171"}, "author": "", "url": "https://nz.sports.yahoo.com/golf/a/33261202/australian-open-golf-final-round-geoff-ogilvy/", "ord_in_thread": 0, "title": "Ogilvy regains Australian Open lead", "locations": [], "entities": {"persons": [{"name": "geoff ogilvy", "sentiment": "negative"}, {"name": "jhonattan vegas", "sentiment": "none"}, {"name": "ashley hall", "sentiment": "none"}, {"name": "spieth", "sentiment": "none"}, {"name": "ryan fox", "sentiment": "none"}, {"name": "aaron baddeley", "sentiment": "none"}, {"name": "adam scott", "sentiment": "none"}], "locations": [{"name": "jordan spieth", "sentiment": "none"}], "organizations": [{"name": "yahoo new zealand geoff ogilvy", "sentiment": "negative"}, {"name": "ogilvy", "sentiment": "negative"}, {"name": "spieth", "sentiment": "none"}, {"name": "royal sydney golf club", "sentiment": "none"}]}, "highlightText": "", "language": "english", "persons": [], "text": "Share Australian Open golf final round: Geoff Ogilvy - Yahoo New Zealand Geoff Ogilvy has regained a two-shot lead midway through the final round of the Australian Open at Royal Sydney Golf Club. Ogilvy chips in for eagle UP NEXT VIDEO Ogilvy chips in for eagle. Source: 7Sport Ogilvy chips in for eagle \nThe third-round leader briefly relinquished top spot to Jordan Spieth after the American superstar opened with back-to-back birdies on Sunday. \nBut there's since been a five-shot swing, with Ogilvy back two clear of the field at 13 under par in his quest to get his hands on the Stonehaven Cup for a second time. \nOgilvy's playing partner and two-time champion Aaron Baddeley, along with New Zealander Ryan Fox and unheralded Ashley Hall are his closest pursuers. \nJordan Spieth is a further stroke behind at 10 under two, while fellow American Jhonattan Vegas has claimed the clubhouse lead at nine under with a fine closing round of 67. \nBut Adam Scott's title bid has stalled, with the former world No.1 slipping back to five under for the championship through 12 holes. \nSpieth wasted little time seizing the lead early with his birdies on one and two as Ogilvy took bogey on three. \nBut the tournament turned in a dramatic half-hour stretch when Ogilvy birdied the fifth, then chipped in for eagle at the par-5 seventh as Spieth dropped a shot on eight in a five-shot swing.", "external_links": [], "published": "2016-11-20T12:54:00.000+02:00", "crawled": "2016-11-20T06:34:47.905+02:00", "highlightTitle": ""}