{"organizations": [], "uuid": "2610abbe0d9e3c71d588823397a231fbdf103077", "thread": {"social": {"gplus": {"shares": 0}, "pinterest": {"shares": 0}, "vk": {"shares": 0}, "linkedin": {"shares": 0}, "facebook": {"likes": 0, "shares": 0, "comments": 0}, "stumbledupon": {"shares": 0}}, "site_full": "www.reuters.com", "main_image": "http://s4.reutersmedia.net/resources_v2/images/rcom-default.png", "site_section": "http://feeds.reuters.com/news/usmarkets", "section_title": "Reuters: Market News", "url": "http://www.reuters.com/article/us-space-launch-weather-idUSKBN13E0P0", "country": "US", "domain_rank": 408, "title": "U.S. weather satellite that is 'a quantum leap' poised for launch", "performance_score": 0, "site": "reuters.com", "participants_count": 0, "title_full": "U.S. weather satellite that is 'a quantum leap' poised for launch", "spam_score": 0.0, "site_type": "news", "published": "2016-11-20T01:04:00.000+02:00", "replies_count": 0, "uuid": "2610abbe0d9e3c71d588823397a231fbdf103077"}, "author": "", "url": "http://www.reuters.com/article/us-space-launch-weather-idUSKBN13E0P0", "ord_in_thread": 0, "title": "U.S. weather satellite that is 'a quantum leap' poised for launch", "locations": [], "entities": {"persons": [{"name": "stephen volz", "sentiment": "none"}, {"name": "frank mcgurty", "sentiment": "none"}, {"name": "leslie adler", "sentiment": "none"}, {"name": "sandra cauffman", "sentiment": "none"}, {"name": "steven goodman", "sentiment": "none"}, {"name": "irene klotz", "sentiment": "none"}], "locations": [{"name": "u.s.", "sentiment": "none"}, {"name": "western hemisphere", "sentiment": "none"}, {"name": "fla", "sentiment": "none"}, {"name": "cape canaveral air force station", "sentiment": "none"}, {"name": "cape canaveral", "sentiment": "none"}, {"name": "international space station", "sentiment": "none"}, {"name": "kazakhstan", "sentiment": "none"}, {"name": "florida", "sentiment": "none"}, {"name": "cape canaveral", "sentiment": "none"}, {"name": "fla  cape canaveral", "sentiment": "none"}], "organizations": [{"name": "lockheed", "sentiment": "none"}, {"name": "harris corp.", "sentiment": "none"}, {"name": "lockheed martin corp.", "sentiment": "none"}, {"name": "u.s. government accountability office", "sentiment": "none"}, {"name": "boeing co.", "sentiment": "none"}, {"name": "earth sciences", "sentiment": "none"}, {"name": "united launch alliance", "sentiment": "none"}, {"name": "nasa", "sentiment": "none"}, {"name": "noaa", "sentiment": "none"}, {"name": "exelis inc", "sentiment": "none"}, {"name": "national oceanic and atmospheric administration", "sentiment": "none"}]}, "highlightText": "", "language": "english", "persons": [], "text": "Science News | Sat Nov 19, 2016 | 1:11pm EST U.S. weather satellite that is 'a quantum leap' poised for launch By Irene Klotz | CAPE CANAVERAL, Fla \nCAPE CANAVERAL, Fla A U.S. weather satellite that will \"revolutionize\" forecasting was scheduled for launch from Florida's Cape Canaveral on Saturday, promising to deliver continuous high-definition views of hurricanes and other storms over the Western Hemisphere. \nThe detailed view provided by the satellite is expected to sharpen hurricane forecasts, provide more advanced warning of floods and better tracking of wildfires, plumes and volcanic ash clouds. \nScheduled to blast off from Cape Canaveral Air Force Station at 5:42 p.m. EST, the GOES-R satellite is capable of taking a complete picture of the hemisphere every five minutes while simultaneously zooming in on fires, volcanic eruptions or severe rain in specific regions. \nThe satellite, the 17th in the Geostationary Operational Environmental Satellite (GOES) series, is the first to be launched since 2010. It is a step up from its predecessors, which take 30 minutes to image the hemisphere and are not capable of carrying out multiple tasks at the same time. \n“This is a quantum leap,” Sandra Cauffman, deputy director of Earth Sciences at NASA, said at a news conference on Thursday. \"It will truly revolutionize weather forecasting.” \nThe satellite rests on top of an Atlas 5 rocket developed by United Launch Alliance, a partnership of Lockheed Martin Corp. and Boeing Co.. \nThe heart of the new satellite is a high-resolution camera, designed and built by Exelis Inc, a subsidiary of Harris Corp.. It can see in 16 wavelengths, compared with the five available with the current system. \nGOES-R, developed by NASA and the National Oceanic and Atmospheric Administration, has four times better resolution and can take images five times faster than its predecessors, NOAA program scientist Steven Goodman said. \nThe satellite's capabilities go beyond weather forecasting. The sharper view will enable forecasters to see waves in clouds, for example, so that pilots can avoid turbulence and give airline passengers smoother rides. \nGOES-R, built by Lockheed, includes the first operational lightning mapper, which will image lightning fields in the western hemisphere 200 times a second, NOAA said. \nGOES-R is the first of four satellites in a system upgrade that will cost $11 billion, including launch fees, said NOAA Assistant Administrator Stephen Volz. The next satellite is slated for launch in 2018. \nGOES, along with a second, polar-orbiting weather satellite network operated by NOAA, has faced cost overruns and program delays due to technical issues and mismanagement, according to a December 2015 U.S. Government Accountability Office report. \nOnce in orbit, the new satellite will undergo about 11 months of testing before it joins the operational fleet, which now numbers three units, NOAA said. \n(Editing by Frank McGurty and Leslie Adler) Next In Science News Multinational crew blasts off, bound for space station \nA multinational crew, including a U.S. astronaut who is the oldest and most experienced woman to fly in space, blasted off from Kazakhstan on Thursday for the International Space Station, where it should arrive in two days, a NASA TV broadcast showed.", "external_links": [], "published": "2016-11-20T01:04:00.000+02:00", "crawled": "2016-11-19T20:23:18.953+02:00", "highlightTitle": ""}