{"organizations": [], "uuid": "b319ef349cf2e4b7c9352042be5ac4b5fa3ea75c", "thread": {"social": {"gplus": {"shares": 0}, "pinterest": {"shares": 0}, "vk": {"shares": 0}, "linkedin": {"shares": 0}, "facebook": {"likes": 0, "shares": 0, "comments": 0}, "stumbledupon": {"shares": 0}}, "site_full": "www.sfgate.com", "main_image": "http://www.sfgate.com/img/pages/article/opengraph_default.png", "site_section": "http://sfgate.com//rss/feed/National-News-RSS-Feed-435.php", "section_title": "National News RSS Feed", "url": "http://www.sfgate.com/news/texas/article/Austin-resident-among-Americans-chosen-as-Rhodes-10626524.php", "country": "US", "domain_rank": 943, "title": "Austin resident among Americans chosen as Rhodes Scholars", "performance_score": 0, "site": "sfgate.com", "participants_count": 1, "title_full": "Austin resident among Americans chosen as Rhodes Scholars - SFGate", "spam_score": 0.0, "site_type": "news", "published": "2016-11-20T21:05:00.000+02:00", "replies_count": 0, "uuid": "b319ef349cf2e4b7c9352042be5ac4b5fa3ea75c"}, "author": "sfgate.com", "url": "http://www.sfgate.com/news/texas/article/Austin-resident-among-Americans-chosen-as-Rhodes-10626524.php", "ord_in_thread": 0, "title": "Austin resident among Americans chosen as Rhodes Scholars", "locations": [], "entities": {"persons": [{"name": "rhodes scholar", "sentiment": "negative"}, {"name": "smith", "sentiment": "none"}, {"name": "laura smith", "sentiment": "none"}, {"name": "mikaila v. smith", "sentiment": "none"}, {"name": "sara de vos", "sentiment": "none"}, {"name": "dominic smith", "sentiment": "none"}], "locations": [{"name": "austin", "sentiment": "none"}, {"name": "rhodes scholars austin", "sentiment": "none"}, {"name": "texas", "sentiment": "none"}, {"name": "ut", "sentiment": "none"}, {"name": "oxford", "sentiment": "none"}], "organizations": [{"name": "ap", "sentiment": "negative"}, {"name": "oxford university", "sentiment": "none"}, {"name": "associated press", "sentiment": "none"}, {"name": "university of texas", "sentiment": "none"}, {"name": "rhodes trust", "sentiment": "none"}, {"name": "united nations", "sentiment": "none"}]}, "highlightText": "", "language": "english", "persons": [], "text": "AUSTIN, Texas (AP) — A 21-year-old from Austin is one of 32 Americans named Sunday as Rhodes Scholars who will pursue post-graduate studies at Oxford University .\nMikaila V. Smith , a soon-to-be graduate of the University of Texas at Austin , is among the 2017 recipients announced by the Rhodes Trust. Smith, a dual U.S.-Australia citizen, has grown up in Austin. She was mostly homeschooled before attending UT, where she has studied international and long-term strategies for refugee populations.\nShe told the Associated Press on Sunday that when she goes to Oxford, she'll continue her studies focused on refugees.\n\"What I'm really passionate about is global governance and diplomacy and then within that, refugee studies. I've been volunteering with refugee populations since high school and that's what I'm planning to study at Oxford,\" she said, adding she's interested in focusing on how to provide education and employment opportunities to refugees.\nShe'll graduate from UT next month and begin her studies in Oxford next fall.\n\"I think it's more important than ever to interact with groups that we don't typically interact with and to look beyond the way that we see different groups being represented in the media or in political diatribe and to really get to know the people that you're talking about. That can be refugees but it can be any other group as well,\" she said.\nShe's a Presidential Scholar at UT with majors in social entrepreneurship and nonprofit management and Chinese.\nSmith said she doesn't know exactly what she'll do once she finishes all of her studies, but is interested in the work of the United Nations.\nHer father is the novelist Dominic Smith, whose most recent book was \"The Last Painting of Sara de Vos.\" Her mother, Laura Smith, is a doula.", "external_links": [], "published": "2016-11-20T21:05:00.000+02:00", "crawled": "2016-11-21T00:15:13.075+02:00", "highlightTitle": ""}