{"organizations": [], "uuid": "6560d4250dfbd348dbd886511635eeac86772ee5", "thread": {"social": {"gplus": {"shares": 0}, "pinterest": {"shares": 0}, "vk": {"shares": 0}, "linkedin": {"shares": 0}, "facebook": {"likes": 0, "shares": 0, "comments": 0}, "stumbledupon": {"shares": 0}}, "site_full": "www.investing.com", "main_image": "http://glocdn.investing.com/trkd-images/LYNXMPECAM1L1_L.jpg", "site_section": "", "section_title": "", "url": "http://www.investing.com/news/economy-news/japan's-asakawa-says-trump-presidency-won't-change-japan-forex-policy:-nikkei-443398", "country": "US", "domain_rank": 699, "title": "Japan's Asakawa says Trump presidency won't change Japan forex policy: Nikkei By Reuters", "performance_score": 0, "site": "investing.com", "participants_count": 0, "title_full": "Japan's Asakawa says Trump presidency won't change Japan forex policy: Nikkei By Reuters", "spam_score": 0.3, "site_type": "news", "published": "2016-11-23T07:00:00.000+02:00", "replies_count": 0, "uuid": "6560d4250dfbd348dbd886511635eeac86772ee5"}, "author": "", "url": "http://www.investing.com/news/economy-news/japan's-asakawa-says-trump-presidency-won't-change-japan-forex-policy:-nikkei-443398", "ord_in_thread": 0, "title": "Japan's Asakawa says Trump presidency won't change Japan forex policy: Nikkei By Reuters", "locations": [], "entities": {"persons": [{"name": "asakawa", "sentiment": "negative"}, {"name": "trump", "sentiment": "negative"}, {"name": "masatsugu asakawa", "sentiment": "none"}, {"name": "donald trump", "sentiment": "none"}], "locations": [{"name": "japan", "sentiment": "none"}, {"name": "united states", "sentiment": "none"}, {"name": "u.s.", "sentiment": "none"}, {"name": "bedminster  tokyo", "sentiment": "none"}, {"name": "china", "sentiment": "none"}], "organizations": [{"name": "reuters japan", "sentiment": "negative"}, {"name": "group of seven", "sentiment": "none"}, {"name": "nikkei", "sentiment": "none"}, {"name": "trump national golf club", "sentiment": "none"}, {"name": "reuters", "sentiment": "none"}, {"name": "u.s. treasury", "sentiment": "none"}]}, "highlightText": "", "language": "english", "persons": [], "text": "Japan's Asakawa says Trump presidency won't change Japan forex policy: Nikkei Economy 49 minutes ago (Nov 23, 2016 07:00PM ET) This article has already been saved in your Saved Items © Reuters. U.S. President-elect Donald Trump gestures from the front door at the main clubhouse at Trump National Golf Club in Bedminster \nTOKYO (Reuters) - Japan's top currency diplomat Masatsugu Asakawa said there will be no change to Japan's currency policy after U.S. President-elect Donald Trump forms his administration, the Nikkei newspaper reported on Thursday. \nJapan guides exchange-rate policy based on an agreement among the Group of Seven advanced economies that highly volatile currency fluctuations are undesirable for the economy, a stance that won't change after Trump becomes president, Nikkei quoted Asakawa as saying. It did say when the interview was conducted. \nAsakawa said Trump's stance on exchange rates was still unclear as his remarks suggested he was looking at both the costs and benefits of a strong dollar to the U.S. economy, Nikkei said. \nThe dollar has strengthened against the yen since Trump was elected president and U.S. Treasury yields spiked on expectations that the new administration would boost debt-funded infrastructure spending. Trump has repeatedly criticized Japan and China for currency policies that give their exports an unfair trade advantage, reinforcing market expectations that Japan won't get consent from the United States to intervene in the currency market to stem any future, unwelcome yen rises. Japan's Asakawa says Trump presidency won't change Japan forex policy: Nikkei ", "external_links": [], "published": "2016-11-23T07:00:00.000+02:00", "crawled": "2016-11-24T02:50:11.690+02:00", "highlightTitle": ""}