{"organizations": [], "uuid": "eabf51b7e6ed532e9b849bcc44869901963cafbb", "thread": {"social": {"gplus": {"shares": 0}, "pinterest": {"shares": 0}, "vk": {"shares": 0}, "linkedin": {"shares": 0}, "facebook": {"likes": 0, "shares": 0, "comments": 0}, "stumbledupon": {"shares": 0}}, "site_full": "archive.org", "main_image": "https://archive.org/services/img/FauxCovergirlRougeOneCommercial", "site_section": "http://archive.org//services/collection-rss.php", "section_title": "Internet Archive", "url": "https://archive.org/details/FauxCovergirlRougeOneCommercial", "country": "US", "domain_rank": 285, "title": "Spoof Covergirl Rouge One Commercial", "performance_score": 0, "site": "archive.org", "participants_count": 0, "title_full": "Spoof Covergirl Rouge One Commercial", "spam_score": 0.0, "site_type": "news", "published": "2016-11-24T06:30:00.000+02:00", "replies_count": 0, "uuid": "eabf51b7e6ed532e9b849bcc44869901963cafbb"}, "author": "", "url": "https://archive.org/details/FauxCovergirlRougeOneCommercial", "ord_in_thread": 0, "title": "Spoof Covergirl Rouge One Commercial", "locations": [], "entities": {"persons": [], "locations": [], "organizations": []}, "highlightText": "", "language": "english", "persons": [], "text": "Spoof Covergirl Rouge One Commercial Audio Preview Share or Embed this Item EMBED <iframe src=\"https://archive.org/embed/FauxCovergirlRougeOneCommercial\" width=\"560\" height=\"384\" frameborder=\"0\" webkitallowfullscreen=\"true\" mozallowfullscreen=\"true\" allowfullscreen></iframe> EMBED (for wordpress.com hosted blogs) [archiveorg FauxCovergirlRougeOneCommercial width=560 height=384 frameborder=0 webkitallowfullscreen=true mozallowfullscreen=true]", "external_links": [], "published": "2016-11-24T06:30:00.000+02:00", "crawled": "2016-11-24T01:49:36.934+02:00", "highlightTitle": ""}