{"organizations": [], "uuid": "9ed4671b2458240bd8fadbfff6282a88e1fc27c0", "thread": {"social": {"gplus": {"shares": 0}, "pinterest": {"shares": 0}, "vk": {"shares": 0}, "linkedin": {"shares": 0}, "facebook": {"likes": 0, "shares": 0, "comments": 0}, "stumbledupon": {"shares": 0}}, "site_full": "archive.org", "main_image": "", "site_section": "http://archive.org//services/collection-rss.php", "section_title": "Internet Archive", "url": "https://archive.org/details/ARCHIVEIT-5543-DAILY-JOB250173-20161120-00000", "country": "US", "domain_rank": 285, "title": "Archive-It Crawl Data: Partner 946 Collection 5543 Crawl Job 250173", "performance_score": 0, "site": "archive.org", "participants_count": 0, "title_full": "Archive-It Crawl Data: Partner 946 Collection 5543 Crawl Job 250173", "spam_score": 0.0, "site_type": "news", "published": "2016-11-20T22:35:00.000+02:00", "replies_count": 0, "uuid": "9ed4671b2458240bd8fadbfff6282a88e1fc27c0"}, "author": "", "url": "https://archive.org/details/ARCHIVEIT-5543-DAILY-JOB250173-20161120-00000", "ord_in_thread": 0, "title": "Archive-It Crawl Data: Partner 946 Collection 5543 Crawl Job 250173", "locations": [], "entities": {"persons": [], "locations": [], "organizations": []}, "highlightText": "", "language": "english", "persons": [], "text": "Archive-It Crawl Data: Partner 946 Collection 5543 Crawl Job 250173 Item Preview There Is No Preview Available For This Item \nThis item does not appear to have any files that can be experienced on Archive.org. Please download files in this item to interact with them on your computer.", "external_links": [], "published": "2016-11-20T22:35:00.000+02:00", "crawled": "2016-11-20T18:03:08.100+02:00", "highlightTitle": ""}