{"organizations": [], "uuid": "bd5c4baef6ada83a311b5edf6ad6b98b96b9dd92", "thread": {"social": {"gplus": {"shares": 0}, "pinterest": {"shares": 0}, "vk": {"shares": 0}, "linkedin": {"shares": 0}, "facebook": {"likes": 0, "shares": 0, "comments": 0}, "stumbledupon": {"shares": 0}}, "site_full": "archive.org", "main_image": "https://archive.org/services/img/read161115a", "site_section": "http://archive.org/services/collection-rss.php", "section_title": "Internet Archive", "url": "https://archive.org/details/read161115a", "country": "US", "domain_rank": 285, "title": "2016-11-15 浩浩熵熵 Part 1", "performance_score": 0, "site": "archive.org", "participants_count": 0, "title_full": "2016-11-15 浩浩熵熵 Part 1", "spam_score": 0.0, "site_type": "news", "published": "2016-11-21T05:03:00.000+02:00", "replies_count": 0, "uuid": "bd5c4baef6ada83a311b5edf6ad6b98b96b9dd92"}, "author": "", "url": "https://archive.org/details/read161115a", "ord_in_thread": 0, "title": "2016-11-15 浩浩熵熵 Part 1", "locations": [], "entities": {"persons": [], "locations": [], "organizations": []}, "highlightText": "", "language": "english", "persons": [], "text": "2016-11-15 æµ©æµ©çµçµ Part 1 Audio Preview Share or Embed this Item EMBED <iframe src=\"https://archive.org/embed/read161115a\" width=\"560\" height=\"384\" frameborder=\"0\" webkitallowfullscreen=\"true\" mozallowfullscreen=\"true\" allowfullscreen></iframe> EMBED (for wordpress.com hosted blogs) [archiveorg read161115a width=560 height=384 frameborder=0 webkitallowfullscreen=true mozallowfullscreen=true]", "external_links": [], "published": "2016-11-21T05:03:00.000+02:00", "crawled": "2016-11-21T00:14:18.044+02:00", "highlightTitle": ""}