{"organizations": [], "uuid": "86cc5ad16c4810cc196b37146472c5af2a4f536d", "thread": {"social": {"gplus": {"shares": 0}, "pinterest": {"shares": 0}, "vk": {"shares": 0}, "linkedin": {"shares": 0}, "facebook": {"likes": 0, "shares": 0, "comments": 0}, "stumbledupon": {"shares": 0}}, "site_full": "www.vox.com", "main_image": "https://cdn0.vox-cdn.com/thumbor/CmxLfN9Ce1J8MmdVk2u1zAINdiI=/0x545:2000x1656/1080x600/cdn0.vox-cdn.com/uploads/chorus_image/image/51940589/Kids_2.0.jpeg", "site_section": "http://www.vox.com//rss/index.xml", "section_title": "Vox -  All", "url": "http://www.vox.com/2016/11/21/13527104/gift-ideas-kids-children-curious", "country": "US", "domain_rank": 902, "title": "Vox’s gift guide for curious kids", "performance_score": 0, "site": "vox.com", "participants_count": 1, "title_full": "Vox’s gift guide for curious kids", "spam_score": 0.0, "site_type": "news", "published": "2016-11-22T02:29:00.000+02:00", "replies_count": 0, "uuid": "86cc5ad16c4810cc196b37146472c5af2a4f536d"}, "author": "Susannah Locke", "url": "http://www.vox.com/2016/11/21/13527104/gift-ideas-kids-children-curious", "ord_in_thread": 0, "title": "Vox’s gift guide for curious kids", "locations": [], "entities": {"persons": [{"name": "kim stiens sophie", "sentiment": "none"}, {"name": "—susannah locke", "sentiment": "none"}, {"name": "opinel", "sentiment": "none"}, {"name": "skimlinks", "sentiment": "none"}, {"name": "jen trolio", "sentiment": "none"}, {"name": "allison mchenry", "sentiment": "none"}], "locations": [{"name": "amazon", "sentiment": "none"}], "organizations": [{"name": "vox", "sentiment": "negative"}, {"name": "vox media", "sentiment": "none"}, {"name": "pocket scavenger", "sentiment": "none"}, {"name": "opinel le petit chef", "sentiment": "none"}, {"name": "new york times", "sentiment": "none"}]}, "highlightText": "", "language": "english", "persons": [], "text": "Nov 21, 2016, 2:29pm EST Supported by \nWe've gathered together gifts for curious children of all ages — presents that stimulate exploration and wonder and are still downright fun. (Many of our picks are awesome for adults, too.) —Susannah Locke, Allison McHenry, Jen Trolio, Kim Stiens Sophie the Giraffe \nThis massively popular French toy is still the No. 1–selling teether on Amazon. Amazon/$21.24 Magna-Tiles starter set \nThese tiles are great for the burgeoning builder. Their magnets make them fancier than plain old blocks and more user-friendly than Legos. For ages 3 and up. Amazon/$49.99 Press Here \nThis book, which the New York Times rightly described as \"elegantly conceived,\" has a clever take on interactivity that requires no batteries or weird patches of fake fur. Ages 4 to 8. Amazon/$9.09 Ozobot \nThese mini programmable robots double as educational toys by helping kids learn to code. And there's a new Marvel/Avengers tie-in line, too. For ages 5 to 18. Ozobot/from $59 Opinel Le Petit Chef set \nGet kids in the kitchen early with this knife and peeler set from the French knifemaker Opinel that features guides for correct finger placement and a guard for preventing cuts. Amazon/$38.99 The Pocket Scavenger \nThis book encourages kids (and adults) to find a series of ordinary objects and modify them in surprising ways. Amazon/$10 Laser Maze \nUse a series of lasers plus transparent and reflective surfaces to solve a series of increasingly challenging puzzles. Recommended for ages 8 and up. Marbles/$19.99 Project Runway Fashion Design Challenge set \nIncludes fabric, beads, thread, sequins, markers, a dress model — everything a fashion designer needs. Amazon/$99.92 Student microscope \nComes with 10 premounted slides and 50 blank slides for the budding biologist, plus a book for sparking kids' own ideas. Well-made, with five magnification settings up to 1,000x, this isn't a toy that will break or be forgotten next week. AmScope/$84.50 BubbleSort Zines \nThese zines accessibly and inclusively illustrate computer science concepts. Though they were written with teens in mind, they seem great for smart middle schoolers and curious adults too. Available in digital and physical formats. BubbleSort Zines/From $8 each \nNote: Affiliate marketing links are automatically generated by Vox Media’s partner Skimlinks and are created independently of our editorial work. Read more", "external_links": [], "published": "2016-11-22T02:29:00.000+02:00", "crawled": "2016-11-22T00:55:54.268+02:00", "highlightTitle": ""}