{"organizations": [], "uuid": "efe7da9bcdbaead93ba0beab60fbe6a99a7c561e", "thread": {"social": {"gplus": {"shares": 0}, "pinterest": {"shares": 0}, "vk": {"shares": 0}, "linkedin": {"shares": 0}, "facebook": {"likes": 0, "shares": 0, "comments": 0}, "stumbledupon": {"shares": 0}}, "site_full": "lampung.tribunnews.com", "main_image": "http://cdn2.tstatic.net/lampung/foto/bank/images/nutrisari_20161120_175852.jpg", "site_section": "http://lampung.tribunnews.com/rss", "section_title": "Tribun Lampung", "url": "http://lampung.tribunnews.com/2016/11/20/nutrikidz-coloring-education-festival-sukses", "country": "US", "domain_rank": 226, "title": "NutriKidz Coloring & Education Festival Sukses", "performance_score": 0, "site": "tribunnews.com", "participants_count": 0, "title_full": "NutriKidz Coloring & Education Festival Sukses", "spam_score": 0.0, "site_type": "news", "published": "2016-11-20T17:59:00.000+02:00", "replies_count": 0, "uuid": "efe7da9bcdbaead93ba0beab60fbe6a99a7c561e"}, "author": "", "url": "http://lampung.tribunnews.com/2016/11/20/nutrikidz-coloring-education-festival-sukses", "ord_in_thread": 0, "title": "NutriKidz Coloring & Education Festival Sukses", "locations": [], "entities": {"persons": [{"name": "bandar", "sentiment": "none"}, {"name": "rangking satu", "sentiment": "none"}, {"name": "laporan wartawan tribun lampung martin lumban tobing", "sentiment": "none"}], "locations": [{"name": "lampung", "sentiment": "none"}, {"name": "nutrisari lampung", "sentiment": "none"}, {"name": "lampung", "sentiment": "none"}, {"name": "minggu", "sentiment": "none"}], "organizations": [{"name": "nutrikidz coloring & education festival sukses nutrikidz coloring & education festival sukses", "sentiment": "negative"}, {"name": "nutrikidz coloring & education festival", "sentiment": "none"}]}, "highlightText": "", "language": "english", "persons": [], "text": "NutriKidz Coloring & Education Festival Sukses NutriKidz Coloring & Education Festival mendorong perkembangan kreatifitas dan pengetahuan anak sejak dini.   17:59 \nLaporan Wartawan Tribun Lampung Martin Lumban Tobing \nTRIBUNLAMPUNG.CO.ID, BANDAR LAMPUNG - Nutrisari Lampung sukses menggelar NutriKidz Coloring & Education Festival, Minggu (20/11/2016). \nKesuksesan acara tersebut diikuti 600 peserta tingkat sekolah dasar. \nMarketing Promotion Vio Dian Septiana menerangkan, dari total peserta, 500 siswa SD kelas 1-3 mengikuti lomba mewarnai dan 100 siswa kelas 4-6 sebagai peserta lomba Rangking Satu. \n\"Total awal peserta 15 ribu orang dari beragam SD di Lampung. Tapi kami melakukan seleksi, terpilih 600 peserta,\" ujarnya. \nTingginya animo para peserta Nutrisari Lampung berencana menggelar kegiatan serupa tahun depan. \nVio berharap, NutriKidz Coloring & Education Festival mendorong perkembangan kreatifitas dan pengetahuan anak sejak dini. \nIa menambahkan, dua kategori lomba masing-masing dipilih juara satu berhak mendapat uang tunai Rp 1 juta, juara kedua Rp 500 ribu dan ketiga Rp 250 ribu. \nDipilih juga juara harapan satu sampai tiga. Para pemenang mendapat trophy dan goodie bag. (*) Ikuti kami di", "external_links": [], "published": "2016-11-20T17:59:00.000+02:00", "crawled": "2016-11-20T14:09:02.559+02:00", "highlightTitle": ""}