{"organizations": [], "uuid": "614e7d5256a7380a41a9b7af29aa5ea2d85166ff", "thread": {"social": {"gplus": {"shares": 0}, "pinterest": {"shares": 0}, "vk": {"shares": 0}, "linkedin": {"shares": 0}, "facebook": {"likes": 0, "shares": 0, "comments": 0}, "stumbledupon": {"shares": 0}}, "site_full": "archive.org", "main_image": "", "site_section": "http://archive.org/services/collection-rss.php", "section_title": "Internet Archive", "url": "https://archive.org/details/Sundown.2016.Audio.Latino...raz", "country": "US", "domain_rank": 285, "title": "Sundown. 2016. Audio. Latino...raz", "performance_score": 0, "site": "archive.org", "participants_count": 0, "title_full": "Sundown. 2016. Audio. Latino...raz", "spam_score": 0.0, "site_type": "news", "published": "2016-11-21T01:26:00.000+02:00", "replies_count": 0, "uuid": "614e7d5256a7380a41a9b7af29aa5ea2d85166ff"}, "author": "", "url": "https://archive.org/details/Sundown.2016.Audio.Latino...raz", "ord_in_thread": 0, "title": "Sundown. 2016. Audio. Latino...raz", "locations": [], "entities": {"persons": [], "locations": [], "organizations": []}, "highlightText": "", "language": "english", "persons": [], "text": "Share or Embed this Item EMBED <iframe src=\"https://archive.org/embed/Sundown.2016.Audio.Latino...raz\" width=\"560\" height=\"384\" frameborder=\"0\" webkitallowfullscreen=\"true\" mozallowfullscreen=\"true\" allowfullscreen></iframe> EMBED (for wordpress.com hosted blogs) [archiveorg Sundown.2016.Audio.Latino...raz width=560 height=384 frameborder=0 webkitallowfullscreen=true mozallowfullscreen=true]", "external_links": [], "published": "2016-11-21T01:26:00.000+02:00", "crawled": "2016-11-20T20:48:07.082+02:00", "highlightTitle": ""}