{"organizations": [], "uuid": "4e67706fc12909e0b79b8380836456647075a59a", "thread": {"social": {"gplus": {"shares": 0}, "pinterest": {"shares": 0}, "vk": {"shares": 0}, "linkedin": {"shares": 0}, "facebook": {"likes": 0, "shares": 0, "comments": 0}, "stumbledupon": {"shares": 0}}, "site_full": "thecairopost.youm7.com", "main_image": "http://thecairopost.youm7.com/wp-content/uploads/2015/12/Germanys-ambassador-to-Cairo-Julius-Georg-Luy.jpg", "site_section": "http://thecairopost.youm7.com/feed", "section_title": "Cairo Post", "url": "http://thecairopost.youm7.com/news/218133/newsletter/egypts-business-digest-nov-20-german-investments-in-egypt-reach-1-6-bln-euro-deutsch-ambassador-to-cairo", "country": "US", "domain_rank": 212, "title": "Egypt’s business digest Nov. 20: German investments in Egypt reach 1.6 bln Euro: Deutsch Ambassador to Cairo", "performance_score": 0, "site": "youm7.com", "participants_count": 1, "title_full": "Egypt’s business digest Nov. 20: German investments in Egypt reach 1.6 bln Euro: Deutsch Ambassador to Cairo", "spam_score": 0.0, "site_type": "news", "published": "2016-11-20T19:41:00.000+02:00", "replies_count": 0, "uuid": "4e67706fc12909e0b79b8380836456647075a59a"}, "author": "CDadmin CDadmin", "url": "http://thecairopost.youm7.com/news/218133/newsletter/egypts-business-digest-nov-20-german-investments-in-egypt-reach-1-6-bln-euro-deutsch-ambassador-to-cairo", "ord_in_thread": 0, "title": "Egypt’s business digest Nov. 20: German investments in Egypt reach 1.6 bln Euro: Deutsch Ambassador to Cairo", "locations": [], "entities": {"persons": [{"name": "julius georg luy", "sentiment": "none"}], "locations": [{"name": "egypt", "sentiment": "none"}, {"name": "cairo", "sentiment": "none"}, {"name": "upper egypt", "sentiment": "none"}, {"name": "u.s.", "sentiment": "none"}, {"name": "qena", "sentiment": "none"}, {"name": "germany", "sentiment": "none"}], "organizations": [{"name": "bank of america merrill lynch", "sentiment": "none"}, {"name": "treasury", "sentiment": "none"}, {"name": "reuters", "sentiment": "none"}, {"name": "international monetary fund", "sentiment": "none"}, {"name": "reuters", "sentiment": "none"}, {"name": "monetary policy committee", "sentiment": "none"}]}, "highlightText": "", "language": "english", "persons": [], "text": "  business news stories on Nov.20 here: \n\nGerman investments in Egypt reach 1.6 bln Euro: Deutsch Ambassador to Cairo \nThe size of German investments in Egypt reached 1.6 billion Euro within the last period, announced Germany’s ambassador to Egypt, Julius Georg Luy Sunday. \nAccording to the ambassador, the investments include different projects including drinking water and sanitation, renewable energy and building dams. \nThe ambassador’s remarks came during his visit to Upper Egypt’s Qena governorate. \n\nEgypt’s three and nine-month t-bill yields fall in weekly auction \n(REUTERS): Yields on Egypt’s three- and nine-month Treasury bills fell at an auction on Sunday, data from the central bank showed. \nYields on the 91-day bill dropped to an average of 17.744 percent from 18.028 percent the last time similar bills were sold. \nYields on the 266-day bill declined to an average of 17.610 percent from 18.715 percent at the last similar auction. \nBank of America Merrill Lynch recommended in a recent report that investors buy 6-month Egyptian T-bills without hedging them. \n\nEgypt to issue $1.6 bln 1-year Treasury bill -cen bank \n(REUTERS): Egypt will issue a $1.6 billion one-year Treasury bill, the central bank said on Sunday. \nIt said the settlement date for the U.S. dollar-denominated rollover bill issuance would be Nov. 22. It set Nov. 21 at 1100 (0900 GMT) as the auction deadline. \nEgypt’s pound weakens as dollar demand surges, interest rates steady \n(REUTERS): The Egyptian pound weakened significantly on Sunday as banks scrambled to meet a surge in demand for dollars and the central bank held benchmark interest rates steady. \nThe pound was trading at between 17.25 and 17.75 against the dollar by 1138 (0938 GMT), after closing at about 16.05 on Saturday. \n“There is a lot of pent up demand (for dollars) … There are people who are willing to buy at any price and they are mainly importers of non-essential goods,” said one banker. \nAnother banker echoed those comments, saying the pound had also weakened on the parallel market where prices were roughly in line with those at the banks. \nSunday’s drop comes after six bankers told Reuters over the weekend that the central bank had informed them verbally that they could supply dollars to importers of non-essential goods provided they prioritise basic imports and obtain the dollars they need on the interbank market. \nEgypt floated the pound on Nov. 3 and raised interest rates by 300 basis points in a dramatic move welcomed by businesses as the key to unlocking investment. \nIt devalued the currency by about a third from the former peg of 8.8 against the dollar and allowed it to drift lower. \nEgypt’s dollar peg had drained the central bank’s foreign reserves, which have been hit by reduced foreign investment following political turmoil in the past few years, forcing the bank to impose capital controls and ration dollars. \nThat prompted desperate importers to turn to a burgeoning black market where the dollar at one point fetched more than twice its official value. \nA severe shortage of dollar liquidity when markets opened for the first time after the float had resulted in low volumes and saw the pound weaken to 18 versus the dollar. \nThe currency strengthened to about 15.50 after it became clear that the International Monetary Fund would approve Egypt’s $12 billion lending programme to support government reforms. \nSince the float, more companies have gone to the banks for their dollars, leaving them scrambling for funds while a lack of liquidity means interbank trading got off to a slow start. \nBanks have focused on buying up dollars from the informal sector and supplying them to clients rather than selling them on the interbank market. \nThe central bank’s Monetary Policy Committee held benchmark interest rates steady at its meeting on Thursday.  ", "external_links": [], "published": "2016-11-20T19:41:00.000+02:00", "crawled": "2016-11-20T20:17:06.292+02:00", "highlightTitle": ""}