{"organizations": [], "uuid": "57e2f9d20f24f3c51f36debd30f73d25a55fa98f", "thread": {"social": {"gplus": {"shares": 0}, "pinterest": {"shares": 0}, "vk": {"shares": 0}, "linkedin": {"shares": 0}, "facebook": {"likes": 0, "shares": 0, "comments": 0}, "stumbledupon": {"shares": 0}}, "site_full": "www.change.org", "main_image": "http://assets.change.org/photos/8/tl/az/dNtlAzgZDyCoqsX-1600x900-noPad.jpg?1476769045", "site_section": "", "section_title": "", "url": "https://www.change.org/p/mayor-donnie-tuck-of-hampton-virginia-tell-sister-city-anyang-korea-that-we-re-opposed-to-torture-consumption-of-dogs-and-cats", "country": "US", "domain_rank": 725, "title": "Petition · Mayor Donnie Tuck of Hampton, Virginia: Tell Sister City, Anyang,Korea, That We’re Opposed to Torture/Consumption of Dogs and Cats · Change.org", "performance_score": 0, "site": "change.org", "participants_count": 0, "title_full": "Petition · Mayor Donnie Tuck of Hampton, Virginia: Tell Sister City, Anyang,Korea, That We’re Opposed to Torture/Consumption of Dogs and Cats · Change.org", "spam_score": 0.99, "site_type": "news", "published": "2016-11-20T07:00:00.000+02:00", "replies_count": 0, "uuid": "57e2f9d20f24f3c51f36debd30f73d25a55fa98f"}, "author": "", "url": "https://www.change.org/p/mayor-donnie-tuck-of-hampton-virginia-tell-sister-city-anyang-korea-that-we-re-opposed-to-torture-consumption-of-dogs-and-cats", "ord_in_thread": 0, "title": "Petition · Mayor Donnie Tuck of Hampton, Virginia: Tell Sister City, Anyang,Korea, That We’re Opposed to Torture/Consumption of Dogs and Cats · Change.org", "locations": [], "entities": {"persons": [{"name": "donnie tuck of hampton", "sentiment": "neutral"}, {"name": "donnie tuck", "sentiment": "none"}, {"name": "hampton", "sentiment": "none"}, {"name": "pil-un lee", "sentiment": "none"}, {"name": "anyang mayor pil-un lee", "sentiment": "none"}], "locations": [{"name": "virginia", "sentiment": "none"}, {"name": "anyang", "sentiment": "none"}, {"name": "korea", "sentiment": "none"}, {"name": "south korea", "sentiment": "none"}, {"name": "hampton", "sentiment": "none"}, {"name": "sister city", "sentiment": "none"}], "organizations": [{"name": "posco", "sentiment": "none"}, {"name": "daewoo", "sentiment": "none"}, {"name": "kia", "sentiment": "none"}, {"name": "consumption of dogs", "sentiment": "none"}, {"name": "korea animal rights advocates", "sentiment": "none"}, {"name": "kara", "sentiment": "none"}, {"name": "lg", "sentiment": "none"}, {"name": "samsung", "sentiment": "none"}, {"name": "hyundai", "sentiment": "none"}]}, "highlightText": "", "language": "english", "persons": [], "text": "3,250 Supporters \nMayor Donnie Tuck of Hampton, Virginia: Tell Sister City, Anyang, South Korea, That We’re Opposed to the Torture and Consumption of Dogs and Cats. \nHampton has become Sister City with Anyang, South Korea, regardless of the fact that Anyang ignores horrendous dog and cat cruelty by allowing the illegal mass breeding, brutal slaughter and sale of these animals for its meat trade. \nSouth Korea is the home to global companies, such as Hyundai, Kia, Samsung, LG, Daewoo, SK and POSCO, which is why it is so shocking that an estimated 2.5 million dogs are tortured and slaughtered every year within South Korea, because of the greed of dog eaters and the dog meat industry; while the majority of those Koreans, who don’t actually participate in this offensive trade, show a profound indifference by doing nothing at all to stop it. \nWe know how loyal and faithful our dogs across the world are; and we all ask a lot of them - they serve us in innumerable ways: farm work, war work, police and guard duties, search and rescue, help for the disabled, guiding and guardianship, and, of course, as our loving and trusting companions. \nDogs were first domesticated many thousands of years ago, and so much do they want to be part of our ‘human’ family that they have learned to understand our gestures and our language - the language of another species, which shows remarkable willingness and intelligence. \nAnyang is one of the largest dog meat consumption areas in South Korea. If you have ever wondered what hell would be like, just visit or watch the videos of dog slaughterhouses, markets and restaurants scattered all throughout Anyang. There are countless dog slaughterhouses, markets and restaurants where the dogs, who are tortured their entire lives, end up being slaughtered in the most inhumane ways, such as by electrocution, hanging or beating; and then thrown into boiling water – sometimes while they are still alive. In many places, dogs are being killed in full view of other terrified, caged dogs; and this takes place in public and in broad daylight. In addition, many abandoned and stolen former pets end up in this industry, and are subjected to the same cruelty. \nPlease watch this undercover video by animal rights activists in South Korea: http://youtu.be/3uR8R8Mu70Q \nThere are laws in South Korea against selling dogs and cats for consumption yet these laws are blatantly ignored. \nPlease inform Anyang Mayor Pil-Un Lee that citizens of Hampton and their friends insist that they issue an official document mandating that the following existing laws be enforced: \nUnauthorized processing of food waste fed to dogs in the meat trade is a violation of Wastes Control Act, Article 15-2, Article 25, Section 3. Suppliers of food waste and transporters of food waste to dog meat farms are violating this regulation. \nFood waste fed to dogs in the dog meat trade is a violation of Control of Livestock and Fish Feed Act, Article 14, Section 1 & 2. Unauthorized collection of food waste and the act of feeding it to dogs in the meat trade is in violation of this regulation. \nExcrement and resulting environmental damage produced as a by-product of the illegal dog meat farm is a violation of Act on the Management and Use of Livestock Excreta Article 11. The excrement produced at dog meat farms causes environmental damage to the immediate and surrounding area. \nThe act of slaughtering of dogs for human consumption is a violation of Animal Protection Act Article 8, Section 1, Clause 4. The act of slaughtering of a dog, without a justifiable ground – such as out of necessity for veterinary treatment, or in circumstances of immediate threat, harm or damage to human life or property, is a violation. \nThe slaughter of dogs by electrocution is a violation of Animal Protection Act, Article 8, Section 1, Clause 1. Inflicting injury or death to any animal by the following means: battery by tools, exposure to drugs, exposure to extreme heat or fire, electrocution and drowning is subject to legal punishment. Therefore, the routine slaughter of dogs by butchers and farmers by these methods is in violation of the Act. Further, electrocution as a method of slaughter is internationally recognized as an inherently cruel method of slaughter and banned globally. \nSlaughter of dogs from unauthorized slaughterhouse is a violation of Livestock Products Sanitary Control Act, Article7 Section 1. The Livestock Products Sanitary Control Act, states that dogs are officially recognized and classified as “animals” that are “prohibited from being slaughtered and distributed as food for human consumption”. Therefore, those vendors operating dog slaughterhouses are operating outside of the parameters of the law and in violation of the law. \nSlaughter of dogs for his/her own consumption is a violation of Animal Protection Act, Article 10. The intent of the Act is to ensure that no animal is slaughtered in a cruel or revolting manner, and shall be free from unnecessary pain, fear, or stress during the process of slaughter. Therefore, only humane way of slaughtering dogs would be by euthanasia (lethal injection). All currently practiced methods of slaughter by butchers, farmers and traders excludes euthanasia as a method of slaughter, therefore they are all in breach of this Act. This is also a violation of LIVESTOCK PRODUCTS SANITARY CONTROL ACT Article7 Section 1 Clause 2. According to the Livestock Products Sanitary Control Act, slaughter of animals for his/her own consumption is allowed only for the livestock animals that are publically announced as classification of livestock in the Livestock Products Sanitary Control Act and dogs are not classified here. \nDisplay and sale of dog carcass in traditional outdoor markets is a violation of Food Sanitation Act, Article 4, 5. Violation of laws banning sale of harmful food due to the contamination from unsanitary and illegal slaughter of the animal and display of the dog carcass. For example, dog carcass are routinely contaminated by microorganisms that cause human diseases and food poisoning which can lead to serious and life threatening health complications. There are also strict laws which ban the sale of meat from sick animals, due to the fact that there is no quality control or formal monitoring of slaughter practices in the dog meat trade it is very likely that violation of these laws is happening routinely. \nDog meat restaurants’ sale of dog meat soup made with dog carcass from an unknown source is a violation of Food Sanitation Act Article 44 Section 1 Clause 1. Uninspected livestock products must not be transported, stored, displayed, sold or used for manufacturing or processing of food for human consumption. \nPlease refer to the legal information regarding the dog meat consumption in South Korea published by KARA (Korea Animal Rights Advocates): http://koreandogs.org/kara-publishes-legal-information-booklet-ending-dog-meat-consumption/ \nWe believe these demands are in line with the goal of Sister cities to establish friendly communications in the areas of tourism, commerce, cultural exchange and public health. \nInternational coverage of the brutal dog and cat meat trade in South Korea has stained Anyang, South Korea’s image and severely tarnished your city’s Sister city relationship. The time to end this tragedy is now. The favor of your reply is requested. Thank you for taking swift action! \n\nTo learn more about our campaign, visit: http://koreandogs.org/sister-city-campaign-anyang-south-korea-hampton-virginia \nShort link for this petition: https://goo.gl/DDnf4h This petition will be delivered to: Mayor Donnie Tuck of Hampton, Virginia Read the letter Letter to Mayor Donnie Tuck of Hampton, Virginia \nMayor Donnie Tuck of Hampton, Virginia: Tell Sister City, Anyang, South Korea, That We’re Opposed to the Torture and Consumption of Dogs and Cats.Hampton has become Sister City with Anyang, South Korea, regardless of the fact that Anyang ignores horrendous dog and cat cruelty by allowing the illegal mass breeding, brutal slaughter and sale of these animals for its meat trade.South Korea is the home to global companies, such as Hyundai, Kia, Samsung, LG, Daewoo, SK and POSCO, which is why it is so shocking that an estimated 2.5 million dogs are tortured and slaughtered every year within South Korea, because of the greed of dog eaters and the dog meat industry; while the majority of those Koreans, who don’t actually participate in this offensive trade, show a profound indifference by doing nothing at all to stop it.We know how loyal and faithful our dogs across the world are; and we all ask a lot of them - they serve us in innumerable ways: farm work, war work, police and guard duties, search and rescue, help for the disabled, guiding and guardianship, and, of course, as our loving and trusting companions.Dogs were first domesticated many thousands of years ago, and so much do they want to be part of our ‘human’ family that they have learned to understand our gestures and our language - the language of another species, which shows remarkable willingness and intelligence.Anyang is one of the largest dog meat consumption areas in South Korea. If you have ever wondered what hell would be like, just visit or watch the videos of dog slaughterhouses, markets and restaurants scattered all throughout Anyang. There are countless dog slaughterhouses, markets and restaurants where the dogs, who are tortured their entire lives, end up being slaughtered in the most inhumane ways, such as by electrocution, hanging or beating; and then thrown into boiling water – sometimes while they are still alive. In many places, dogs are being killed in full view of other terrified, caged dogs; and this takes place in public and in broad daylight. In addition, many abandoned and stolen former pets end up in this industry, and are subjected to the same cruelty.Please watch this undercover video by animal rights activists in South Korea: http://youtu.be/3uR8R8Mu70Q There are laws in South Korea against selling dogs and cats for consumption yet these laws are blatantly ignored.Please inform Anyang Mayor Pil-Un Lee that citizens of Hampton and their friends insist that they issue an official document mandating that the following existing laws be enforced:Unauthorized processing of food waste fed to dogs in the meat trade is a violation of Wastes Control Act, Article 15-2, Article 25, Section 3. Suppliers of food waste and transporters of food waste to dog meat farms are violating this regulation.Food waste fed to dogs in the dog meat trade is a violation of Control of Livestock and Fish Feed Act, Article 14, Section 1 & 2. Unauthorized collection of food waste and the act of feeding it to dogs in the meat trade is in violation of this regulation.Excrement and resulting environmental damage produced as a by-product of the illegal dog meat farm is a violation of Act on the Management and Use of Livestock Excreta Article 11. The excrement produced at dog meat farms causes environmental damage to the immediate and surrounding area.The act of slaughtering of dogs for human consumption is a violation of Animal Protection Act Article 8, Section 1, Clause 4. The act of slaughtering of a dog, without a justifiable ground – such as out of necessity for veterinary treatment, or in circumstances of immediate threat, harm or damage to human life or property, is a violation.The slaughter of dogs by electrocution is a violation of Animal Protection Act, Article 8, Section 1, Clause 1. Inflicting injury or death to any animal by the following means: battery by tools, exposure to drugs, exposure to extreme heat or fire, electrocution and drowning is subject to legal punishment. Therefore, the routine slaughter of dogs by butchers and farmers by these methods is in violation of the Act. Further, electrocution as a method of slaughter is internationally recognized as an inherently cruel method of slaughter and banned globally.Slaughter of dogs from unauthorized slaughterhouse is a violation of Livestock Products Sanitary Control Act, Article7 Section 1. The Livestock Products Sanitary Control Act, states that dogs are officially recognized and classified as “animals” that are “prohibited from being slaughtered and distributed as food for human consumption”. Therefore, those vendors operating dog slaughterhouses are operating outside of the parameters of the law and in violation of the law.Slaughter of dogs for his/her own consumption is a violation of Animal Protection Act, Article 10. The intent of the Act is to ensure that no animal is slaughtered in a cruel or revolting manner, and shall be free from unnecessary pain, fear, or stress during the process of slaughter. Therefore, only humane way of slaughtering dogs would be by euthanasia (lethal injection). All currently practiced methods of slaughter by butchers, farmers and traders excludes euthanasia as a method of slaughter, therefore they are all in breach of this Act. This is also a violation of LIVESTOCK PRODUCTS SANITARY CONTROL ACT Article7 Section 1 Clause 2. According to the Livestock Products Sanitary Control Act, slaughter of animals for his/her own consumption is allowed only for the livestock animals that are publically announced as classification of livestock in the Livestock Products Sanitary Control Act and dogs are not classified here.Display and sale of dog carcass in traditional outdoor markets is a violation of Food Sanitation Act, Article 4, 5. Violation of laws banning sale of harmful food due to the contamination from unsanitary and illegal slaughter of the animal and display of the dog carcass. For example, dog carcass are routinely contaminated by microorganisms that cause human diseases and food poisoning which can lead to serious and life threatening health complications. There are also strict laws which ban the sale of meat from sick animals, due to the fact that there is no quality control or formal monitoring of slaughter practices in the dog meat trade it is very likely that violation of these laws is happening routinely.Dog meat restaurants’ sale of dog meat soup made with dog carcass from an unknown source is a violation of Food Sanitation Act Article 44 Section 1 Clause 1. Uninspected livestock products must not be transported, stored, displayed, sold or used for manufacturing or processing of food for human consumption.Please refer to the legal information regarding the dog meat consumption in South Korea published by KARA (Korea Animal Rights Advocates): http://koreandogs.org/kara-publishes-legal-information-booklet-ending-dog-meat-consumption/ We believe these demands are in line with the goal of Sister cities to establish friendly communications in the areas of tourism, commerce, cultural exchange and public health.International coverage of the brutal dog and cat meat trade in South Korea has stained Anyang, South Korea’s image and severely tarnished your city’s Sister city relationship. The time to end this tragedy is now. The favor of your reply is requested. Thank you for taking swift action! OK ", "external_links": [], "published": "2016-11-20T07:00:00.000+02:00", "crawled": "2016-11-20T02:53:49.776+02:00", "highlightTitle": ""}