{"organizations": [], "uuid": "90f1c7a219d1f38b1ce842b1f1f2be3c05b16a7d", "thread": {"social": {"gplus": {"shares": 0}, "pinterest": {"shares": 0}, "vk": {"shares": 0}, "linkedin": {"shares": 0}, "facebook": {"likes": 0, "shares": 0, "comments": 0}, "stumbledupon": {"shares": 0}}, "site_full": "www.legacy.com", "main_image": "http://ak-static.legacy.net/obituaries/images/obituary/Obituary/candle_new.png", "site_section": "http://www.legacy.com/obituaries/buffalonews/services/rss.ashx#", "section_title": "Buffalo News Obituaries", "url": "http://www.legacy.com/obituaries/buffalonews/obituary.aspx?n=margaret-e-edd-bacon-eschner&pid=182629935&fhid=5270", "country": "US", "domain_rank": 922, "title": "BACON, Margaret E. Ed.D. (Eschner)", "performance_score": 0, "site": "legacy.com", "participants_count": 0, "title_full": "BACON, Margaret E. Ed.D. (Eschner)", "spam_score": 0.0, "site_type": "news", "published": "2016-11-20T12:00:00.000+02:00", "replies_count": 0, "uuid": "90f1c7a219d1f38b1ce842b1f1f2be3c05b16a7d"}, "author": "", "url": "http://www.legacy.com/obituaries/buffalonews/obituary.aspx?n=margaret-e-edd-bacon-eschner&pid=182629935&fhid=5270", "ord_in_thread": 0, "title": "BACON, Margaret E. Ed.D. (Eschner)", "locations": [], "entities": {"persons": [{"name": "paul a.", "sentiment": "negative"}, {"name": "margaret e.", "sentiment": "negative"}, {"name": "margaret e. ed.d.", "sentiment": "negative"}, {"name": "dengler", "sentiment": "none"}, {"name": "anna bacon", "sentiment": "none"}, {"name": "jena", "sentiment": "none"}, {"name": "peter", "sentiment": "none"}, {"name": "margaret", "sentiment": "none"}, {"name": "adam pedersen", "sentiment": "none"}, {"name": "hertel ave", "sentiment": "none"}, {"name": "roberts", "sentiment": "none"}, {"name": "charles", "sentiment": "none"}, {"name": "douglas r. (melissa", "sentiment": "none"}, {"name": "ross", "sentiment": "none"}, {"name": "jane", "sentiment": "none"}, {"name": "thomas", "sentiment": "none"}, {"name": "perna", "sentiment": "none"}, {"name": "andrew", "sentiment": "none"}, {"name": "todd", "sentiment": "none"}, {"name": "mark) pedersen", "sentiment": "none"}], "locations": [{"name": "williamsville", "sentiment": "none"}], "organizations": [{"name": "bacon", "sentiment": "negative"}, {"name": "eschner) view sign bacon", "sentiment": "neutral"}, {"name": "margaret eschner bacon endowed fund", "sentiment": "none"}, {"name": "canterbury woods coventry hall", "sentiment": "none"}, {"name": "buffalo state college foundation", "sentiment": "none"}]}, "highlightText": "", "language": "english", "persons": [], "text": "View Sign BACON - Margaret E., Ed.D. (nee Eschner) November 7, 2016, wife of the late Paul A.; dear mother of Jane (Mark) Pedersen and Douglas R. (Melissa) Bacon MD; dear grandmother of Charles, Andrew, Peter, Thomas, Anna Bacon, Todd, Ross, Jena, Adam Pedersen. No prior visitation. Friends are invited to a celebration of Margaret's life Saturday, November 26th, 3 PM at Canterbury Woods Coventry Hall, 705 Renaissance Dr., Williamsville. In lieu of flowers, memorials may be made to the Drs. Paul A. and Margaret Eschner Bacon Endowed Fund payable to Buffalo State College Foundation. www.denglerrobertspernalfuneral.com Funeral Home Perna, Dengler, Roberts Funeral Home 1306 Hertel Ave", "external_links": [], "published": "2016-11-20T12:00:00.000+02:00", "crawled": "2016-11-20T14:59:03.146+02:00", "highlightTitle": ""}