{"organizations": [], "uuid": "80a736d19098df4037e92034141e4b60f9c218e0", "thread": {"social": {"gplus": {"shares": 0}, "pinterest": {"shares": 0}, "vk": {"shares": 0}, "linkedin": {"shares": 0}, "facebook": {"likes": 0, "shares": 0, "comments": 0}, "stumbledupon": {"shares": 0}}, "site_full": "archive.org", "main_image": "https://archive.org/download/TeeTaryKor20Nov16/TeeTaryKor20Nov16.thumbs/tee tary kor 20 nov 16_000114.jpg", "site_section": "http://archive.org/services/collection-rss.php", "section_title": "Internet Archive", "url": "https://archive.org/details/TeeTaryKor20Nov16", "country": "US", "domain_rank": 285, "title": "Tee Tary Kor 20 Nov 16", "performance_score": 0, "site": "archive.org", "participants_count": 0, "title_full": "Tee Tary Kor 20 Nov 16", "spam_score": 0.0, "site_type": "news", "published": "2016-11-20T15:52:00.000+02:00", "replies_count": 0, "uuid": "80a736d19098df4037e92034141e4b60f9c218e0"}, "author": "", "url": "https://archive.org/details/TeeTaryKor20Nov16", "ord_in_thread": 0, "title": "Tee Tary Kor 20 Nov 16", "locations": [], "entities": {"persons": [], "locations": [], "organizations": []}, "highlightText": "", "language": "english", "persons": [], "text": "Tee Tary Kor 20 Nov 16 Movies Preview Share or Embed this Item EMBED <iframe src=\"https://archive.org/embed/TeeTaryKor20Nov16\" width=\"560\" height=\"384\" frameborder=\"0\" webkitallowfullscreen=\"true\" mozallowfullscreen=\"true\" allowfullscreen></iframe> EMBED (for wordpress.com hosted blogs) [archiveorg TeeTaryKor20Nov16 width=560 height=384 frameborder=0 webkitallowfullscreen=true mozallowfullscreen=true]", "external_links": [], "published": "2016-11-20T15:52:00.000+02:00", "crawled": "2016-11-20T11:14:57.247+02:00", "highlightTitle": ""}