{"organizations": [], "uuid": "3bb1965fe76600def5cec671f25abdcd1c2da279", "thread": {"social": {"gplus": {"shares": 0}, "pinterest": {"shares": 0}, "vk": {"shares": 0}, "linkedin": {"shares": 0}, "facebook": {"likes": 0, "shares": 0, "comments": 0}, "stumbledupon": {"shares": 0}}, "site_full": "af.reuters.com", "main_image": "", "site_section": "http://feeds.reuters.com/reuters/AFRICAWorldNews", "section_title": "Reuters: World News", "url": "http://af.reuters.com/article/worldNews/idAFKBN13G1SG", "country": "US", "domain_rank": 408, "title": "Hundreds more Myanmar Rohingya flee to Bangladesh-aid workers", "performance_score": 0, "site": "reuters.com", "participants_count": 0, "title_full": "Hundreds more Myanmar Rohingya flee to Bangladesh-aid workers", "spam_score": 0.0, "site_type": "news", "published": "2016-11-21T23:20:00.000+02:00", "replies_count": 0, "uuid": "3bb1965fe76600def5cec671f25abdcd1c2da279"}, "author": "", "url": "http://af.reuters.com/article/worldNews/idAFKBN13G1SG", "ord_in_thread": 0, "title": "Hundreds more Myanmar Rohingya flee to Bangladesh-aid workers", "locations": [], "entities": {"persons": [{"name": "mohammad", "sentiment": "negative"}, {"name": "nurul islam", "sentiment": "none"}, {"name": "aung san suu kyi", "sentiment": "none"}, {"name": "moulavi aziz khan", "sentiment": "none"}], "locations": [{"name": "myanmar", "sentiment": "none"}, {"name": "rakhine", "sentiment": "none"}, {"name": "bangladesh", "sentiment": "none"}], "organizations": [{"name": "myanmar rohingya", "sentiment": "negative"}, {"name": "un", "sentiment": "none"}, {"name": "international organization for migration", "sentiment": "none"}, {"name": "reuters", "sentiment": "none"}, {"name": "united nations", "sentiment": "none"}, {"name": "iom", "sentiment": "none"}]}, "highlightText": "", "language": "english", "persons": [], "text": "Hundreds more Myanmar Rohingya flee to Bangladesh-aid workers Mon Nov 21, 2016 4:20pm   \nBy Mohammad Nurul Islam and Wa Lone \nCOX'S BAZAR, Bangladesh/YANGON (Reuters) - Hundreds of Rohingya Muslims from Myanmar crossed the border to Bangladesh over the weekend and on Monday, aid workers said, seeking shelter from escalating violence in the northwest that has killed at least 86 people and displaced some 30,000. \nAn official from the International Organization for Migration (IOM), the United Nations' migration agency, who did not want to be identified, said he had witnessed more than 500 people enter its camps in the hills near the border on Monday. \nAid workers from other United Nations agencies and Reuters reporters in the IOM camps also reported seeing Rohingyas who said they had recently fled the fighting in Myanmar. The UN workers did not give specific numbers, but expressed concern about a sudden influx of people. \nThe bloodshed is the most serious since hundreds were killed in communal clashes in the western Myanmar state of Rakhine in 2012, and is posing the biggest test yet for the eight-month-old administration of Nobel Peace Prize winner Aung San Suu Kyi. \nSoldiers have poured into the area along Myanmar's frontier with Bangladesh, responding to coordinated attacks on three border posts on Oct. 9 that killed nine police officers. \nMoulavi Aziz Khan, 60, from a village in northern Rakhine, said he left Myanmar last week, after the military surrounded his home and set fire to it. \n\"At that time, I fled with my four daughters and three grandsons to a nearby hill ... later, we managed to cross the border,\" he said. \nMyanmar's military and the government have rejected allegations by residents and rights groups that soldiers have raped Rohingya women, burnt houses and killed civilians during the military operation in Rakhine. Continued...  ", "external_links": [], "published": "2016-11-21T23:20:00.000+02:00", "crawled": "2016-11-21T18:57:36.928+02:00", "highlightTitle": ""}