{"organizations": [], "uuid": "b86026ea87afc8957f8fd6223b7dc0c9b70f1d9a", "thread": {"social": {"gplus": {"shares": 0}, "pinterest": {"shares": 0}, "vk": {"shares": 0}, "linkedin": {"shares": 0}, "facebook": {"likes": 0, "shares": 0, "comments": 0}, "stumbledupon": {"shares": 0}}, "site_full": "www.theverge.com", "main_image": "https://cdn0.vox-cdn.com/thumbor/KTue9vG9tf1gkIfRJykbsQtZmeg=/0x204:2039x1351/1600x900/cdn0.vox-cdn.com/uploads/chorus_image/image/51917053/jgolson_160909_1219_0164.0.0.jpeg", "site_section": "http://www.theverge.com//rss/index.xml", "section_title": "The Verge -  All Posts", "url": "http://www.theverge.com/2016/11/19/13687680/chevy-s-bolt-ev-limited-availability-2016-wider-rollout-next-spring", "country": "US", "domain_rank": 496, "title": "Chevy’s Bolt EV to have limited availability in 2016, with wider rollout next spring", "performance_score": 0, "site": "theverge.com", "participants_count": 1, "title_full": "Chevy’s Bolt EV to have limited availability in 2016, with wider rollout next spring - The Verge", "spam_score": 0.0, "site_type": "news", "published": "2016-11-20T00:38:00.000+02:00", "replies_count": 0, "uuid": "b86026ea87afc8957f8fd6223b7dc0c9b70f1d9a"}, "author": "Andrew Liptak", "url": "http://www.theverge.com/2016/11/19/13687680/chevy-s-bolt-ev-limited-availability-2016-wider-rollout-next-spring", "ord_in_thread": 0, "title": "Chevy’s Bolt EV to have limited availability in 2016, with wider rollout next spring", "locations": [], "entities": {"persons": [{"name": "michelle malcho", "sentiment": "none"}, {"name": "tesla", "sentiment": "none"}], "locations": [{"name": "california", "sentiment": "none"}, {"name": "oregon", "sentiment": "none"}], "organizations": [{"name": "general motors", "sentiment": "negative"}, {"name": "chevy", "sentiment": "negative"}, {"name": "wall street journal", "sentiment": "none"}, {"name": "gm", "sentiment": "none"}]}, "highlightText": "", "language": "english", "persons": [], "text": "General Motors had long been planning to release its all-electric Chevy Bolt before the end of 2016 — and it will, but only in California and Oregon. Wider availability — basically the rest of the country — will need to wait until 2017 says The Wall Street Journal .\nThe paper spoke to GM spokeswoman Michelle Malcho, who said the company is \"focusing on this year getting the cars ready for customers,\" and will be delivering vehicles to other states at a slower pace. Despite high interest in the vehicle, the Bolt will only be available in \"limited quantities\" throughout 2017.\nThe $30,000 electric vehicle has an EPA-estimated range of 238 miles on a full charge, is significantly cheaper than the only other 200-plus-mile electric vehicles on the market, and arrives on the market a year before Tesla’s Model 3 .\nVia : The Wall Street Journal", "external_links": [], "published": "2016-11-20T00:38:00.000+02:00", "crawled": "2016-11-20T00:50:14.622+02:00", "highlightTitle": ""}