{"organizations": [], "uuid": "1cb6d8a543df07d15c3e80d670bf198450644ec1", "thread": {"social": {"gplus": {"shares": 0}, "pinterest": {"shares": 0}, "vk": {"shares": 0}, "linkedin": {"shares": 0}, "facebook": {"likes": 0, "shares": 0, "comments": 0}, "stumbledupon": {"shares": 0}}, "site_full": "www.sfgate.com", "main_image": "http://www.sfgate.com/img/pages/article/opengraph_default.png", "site_section": "", "section_title": "", "url": "http://www.sfgate.com/news/education/article/Saturday-s-Scores-10625965.php", "country": "US", "domain_rank": 943, "title": "Saturday's Scores - SFGate", "performance_score": 0, "site": "sfgate.com", "participants_count": 0, "title_full": "Saturday's Scores - SFGate", "spam_score": 0.013, "site_type": "news", "published": "2016-11-20T03:22:00.000+02:00", "replies_count": 0, "uuid": "1cb6d8a543df07d15c3e80d670bf198450644ec1"}, "author": "The Associated Press", "url": "http://www.sfgate.com/news/education/article/Saturday-s-Scores-10625965.php", "ord_in_thread": 0, "title": "Saturday's Scores - SFGate", "locations": [], "entities": {"persons": [{"name": "bob jones", "sentiment": "negative"}, {"name": "fort payne", "sentiment": "negative"}, {"name": "calhoun", "sentiment": "none"}, {"name": "b.b. comer", "sentiment": "none"}, {"name": "sidney lanier", "sentiment": "none"}], "locations": [{"name": "vestavia hills 49", "sentiment": "none"}, {"name": "sfgate", "sentiment": "none"}, {"name": "spain", "sentiment": "none"}, {"name": "bay area", "sentiment": "none"}], "organizations": [{"name": "ohatchee", "sentiment": "negative"}, {"name": "westbrook christian", "sentiment": "negative"}, {"name": "montevallo", "sentiment": "negative"}, {"name": "sfgate madison academy", "sentiment": "negative"}, {"name": "hillcrest", "sentiment": "none"}, {"name": "faith christian", "sentiment": "none"}, {"name": "briarwood christian", "sentiment": "none"}, {"name": "talladega county central", "sentiment": "none"}]}, "highlightText": "", "language": "english", "persons": [], "text": "Madison Academy 56, Bob Jones 48 Montevallo 70, Fort Payne 59 Ohatchee 31, Westbrook Christian 29 Pleasant Valley 62, Faith Christian 29 Sidney Lanier 55, Calhoun 23 Spain Park 55, Hillcrest 51 Talladega County Central 49, B.B. Comer 16 Vestavia Hills 49, Briarwood Christian 35 Latest from the SFGATE homepage: Click below for the top news from around the Bay Area and beyond. Sign up for our newsletters to be the first to learn about breaking news and more. Go to 'Sign In' and 'Manage Profile' at the top of the page. WEEKEND WEATHER ", "external_links": [], "published": "2016-11-20T03:22:00.000+02:00", "crawled": "2016-11-20T10:09:46.689+02:00", "highlightTitle": ""}