{"organizations": [], "uuid": "3eccee622684a33203a9f27370667aa87a9d73c3", "thread": {"social": {"gplus": {"shares": 0}, "pinterest": {"shares": 0}, "vk": {"shares": 0}, "linkedin": {"shares": 0}, "facebook": {"likes": 0, "shares": 0, "comments": 0}, "stumbledupon": {"shares": 0}}, "site_full": "uk.reuters.com", "main_image": "http://s2.reutersmedia.net/resources/r/?m=02&d=20161119&t=2&i=1162346251&w=&fh=545px&fw=&ll=&pl=&sq=&r=LYNXMPECAI0DH", "site_section": "http://feeds.reuters.com/reuters/UKSportsNews", "section_title": "Reuters: Sports News", "url": "http://uk.reuters.com/article/uk-soccer-england-stk-bou-idUKKBN13E0MU", "country": "US", "domain_rank": 408, "title": "Ake header, Bojan penalty miss give Bournemouth victory", "performance_score": 0, "site": "reuters.com", "participants_count": 0, "title_full": "Ake header, Bojan penalty miss give Bournemouth victory", "spam_score": 0.0, "site_type": "news", "published": "2016-11-20T00:09:00.000+02:00", "replies_count": 0, "uuid": "3eccee622684a33203a9f27370667aa87a9d73c3"}, "author": "", "url": "http://uk.reuters.com/article/uk-soccer-england-stk-bou-idUKKBN13E0MU", "ord_in_thread": 0, "title": "Ake header, Bojan penalty miss give Bournemouth victory", "locations": [], "entities": {"persons": [{"name": "ake", "sentiment": "negative"}, {"name": "bojan", "sentiment": "negative"}, {"name": "callum wilson", "sentiment": "none"}, {"name": "nathan ake", "sentiment": "none"}, {"name": "ian chadband", "sentiment": "none"}, {"name": "bojan krkic", "sentiment": "none"}, {"name": "ed osmond", "sentiment": "none"}, {"name": "wilfried bony", "sentiment": "none"}, {"name": "ryan shawcross", "sentiment": "none"}, {"name": "stanislas", "sentiment": "none"}, {"name": "simon francis", "sentiment": "none"}, {"name": "andrew boyers livepic", "sentiment": "none"}], "locations": [{"name": "bournemouth", "sentiment": "none"}], "organizations": [{"name": "afc bournemouth", "sentiment": "negative"}, {"name": "stoke city", "sentiment": "negative"}, {"name": "bournemouth", "sentiment": "negative"}, {"name": "stoke", "sentiment": "none"}, {"name": "reuters / andrew boyers livepic 2/3   stoke city", "sentiment": "none"}, {"name": "reuters / peter nicholls livepic", "sentiment": "none"}, {"name": "premier league", "sentiment": "none"}, {"name": "action images", "sentiment": "none"}]}, "highlightText": "", "language": "english", "persons": [], "text": " 09pm GMT Ake header, Bojan penalty miss give Bournemouth victory   Stoke City v AFC Bournemouth - Premier League - bet356 Stadium - 19/11/16 Bournemouth's Nathan Ake scores their first   Andrew Boyers Livepic 1/3   Stoke City v AFC Bournemouth - Premier League - bet356 Stadium - 19/11/16 Bournemouth's Nathan Ake celebrates at full time Action Images via Reuters / Andrew Boyers Livepic 2/3   Stoke City v AFC Bournemouth - Premier League - bet356 Stadium - 19/11/16 Stoke City's Bojan Krkic hits the corss bar from a penalty Reuters / Peter Nicholls Livepic 3/3 \nSTOKE CITY 0 BOURNEMOUTH 1 \nBournemouth won their first Premier League match on the road this season thanks to Nathan Ake's second league goal and a penalty miss from Stoke's Bojan Krkic on Saturday. \nDutchman Ake proved the Cherries' courageous first-half hero, picking himself off the ground after a tough challenge from Wilfried Bony and heading home straight away from a Junior Stanislas cross. \nBournemouth were denied an obvious first-half penalty when Ryan Shawcross upended Callum Wilson but Stoke missed their chance to strike back after the interval when Bojan, fouled in the area by Simon Francis, struck the resulting spot kick against the bar. \nStoke could hardly credit that their six-match unbeaten record was ended as they squandered numerous chances for a late equaliser and Bournemouth celebrated their first away league win since April. \n(Reporting by Ian Chadband, editing by Ed Osmond) Next In Sports News", "external_links": [], "published": "2016-11-20T00:09:00.000+02:00", "crawled": "2016-11-19T20:02:25.304+02:00", "highlightTitle": ""}