{"organizations": [], "uuid": "e35d8b3ca383448a340db31305ade75b64a5e211", "thread": {"social": {"gplus": {"shares": 0}, "pinterest": {"shares": 0}, "vk": {"shares": 0}, "linkedin": {"shares": 0}, "facebook": {"likes": 0, "shares": 0, "comments": 0}, "stumbledupon": {"shares": 0}}, "site_full": "af.reuters.com", "main_image": "", "site_section": "http://feeds.reuters.com/reuters/AFRICATopNews", "section_title": "Reuters: Top News", "url": "http://af.reuters.com/article/topNews/idAFKBN13I0KF", "country": "US", "domain_rank": 408, "title": "Benin authorities seize 54 kg of cocaine from Brazil", "performance_score": 0, "site": "reuters.com", "participants_count": 0, "title_full": "Benin authorities seize 54 kg of cocaine from Brazil", "spam_score": 0.0, "site_type": "news", "published": "2016-11-23T14:57:00.000+02:00", "replies_count": 0, "uuid": "e35d8b3ca383448a340db31305ade75b64a5e211"}, "author": "", "url": "http://af.reuters.com/article/topNews/idAFKBN13I0KF", "ord_in_thread": 0, "title": "Benin authorities seize 54 kg of cocaine from Brazil", "locations": [], "entities": {"persons": [{"name": "tim cocks", "sentiment": "none"}, {"name": "lawani badirou", "sentiment": "none"}, {"name": "allegresse sasse", "sentiment": "none"}, {"name": "dan grebler", "sentiment": "none"}, {"name": "samuel elijah", "sentiment": "none"}, {"name": "sebastien ajavon", "sentiment": "none"}], "locations": [{"name": "cotonou", "sentiment": "none"}, {"name": "brazil", "sentiment": "none"}, {"name": "brazil benin", "sentiment": "none"}, {"name": "benin", "sentiment": "none"}, {"name": "west africa", "sentiment": "none"}, {"name": "cotonou", "sentiment": "none"}, {"name": "europe", "sentiment": "none"}], "organizations": [{"name": "reuters", "sentiment": "negative"}, {"name": "ajavon", "sentiment": "none"}]}, "highlightText": "", "language": "english", "persons": [], "text": "Benin authorities seize 54 kg of cocaine from Brazil Wed Nov 23, 2016 7:57am   \nCOTONOU (Reuters) - Benin security forces seized 54 kilogrammes of cocaine from a container that had arrived at its main port of Cotonou from Brazil, the public prosecutor said on Tuesday. \n\"There was a sack containing 48 pellets of a suspect product,\" which was seized on Monday, Lawani Badirou told a news conference. \"Tests revealed that this was cocaine.\" \nWest Africa has for over a decade been a transit point for Latin American cocaine en route to Europe, although improved maritime policing in recent years has helped reduce the volume passing through the region. \nIt was the second drug bust in Benin in under a month. \nMaritime police discovered a haul of 18 kg of cocaine, also at Cotonou, at the end of October. \nThat shipment was found in a container belonging to one of the companies of wealthy businessman and prominent politician Sebastien Ajavon. \nA court, however, this month dropped all drug trafficking charges against Ajavon for lack of proof. \n(Reporting by Allegresse Sasse and Samuel Elijah; Writing by Tim Cocks; Editing by Dan Grebler)  ", "external_links": [], "published": "2016-11-23T14:57:00.000+02:00", "crawled": "2016-11-23T10:16:27.252+02:00", "highlightTitle": ""}