{"organizations": [], "uuid": "10b2947f9401d8580111c7e6d0c9f63ae8ce8f4a", "thread": {"social": {"gplus": {"shares": 0}, "pinterest": {"shares": 0}, "vk": {"shares": 0}, "linkedin": {"shares": 0}, "facebook": {"likes": 0, "shares": 0, "comments": 0}, "stumbledupon": {"shares": 0}}, "site_full": "indianexpress.com", "main_image": "http://images.indianexpress.com/2016/11/varun-arjun-kwk-480.jpg?w=480", "site_section": "http://indianexpress.com/section/entertainment/feed/", "section_title": "Entertainment – The Indian Express", "url": "http://indianexpress.com/article/entertainment/television/koffee-with-karan-season-5-varun-dhawan-and-arjun-kapoors-gay-act-steal-the-karan-johar-show-4386323/", "country": "US", "domain_rank": 598, "title": "Koffee With Karan Season 5: Varun Dhawan and Arjun Kapoor’s gay act steals the Karan Johar show", "performance_score": 0, "site": "indianexpress.com", "participants_count": 1, "title_full": "Koffee With Karan Season 5: Varun Dhawan and Arjun Kapoor’s gay act steals the Karan Johar show", "spam_score": 0.0, "site_type": "news", "published": "2016-11-20T23:58:00.000+02:00", "replies_count": 0, "uuid": "10b2947f9401d8580111c7e6d0c9f63ae8ce8f4a"}, "author": "Samarpita Das", "url": "http://indianexpress.com/article/entertainment/television/koffee-with-karan-season-5-varun-dhawan-and-arjun-kapoors-gay-act-steal-the-karan-johar-show-4386323/", "ord_in_thread": 0, "title": "Koffee With Karan Season 5: Varun Dhawan and Arjun Kapoor’s gay act steals the Karan Johar show", "locations": [], "entities": {"persons": [{"name": "varun dhawan", "sentiment": "negative"}, {"name": "karan joha", "sentiment": "negative"}, {"name": "arjun kapoor", "sentiment": "negative"}, {"name": "karan johar", "sentiment": "negative"}, {"name": "alia bhatt", "sentiment": "none"}, {"name": "parineeti", "sentiment": "none"}, {"name": "natasha", "sentiment": "none"}, {"name": "karan", "sentiment": "none"}, {"name": "arjun", "sentiment": "none"}, {"name": "varun", "sentiment": "none"}, {"name": "salman khan", "sentiment": "none"}, {"name": "ranveer singh", "sentiment": "none"}, {"name": "samarpita das", "sentiment": "none"}, {"name": "ranbir kapoor", "sentiment": "none"}, {"name": "david dhawan", "sentiment": "none"}], "locations": [{"name": "sonakshi", "sentiment": "none"}, {"name": "parineeti", "sentiment": "none"}, {"name": "varun", "sentiment": "none"}, {"name": "new delhi", "sentiment": "none"}], "organizations": []}, "highlightText": "", "language": "english", "persons": [], "text": "Television Koffee With Karan Season 5: Varun Dhawan and Arjun Kapoor’s gay act steals the Karan Johar show Koffee With Karan Season 5: Varun Dhawan and Arjun Kapoor’s gay act steals the Karan Johar show Varun Dhawan and Arjun Kapoor relationship status: Brother from another mother, confirmation recieved at Koffee With Karan Season 5. Written by Samarpita Das | New Delhi | Updated: November 20, 2016 10:29 pm Koffee With Karan Season 5: Varun Dhawan will talk about his past as a nudist when he is not working on a bromance with Arjun Kapoor. \nThe two guests tonight, Varun Dhawan and Arjun Kapoor came all set, ready with politically correct answers denying all rumours that linked them with Alia Bhatt . The two boys of Bollywood were introduced as huge fans of Salman Khan , by host Karan Johar . Almost for the first few minutes, one almost forgot this is the show where most gossips come to life. But it wasn’t the case with Varun and Arjun. At least not before the first commercial break. It was more about upholding moral standards for themselves and the people they are dating. \nWhile talking about dating Varun Dhawan mentioned that he is dating a school friend named Natasha but he did not indulge on giving away more details about his life. \nLater it was a bit about the bromantic relationship they share with each other. When Karan Johar asked them about the status of their friendship, Arjun Kapoor confirmed that Varun is his brother from another mother. \nRight after the break, Karan Johar shared an embarrassing video of both Varun Dhawan and Arjun Kapoor. Let’s just say had it ever been shown before they entered Bollywood to the nation, the two actors would have had a very different career, they would never be stars like they are now! \nThat was apparently the tape Varun showed Karan during the auditions of Student Of The Year. It still remains surprising why Karan would ever select Varun Dhawan as one of the lead actors after watching that video. Arjun Kapoor was embarrassed enough that it was shown on national television as he never ever wanted people to see it. \nLater Varun confessed that he takes off his clothes as a natural instict and hence next time when you see him doing that just know he does not do it out of sexual intentions. He called himself a nudist. \nWhen Karan started giving them tasks, began the humour on the show. He first ordered them to act like gay lovers meeting in a bar. Under the orders of the director the two got more physical and finally broke into laughter. Arjun remarked if anyone could play gay the best, it would be Karan himself. Later they were made to play brothers and change language under the instruction of Karan again. \nMuch like the audience, Arjun was in pieces when Varun changed his language. All over it was truly a hysterical performance, the prize to which was a book which was previously in possession with David Dhawan. Yet Varun gave Arjun a khali dabba while he took the real gift inside. \nThe rapid fire round lacked the spark. Both the actors gave safe answers while ranking their fellow colleagues. Much like Arjun said, Varun’s need for attention was seen in this episode. Even when Karan was asking his rapid fire questions to Arjun, a fidgety and interfering Varun managed to get every shot of the camera. \nThe answers of the rapid fire round did not reveal any spicy secrets of Bollywood. Except Arjun hesitated when Karan asked him who is hotter between Sonakshi and Parineeti, to which after a lot of teasing, he chose Parineeti. \nMuch like previous shows Varun Dhawan lost in this episode of Karan Johar’s show again. Varun’s competitive nature was exemplified on his face. However, he won in the GK round where KJo mostly asked questions from Bollywood arena. \nAlso read: Koffee With Karan S5: Varun Dhawan a nudist, Arjun Kapoor’s sex life going great, watch teaser \nThe show rounded up with Varun confessing that he was a little diplomatic because some things get mistreated in the media but he is happy in his personal life. \nArjun made no such disclaimer but only requested audience not to judge them and not fall for the misinterpretation made by the media. \nNext week will see the two heartthrobs Ranbir Kapoor and Ranveer Singh coming over together, one of the rarest times when they’ll sit on the same couch.  ", "external_links": [], "published": "2016-11-20T23:58:00.000+02:00", "crawled": "2016-11-20T19:06:45.409+02:00", "highlightTitle": ""}