{"organizations": [], "uuid": "95fa75df34dee19b0b6570c6b9993f98b8e5adf5", "thread": {"social": {"gplus": {"shares": 0}, "pinterest": {"shares": 0}, "vk": {"shares": 0}, "linkedin": {"shares": 0}, "facebook": {"likes": 0, "shares": 0, "comments": 0}, "stumbledupon": {"shares": 0}}, "site_full": "www.forbes.com", "main_image": "{{meta.image}}", "site_section": "", "section_title": "", "url": "http://www.forbes.com/sites/emilywillingham/2016/11/20/in-his-passionate-pro-science-proposal-dan-rather-misreads-donald-trump/{{meta.canonical}}", "country": "US", "domain_rank": 196, "title": "In His Passionate Pro-Science Proposal, Dan Rather Misreads Donald Trump", "performance_score": 0, "site": "forbes.com", "participants_count": 0, "title_full": "In His Passionate Pro-Science Proposal, Dan Rather Misreads Donald Trump", "spam_score": 0.152, "site_type": "news", "published": "2016-11-21T06:13:00.000+02:00", "replies_count": 0, "uuid": "95fa75df34dee19b0b6570c6b9993f98b8e5adf5"}, "author": "Emily Willingham", "url": "http://www.forbes.com/sites/emilywillingham/2016/11/20/in-his-passionate-pro-science-proposal-dan-rather-misreads-donald-trump/{{meta.canonical}}", "ord_in_thread": 0, "title": "In His Passionate Pro-Science Proposal, Dan Rather Misreads Donald Trump", "locations": [], "entities": {"persons": [{"name": "dan rather misreads donald trump", "sentiment": "negative"}], "locations": [], "organizations": []}, "highlightText": "", "language": "english", "persons": [], "text": "", "external_links": [], "published": "2016-11-21T06:13:00.000+02:00", "crawled": "2016-11-21T01:15:14.173+02:00", "highlightTitle": ""}