{"organizations": [], "uuid": "8d26e1b4571c7deb34e5599434b99c1d5c794808", "thread": {"social": {"gplus": {"shares": 0}, "pinterest": {"shares": 0}, "vk": {"shares": 0}, "linkedin": {"shares": 0}, "facebook": {"likes": 2, "shares": 2, "comments": 0}, "stumbledupon": {"shares": 0}}, "site_full": "www.nhl.com", "main_image": "https://nhl.bamcontent.com/images/photos/283941262/1024x576/cut.jpg", "site_section": "", "section_title": "", "url": "https://www.nhl.com/news/new-york-rangers-pittsburgh-penguins-game-preview/c-283940730", "country": "US", "domain_rank": 915, "title": "Preview: Rangers at Penguins | NHL.com", "performance_score": 0, "site": "nhl.com", "participants_count": 0, "title_full": "Preview: Rangers at Penguins | NHL.com", "spam_score": 0.872, "site_type": "news", "published": "2016-11-21T20:09:00.000+02:00", "replies_count": 0, "uuid": "8d26e1b4571c7deb34e5599434b99c1d5c794808"}, "author": "", "url": "https://www.nhl.com/news/new-york-rangers-pittsburgh-penguins-game-preview/c-283940730", "ord_in_thread": 0, "title": "Preview: Rangers at Penguins | NHL.com", "locations": [], "entities": {"persons": [{"name": "mika zibanejad", "sentiment": "negative"}, {"name": "pittsbur", "sentiment": "negative"}, {"name": "alain vigneault", "sentiment": "none"}, {"name": "brandon pirri", "sentiment": "none"}, {"name": "evgeni malkin", "sentiment": "none"}, {"name": "michael grabner", "sentiment": "none"}, {"name": "henrik lundqvist", "sentiment": "none"}, {"name": "conor sheary", "sentiment": "none"}, {"name": "oscar lindberg", "sentiment": "none"}, {"name": "phil kessel", "sentiment": "none"}, {"name": "jake", "sentiment": "none"}, {"name": "dan girardi", "sentiment": "none"}, {"name": "zibanejad", "sentiment": "none"}, {"name": "sidney crosby", "sentiment": "none"}, {"name": "marc-andre fleury", "sentiment": "none"}, {"name": "j.t. miller", "sentiment": "none"}, {"name": "josh jooris  ryan mcdonagh", "sentiment": "none"}, {"name": "chris kreider", "sentiment": "none"}, {"name": "antti raanta", "sentiment": "none"}, {"name": "jimmy vesey", "sentiment": "none"}, {"name": "mats zuccarello", "sentiment": "none"}, {"name": "kris letang", "sentiment": "none"}, {"name": "jake guentzel", "sentiment": "none"}, {"name": "sullivan", "sentiment": "none"}, {"name": "chris kunitz", "sentiment": "none"}, {"name": "rick nash  jimmy vesey", "sentiment": "none"}, {"name": "malkin", "sentiment": "none"}, {"name": "wes crosby", "sentiment": "none"}, {"name": "guentzel", "sentiment": "none"}, {"name": "kunitz", "sentiment": "none"}, {"name": "mike sullivan", "sentiment": "none"}, {"name": "derek stepan", "sentiment": "none"}, {"name": "kevin hayes", "sentiment": "none"}, {"name": "patric hornqvist", "sentiment": "none"}, {"name": "kessel", "sentiment": "none"}], "locations": [{"name": "new york", "sentiment": "none"}], "organizations": [{"name": "penguins", "sentiment": "negative"}, {"name": "penguins new york", "sentiment": "negative"}, {"name": "nhl.tv  rangers", "sentiment": "none"}, {"name": "msg", "sentiment": "none"}, {"name": "american hockey league", "sentiment": "none"}, {"name": "nhl", "sentiment": "none"}, {"name": "rangers", "sentiment": "none"}, {"name": "florida panthers", "sentiment": "none"}, {"name": "buffalo sabres", "sentiment": "none"}, {"name": "pittsburgh penguins", "sentiment": "none"}, {"name": "new york rangers", "sentiment": "none"}]}, "highlightText": "", "language": "english", "persons": [], "text": "game preview Preview: Rangers at Penguins New York plays first game without Mika Zibanejad; Pittsburgh forward Chris Kunitz week to week with lower-body injury by Wes Crosby / NHL.com Correspondent \nRANGERS (13-5-1) at PENGUINS (11-4-3) \n7 p.m. ET; ROOT, MSG, NHL.TV \nRangers team scope \nNew York Rangers forward Mika Zibanejad will miss 6-8 weeks after breaking his fibula during overtime of a 3-2 loss to the Florida Panthers on Sunday. Zibanejad, who centered New York's second line between forwards Jimmy Vesey and Mats Zuccarello , has five goals and 15 points in 19 games. \"Every team has injuries,\" coach Alain Vigneault said following the game Sunday. \"We don't expect to be any different than anybody else. So, like every coach says in these moments, it's an opportunity for somebody else to get more ice time and I'm confident that whoever we decide to put in that spot will be able to do the job for us.\" New York did not hold a morning skate, so its plan to replace Zibanejad is unknown. Goalie Antti Raanta could start after Henrik Lundqvist made 28 saves Sunday. The Rangers, 0-1-1 in their past two games after winning eight of their previous nine, face the Pittsburgh Penguins for the first time since losing the Eastern Conference First Round of the 2016 Stanley Cup Playoffs in five games. \nPenguins team scope \nForward Chris Kunitz (lower body) was placed on injured reserve Monday and is week to week, coach Mike Sullivan said. Kunitz has 11 points in 18 games, including three assists in his past two games. Without Kunitz and Patric Hornqvist (concussion), the Penguins moved forward Conor Sheary to their top power-play unit with Sidney Crosby , Kris Letang , Evgeni Malkin and Phil Kessel during their morning skate. Forward Jake Guentzel was recalled from Wilkes-Barre/Scranton of the American Hockey League. Guentzel, 22, should make his NHL debut after skating to the left of Malkin and Kessel. \"We try to put players in a position where they can play to their strengths,\" Sullivan said. \"Jake has very good offensive instincts. He's a point-a-game guy at the American League level. He played with some of those guys in the [preseason] games and we thought he handled it extremely well. He's a mature kid.\" Goalie Marc-Andre Fleury was first off the ice and will likely make a second consecutive start. He made 32 saves in a 2-1 shootout loss to the Buffalo Sabres on Saturday. \n\nChris Kreider -- Derek Stepan -- Rick Nash \nJimmy Vesey -- J.T. Miller -- Mats Zuccarello \nMichael Grabner -- Kevin Hayes -- Jesper Fast \nBrandon Pirri -- Oscar Lindberg -- Josh Jooris \nRyan McDonagh -- Dan Girardi ", "external_links": [], "published": "2016-11-21T20:09:00.000+02:00", "crawled": "2016-11-21T22:33:23.217+02:00", "highlightTitle": ""}