{"organizations": [], "uuid": "686738b0cd1a1ccc10b66da9e01dabe01d51fd2e", "thread": {"social": {"gplus": {"shares": 0}, "pinterest": {"shares": 0}, "vk": {"shares": 0}, "linkedin": {"shares": 0}, "facebook": {"likes": 0, "shares": 0, "comments": 0}, "stumbledupon": {"shares": 0}}, "site_full": "www.forbes.com", "main_image": "{{meta.image}}", "site_section": "", "section_title": "", "url": "http://www.forbes.com/sites/lizryan/2016/11/21/the-five-unmistakable-signs-of-job-burnout/{{meta.canonical}}", "country": "US", "domain_rank": 196, "title": "The Five Unmistakable Signs Of Job Burnout", "performance_score": 0, "site": "forbes.com", "participants_count": 0, "title_full": "The Five Unmistakable Signs Of Job Burnout", "spam_score": 0.796, "site_type": "news", "published": "2016-11-21T07:00:00.000+02:00", "replies_count": 0, "uuid": "686738b0cd1a1ccc10b66da9e01dabe01d51fd2e"}, "author": "Liz Ryan", "url": "http://www.forbes.com/sites/lizryan/2016/11/21/the-five-unmistakable-signs-of-job-burnout/{{meta.canonical}}", "ord_in_thread": 0, "title": "The Five Unmistakable Signs Of Job Burnout", "locations": [], "entities": {"persons": [], "locations": [], "organizations": []}, "highlightText": "", "language": "english", "persons": [], "text": "", "external_links": [], "published": "2016-11-21T07:00:00.000+02:00", "crawled": "2016-11-22T04:02:40.811+02:00", "highlightTitle": ""}