{"organizations": [], "uuid": "ea71a587a774733d3642f4d58cec55807c1b54dc", "thread": {"social": {"gplus": {"shares": 0}, "pinterest": {"shares": 0}, "vk": {"shares": 0}, "linkedin": {"shares": 0}, "facebook": {"likes": 0, "shares": 0, "comments": 0}, "stumbledupon": {"shares": 0}}, "site_full": "www.ign.com", "main_image": "http://i2.neon-images.com/v1/client/2089095449/neonvid_1b425bbf183131041eefc9225b1758c1.jpg?width=1280&amp;height=720", "site_section": "http://feeds.ign.com/IGNXboxOneVideos", "section_title": "IGN Entertainment Videos", "url": "http://www.ign.com/videos/2016/11/22/welcome-to-skyrim-episode-1-the-birth-of-bethany", "country": "US", "domain_rank": 383, "title": "Welcome to Skyrim Episode 1 - The Birth of Bethany", "performance_score": 0, "site": "ign.com", "participants_count": 0, "title_full": "Welcome to Skyrim Episode 1 - The Birth of Bethany", "spam_score": 0.0, "site_type": "news", "published": "2016-11-23T03:00:00.000+02:00", "replies_count": 0, "uuid": "ea71a587a774733d3642f4d58cec55807c1b54dc"}, "author": "", "url": "http://www.ign.com/videos/2016/11/22/welcome-to-skyrim-episode-1-the-birth-of-bethany", "ord_in_thread": 0, "title": "Welcome to Skyrim Episode 1 - The Birth of Bethany", "locations": [], "entities": {"persons": [{"name": "bethany max", "sentiment": "negative"}, {"name": "marty", "sentiment": "negative"}, {"name": "bethany", "sentiment": "none"}], "locations": [{"name": "skyrim", "sentiment": "none"}], "organizations": [{"name": "bethany", "sentiment": "negative"}]}, "highlightText": "", "language": "english", "persons": [], "text": "  22 Nov 2016 Welcome to Skyrim Episode 1 - The Birth of Bethany Max introduces Marty to a fantastical world of dragons, magic, and a sexy khajit named Bethany. Welcome to Skyrim. Share Subscribe to IGN Prime to access HD video downloads Get IGN Prime", "external_links": [], "published": "2016-11-23T03:00:00.000+02:00", "crawled": "2016-11-22T22:16:24.758+02:00", "highlightTitle": ""}