{"organizations": [], "uuid": "2530d09a8e6859cac145c24a046f9153f7150d2c", "thread": {"social": {"gplus": {"shares": 0}, "pinterest": {"shares": 0}, "vk": {"shares": 0}, "linkedin": {"shares": 0}, "facebook": {"likes": 25, "shares": 25, "comments": 0}, "stumbledupon": {"shares": 0}}, "site_full": "goamsterdam.about.com", "main_image": "http://f.tqn.com/y/goamsterdam/1/S/c/D/-/-/Mailbox.jpg", "site_section": "http://z.about.com/6/o/m/goamsterdam_t2.xml", "section_title": "About.com Amsterdam Travel: What's Hot Now", "url": "http://goamsterdam.about.com/od/Get-Around-Amsterdam/f/Where-Can-I-Find-A-Post-Office-In-Amsterdam.htm", "country": "US", "domain_rank": 238, "title": "Where Can I Find a Post Office in Amsterdam?", "performance_score": 0, "site": "about.com", "participants_count": 0, "title_full": "Where Can I Find a Post Office in Amsterdam?", "spam_score": 0.0, "site_type": "news", "published": "2016-11-20T18:04:00.000+02:00", "replies_count": 0, "uuid": "2530d09a8e6859cac145c24a046f9153f7150d2c"}, "author": "", "url": "http://goamsterdam.about.com/od/Get-Around-Amsterdam/f/Where-Can-I-Find-A-Post-Office-In-Amsterdam.htm", "ord_in_thread": 0, "title": "Where Can I Find a Post Office in Amsterdam?", "locations": [], "entities": {"persons": [{"name": "rembrandtplein​​ albert heijn", "sentiment": "none"}], "locations": [{"name": "amsterdam", "sentiment": "none"}, {"name": "utrecht", "sentiment": "none"}, {"name": "central station", "sentiment": "none"}], "organizations": [{"name": "post office", "sentiment": "neutral"}, {"name": "tnt post service", "sentiment": "none"}, {"name": "tnt", "sentiment": "none"}, {"name": "tnt - thomas nationwide transport", "sentiment": "none"}, {"name": "kpn", "sentiment": "none"}, {"name": "flower market", "sentiment": "none"}, {"name": "amsterdam tourist service", "sentiment": "none"}]}, "highlightText": "", "language": "english", "persons": [], "text": "Updated August 01, 2016 . Where Can I Find a Post Office in Amsterdam? \nYou can't - there are none. In fact, there are no official post offices to be found in any Dutch city since October 2011, when the last post office closed in Utrecht , a major city south of Amsterdam. \nBut that doesn't mean that there are no postal services. From 2008 to 2011, the traditional post offices were replaced with \"service points\" where customers can purchase stamps, send letters and parcels, and other typical postal services. These operate just like their predecessors but are located in newsstands, tobacco shops, supermarkets and other stores. What's more, there are 2,600 of them, as opposed to the previous 250 post offices. Shops that offer postal services are clearly marked with the acronym TNT - Thomas Nationwide Transport. (TNT started out as an Australian transportation company before it was acquired by Dutch telecommunications company KPN, who kept the name.) \nIn 2011, TNT turned its postal services over to an independent company, PostNL. \ncontinue reading below our video 5 Tips to Make Coach Feel Like First Class While the name \"TNT\" is still emblazoned on service points across the country, perhaps this will eventually be replaced by the new company name; check this article for any updates on the situation. \nBelow is a list of postal service points near several popular tourist attractions in Amsterdam. In addition, stamps are sold at many other sites (such as the Amsterdam Tourist Service opposite Central Station), and mailboxes are located all over the city. \nTNT Post Service Points near Popular Tourist Attractions Ako (newsstand)Open daily, 10 a.m. - 8 p.m. (Wed till 9 p.m.)Close to the Bloemenmarkt (Flower Market) and Rembrandtplein​​ Albert Heijn (supermarket)", "external_links": [], "published": "2016-11-20T18:04:00.000+02:00", "crawled": "2016-11-21T04:57:02.092+02:00", "highlightTitle": ""}