{"organizations": [], "uuid": "28f72b6f562bc4da786c4f432af11073a7e9f99a", "thread": {"social": {"gplus": {"shares": 0}, "pinterest": {"shares": 1}, "vk": {"shares": 0}, "linkedin": {"shares": 5}, "facebook": {"likes": 2, "shares": 2, "comments": 0}, "stumbledupon": {"shares": 0}}, "site_full": "www.huffingtonpost.com", "main_image": "http://img.huffingtonpost.com/asset/2000_1000/5831a6f61a00002500cc8da1.jpeg", "site_section": "http://www.huffingtonpost.com/tag/bashar-assad/feed", "section_title": "Bashar Assad on Huffington Post", "url": "http://www.huffingtonpost.com/2016/11/20/dozens-killed-in-aleppo-bombing-including-family-of-6_n_13106432.html", "country": "US", "domain_rank": 139, "title": "Dozens Killed In Aleppo Bombing, Including Family Of 6", "performance_score": 0, "site": "huffingtonpost.com", "participants_count": 1, "title_full": "Dozens Killed In Aleppo Bombing, Including Family Of 6 | The Huffington Post", "spam_score": 0.0, "site_type": "news", "published": "2016-11-20T21:40:00.000+02:00", "replies_count": 0, "uuid": "28f72b6f562bc4da786c4f432af11073a7e9f99a"}, "author": "huffingtonpost.com", "url": "http://www.huffingtonpost.com/2016/11/20/dozens-killed-in-aleppo-bombing-including-family-of-6_n_13106432.html", "ord_in_thread": 0, "title": "Dozens Killed In Aleppo Bombing, Including Family Of 6", "locations": [], "entities": {"persons": [{"name": "abu al-abbas", "sentiment": "none"}, {"name": "zakaria al-malahifji", "sentiment": "none"}, {"name": "bashar al-assad", "sentiment": "none"}, {"name": "assad", "sentiment": "none"}, {"name": "moalem", "sentiment": "none"}, {"name": "donald trump", "sentiment": "none"}, {"name": "saeed", "sentiment": "none"}, {"name": "walid al-moalem", "sentiment": "none"}, {"name": "staffan de mistura", "sentiment": "none"}, {"name": "al-baytounji", "sentiment": "none"}], "locations": [{"name": "aleppo", "sentiment": "none"}, {"name": "united states", "sentiment": "none"}, {"name": "daraya", "sentiment": "none"}, {"name": "iran", "sentiment": "none"}, {"name": "bustan al-basha", "sentiment": "none"}, {"name": "damascus", "sentiment": "none"}, {"name": "syria", "sentiment": "none"}, {"name": "lebanon", "sentiment": "none"}, {"name": "turkey", "sentiment": "none"}, {"name": "gulf", "sentiment": "none"}, {"name": "hanano", "sentiment": "none"}, {"name": "sakhour", "sentiment": "none"}, {"name": "saria hasoun", "sentiment": "none"}, {"name": "u.s.", "sentiment": "none"}, {"name": "baeedain", "sentiment": "none"}, {"name": "al-farqan", "sentiment": "none"}, {"name": "russia", "sentiment": "none"}], "organizations": [{"name": "syrian observatory for human rights", "sentiment": "none"}, {"name": "world health organisation", "sentiment": "none"}, {"name": "bashar assad aleppo airstrikes aleppo syria aleppo", "sentiment": "none"}, {"name": "foreign ministry", "sentiment": "none"}, {"name": "de mistura", "sentiment": "none"}, {"name": "organisation for the prohibition of chemical weapons", "sentiment": "none"}, {"name": "united nations", "sentiment": "none"}, {"name": "hezbollah", "sentiment": "none"}, {"name": "observatory", "sentiment": "none"}]}, "highlightText": "", "language": "english", "persons": [], "text": "A barrel bomb killed a family of six in rebel-held eastern Aleppo early on Sunday and rebel shelling killed eight children at a school in the government-held sector almost a week into one of the heaviest government bombardments of Syria’s civil war.\nTwo medics said the al-Baytounji family had suffocated to death because the barrel bomb, which fell in the Sakhour district at about midnight, had been laced with chlorine gas.\nThe Syrian Observatory for Human Rights, which monitors the war, confirmed the bombing but could not confirm that chlorine gas was used. Damascus has denied use of the gas, which would contravene the international Chemical Weapons Convention.\nRebel shelling killed at least eight children, aged from six to 12 years, among 10 deaths in the Saria Hasoun school in al-Farqan district, the Observatory and Syrian state television reported.\nHundreds of people have been killed since Tuesday as the government and its allies attempt to quash resistance in Aleppo’s rebel-held eastern zone.\nSyria’s military and Russia’s air force had paused their bombardment of eastern Aleppo, except for on the frontlines, for two weeks after a month-long offensive from late September to late October, but recommenced strikes on Tuesday.\nThe plight of civilians in eastern Aleppo was underscored on Saturday when the World Health Organisation reported that bombing had put all the hospitals in the besieged district out of operation. An official with a rebel group based in east Aleppo said there were still no working hospitals there on Sunday.\nThe army and its allies began some ground attacks on Friday. The Observatory reported intense clashes in Sheikh Saeed in southeast Aleppo and in Baeedain and Bustan al-Basha in northeast Aleppo.\nLebanon’s Hezbollah militia, one of the army’s main allies in the fighting, said on Sunday that clashes were taking place in the Hanano district of northeast Aleppo and that pro-government forces were bringing big reinforcements to the city.\nAn inquiry by the United Nations and the Organisation for the Prohibition of Chemical Weapons has said Syrian government forces have used chlorine gas in barrel bombs at least three times during the war. Damascus denies it.\nSyria also denies using barrel bombs - improvised ordnance made by oil drums filled with high explosive and shrapnel and dropped from helicopters. Their use has been condemned by the United Nations for causing unnecessary suffering.\nAir strikes continued to hit several districts of eastern Aleppo early on Sunday, the Observatory said, after at least 54 people were killed in bombing on Saturday.\nSo far, around 240 people have been killed in bombing in eastern Aleppo and the rebel-held countryside to the west of the city since Tuesday, it added.\nStaffan De Mistura, the envoy of the United Nations secretary general, arrived in Damascus for talks with Syrian Foreign Ministry officials on Sunday.\nForeign Minister Walid al-Moalem said in a televised news conference that De Mistura had discussed the possibility of an autonomous administration being set up in eastern Aleppo, but that Damascus completely rejected this. An elected city council oversees services in the rebel-held eastern districts.\nMoalem said that the arrangement was intended by rebel groups to control distribution of food and that they were holding the civilians of eastern Aleppo hostage.\nAsked in a televised news conference about Damascus’ expectations from U.S. President-elect Donald Trump, he said it wanted him to stop arming rebel groups and to curb regional powers who also did so.\nThe two medics identified the family they said was killed by chlorine in a film distributed online. It showed the corpses of four children stretched out on a floor, their lips blue and dark marks around their open eyes.\nOne of the medics, Abu al-Abbas, has a colleague who lives on the same street, he said. Another was the manager of a hospital and said doctors had confirmed the cause of their death as gas poisoning. A rebel official, Zakaria al-Malahifji, from the Fastaqim group, also said they had been killed by gas.\nMedics and residents in rebel-held areas have often accused the Syrian military of using chlorine in barrel bomb attacks on their areas, but the difficulty of reaching besieged districts makes it hard for international agencies to verify this.\nSyria and Russia have also accused the rebels of using toxic gas in shells, including during a major assault on the western fringe of the government-held zone in Aleppo early this month.\nThe civil war pits President Bashar al-Assad backed by Russia’s air force, Iran and Shi’ite militias against mostly Sunni rebels including groups supported by the United States, Turkey and Gulf monarchies.\nAleppo has become the focal point for fighting, as the army and its allies attempt to end insurgent resistance there, alternating intense bombardment and ground attacks with offers to rebels to quit the city during periods of reduced bombing.\nThe use of siege and bombardment tactics has previously forced rebels to surrender other encircled areas such as the large town of Daraya southeast of Damascus, seen for years as a stronghold of the rising against Assad.\nMore: Bashar Assad Aleppo Airstrikes Aleppo Syria Aleppo Bombing Suggest a correction ", "external_links": ["http://facebook.com/theworldpost", "http://cdn.taboola.com/libtrc/aol-huffingtonpost/loader.js", "http://s.m.huffpost.com/assets/snapchat-QR-f9e427774952023202aa82ff5db0b1b5.png", "https://twitter.com/TheWorldPost", "http://pinterest.com/huffingtonpost", "https://itunes.apple.com/us/artist/the-huffington-post/id908797543?mt=2"], "published": "2016-11-20T21:40:00.000+02:00", "crawled": "2016-11-21T04:52:23.489+02:00", "highlightTitle": ""}