{"organizations": [], "uuid": "c3202b9d47a99ae4edebf6858d56db15b3955c60", "thread": {"social": {"gplus": {"shares": 0}, "pinterest": {"shares": 0}, "vk": {"shares": 0}, "linkedin": {"shares": 0}, "facebook": {"likes": 4, "shares": 4, "comments": 0}, "stumbledupon": {"shares": 0}}, "site_full": "www.nhl.com", "main_image": "https://nhl.bamcontent.com/images/photos/283915096/1024x576/cut.jpg", "site_section": "", "section_title": "", "url": "https://www.nhl.com/oilers/news/drakes-dream-debut/c-283913730", "country": "US", "domain_rank": 915, "title": "Drake's dream debut | NHL.com", "performance_score": 0, "site": "nhl.com", "participants_count": 0, "title_full": "Drake's dream debut | NHL.com", "spam_score": 0.233, "site_type": "news", "published": "2016-11-20T07:20:00.000+02:00", "replies_count": 0, "uuid": "c3202b9d47a99ae4edebf6858d56db15b3955c60"}, "author": "", "url": "https://www.nhl.com/oilers/news/drakes-dream-debut/c-283913730", "ord_in_thread": 0, "title": "Drake's dream debut | NHL.com", "locations": [], "entities": {"persons": [{"name": "drake", "sentiment": "negative"}, {"name": "ryan frankson", "sentiment": "negative"}, {"name": "drake caggiula", "sentiment": "negative"}, {"name": "caggiula", "sentiment": "none"}, {"name": "todd mclellan", "sentiment": "none"}, {"name": "tyler pitlick", "sentiment": "none"}], "locations": [], "organizations": [{"name": "university of north dakota", "sentiment": "none"}, {"name": "nhl", "sentiment": "none"}, {"name": "dallas stars", "sentiment": "none"}]}, "highlightText": "", "language": "english", "persons": [], "text": "Drake's dream debut by Ryan Frankson / EdmontonOilers.com \nDrake Caggiula said tonight would be a dream come true as he suited up for his first NHL game. \nIt's pretty safe to say the 5-2 victory over the Dallas Stars lived up to those expectations. \nThe 22-year-old University of North Dakota product executed a beautiful saucer pass to set up Tyler Pitlick 's goal in the first period. Just 11:36 into his NHL career, Caggiula had his first point in the bank. \nHis final stat-line on the night showed one assist, one hit and a +1 rating in 12:49, which included 1:22 on the PP and 2:33 on the PK. Caggiula got an exemplary review from his coach. \n\"Drake gave us exactly what we needed from him,\" said Todd McLellan. \"A spark, some speed, he got in on the scoresheet and we were able to use him on the penalty kill on a night where we took too many penalties. Happy for him to get the start that he got tonight and come into the lineup on a winning game.\" \nThe off-season free-agent signing got his \"welcome to the big show\" moment at the start of pre-game warmup. As is tradition with rookies playing their first game, his teammates let him take the ice first and waited in the tunnel so he could skate his first lap all by himself and relish the moment. \n\"I got a bit of a heads-up that was going to happen,\" he laughed. \"You see it on TV all the time. It's a pretty cool tradition to be a part of.\" \nHaving missed a month and a half of game action after suffering a hip injury during preseason, Caggiula admitted he has some catching up to do. \n\"I don't think I had the typical jump that I normally would,\" he said. \"That's what happens when you miss six weeks or so. Those things will come. Sometimes your play is just a little bit off and your mind is just a half-second slow. The more you play, the more confident you're going to get and the better you're going to be.\" ", "external_links": [], "published": "2016-11-20T07:20:00.000+02:00", "crawled": "2016-11-20T13:57:00.807+02:00", "highlightTitle": ""}