{"organizations": [], "uuid": "73efe23150723b61e06e6162fa976098602047bb", "thread": {"social": {"gplus": {"shares": 0}, "pinterest": {"shares": 0}, "vk": {"shares": 0}, "linkedin": {"shares": 0}, "facebook": {"likes": 0, "shares": 0, "comments": 0}, "stumbledupon": {"shares": 0}}, "site_full": "ell.stackexchange.com", "main_image": "http://cdn.sstatic.net/Sites/ell/img/apple-touch-icon@2.png?v=813097cf9d62&a", "site_section": "http://stackexchange.com//feeds/questions", "section_title": "Hot Questions - Stack Exchange", "url": "http://ell.stackexchange.com/questions/109827/what-does-overdue-for-a-spurt-mean", "country": "US", "domain_rank": 179, "title": "what does ''overdue for a spurt'' mean? – ell.stackexchange.com", "performance_score": 0, "site": "stackexchange.com", "participants_count": 1, "title_full": "what does ''overdue for a spurt'' mean? – ell.stackexchange.com", "spam_score": 0.0, "site_type": "news", "published": "2016-11-20T17:42:00.000+02:00", "replies_count": 0, "uuid": "73efe23150723b61e06e6162fa976098602047bb"}, "author": "Masih K", "url": "http://ell.stackexchange.com/questions/109827/what-does-overdue-for-a-spurt-mean", "ord_in_thread": 0, "title": "what does ''overdue for a spurt'' mean? – ell.stackexchange.com", "locations": [], "entities": {"persons": [{"name": "pedi", "sentiment": "neutral"}], "locations": [], "organizations": [{"name": "wikipedia", "sentiment": "none"}]}, "highlightText": "", "language": "english", "persons": [], "text": "The mother is talking about growth spurts , which occur during the teenage years. \ngrowth spurt Pediatrics A period of rapid growth in middle adolescence \nThe mother is saying that she expects the children to have a growth spurt soon, so she'd rather buy shoes that are a little too big than ones they will grow out of before they have been worn for very long. As you said, it's comedy. Any parent who has seen a child quickly grow out of an expensive pair of tennis shoes might chuckle at her remark. \nYou probably already learned about these in health class, but for the sake of completeness, you can read more about growth spurts on Wikipedia .", "external_links": [], "published": "2016-11-20T17:42:00.000+02:00", "crawled": "2016-11-20T13:18:03.329+02:00", "highlightTitle": ""}