{"organizations": [], "uuid": "3cbd07167dd32db2c033a03a965b6252ace08543", "thread": {"social": {"gplus": {"shares": 0}, "pinterest": {"shares": 0}, "vk": {"shares": 0}, "linkedin": {"shares": 0}, "facebook": {"likes": 370, "shares": 370, "comments": 0}, "stumbledupon": {"shares": 0}}, "site_full": "www.rediff.com", "main_image": "http://im.rediff.com/sports/2016/aug/19sindhu3.jpg", "site_section": "http://www.rediff.com/rss/sportsrss.xml", "section_title": "Rediff Sports", "url": "http://www.rediff.com/sports/report/pv-sindhu-wins-maiden-china-open-super-series-title-badminton/20161120.htm", "country": "US", "domain_rank": 320, "title": "PV Sindhu wins maiden China Open Super Series title", "performance_score": 3, "site": "rediff.com", "participants_count": 0, "title_full": "PV Sindhu wins maiden China Open Super Series title", "spam_score": 0.0, "site_type": "news", "published": "2016-11-20T16:20:00.000+02:00", "replies_count": 0, "uuid": "3cbd07167dd32db2c033a03a965b6252ace08543"}, "author": "", "url": "http://www.rediff.com/sports/report/pv-sindhu-wins-maiden-china-open-super-series-title-badminton/20161120.htm", "ord_in_thread": 0, "title": "PV Sindhu wins maiden China Open Super Series title", "locations": [], "entities": {"persons": [{"name": "sindhu", "sentiment": "positive"}, {"name": "saina nehwal", "sentiment": "none"}, {"name": "sun", "sentiment": "none"}, {"name": "sun yu", "sentiment": "none"}, {"name": "li xuerei", "sentiment": "none"}], "locations": [{"name": "haixia olympic sports center", "sentiment": "none"}, {"name": "fuzhou", "sentiment": "none"}, {"name": "rio games", "sentiment": "none"}, {"name": "china", "sentiment": "none"}], "organizations": [{"name": "pti", "sentiment": "none"}]}, "highlightText": "", "language": "english", "persons": [], "text": "Rediff.com » Sports » PV Sindhu wins maiden China Open Super Series title PV Sindhu wins maiden China Open Super Series title November 20, 2016 14:20 IST \nSindhu edged out Sun Yu of China 21-11 17-21 21-11 to win her maiden Super Series title. IMAGE: Indian shuttler PV Sindhu celebrates her victory. \nO lympic silver medallist P V Sindhu clinched her maiden Super Series Premier title after edging out Sun Yu of China in the finals of the USD 700,000 China Open badminton tournament in Fuzhou on Sunday.Sindhu, who became the toast of the country after becoming the first Indian women to win a silver at Rio Games, continued her rampaging run as she lifted the prestigious title after beating Sun 21-11 17-21 21-11 in the summit clash that lasted an hour and nine minutes.World No. 11 Sindhu had come into the match with a 2-3 head-to-head record but then statistics counted little when she took the court at the Haixia Olympic Sports Center. \nSindhu dished out a dominating game as she zoomed to a healthy 11-5 lead early on. The Indian looked sharp and athletic as she engaged in a fast-paced game to bamboozle her opponent. \nEventually it was a cross court return which earned Sindhu a massive 12 game points at 20-8. A couple of smashes on Sindhu's forehand and backhand and a drop going to the net helped Sun save three points. But Sindhu sealed the opening encounter after dominating a parallel game and finishing it with a return that hit Sun's face. \nIn the second game, Sindhu had a slender 6-3 lead which she extended to 11-7 and 14-10. But Sun soon broke the rhythm by mixing her strokes and coming up with steep and powerful body smashes to catch up with the Indian at 14-14. \nA sharp smash and a superb return on Sindhu's backhand helped Sun grab a 18-16 lead which became 19-16 after the Indian lost a video referral. At 20-16, Sun hit the nets but she roared back into contest when Sindhu's stretched low return at the forecourt could not cross the net. \nBack to her winning side of the court, Sindhu once again started with new exuberance as the duo locked themselves in a battle of supremacy. As a result service changed hands too quickly as they moved together till 6-6. \nBut Sindhu moved ahead with a couple of powerpacked returns which Sun failed to negotiate. The Chinese also faltered with a lift and also hit wide as Sindhu reached 10-6. A few errors helped Sun make it 8-10 before Sindhu entered the interval with a 11-8 advantage. \nSindhu continued to extend her lead even as Sun tried to vary the pace of the rallies but her errors continued to pile up as the Indian was soon 19-11 up. Sindhu then grabbed the match point when Sun let go of the shuttle as it kissed the back line and then the Indian pushed the shuttle at the back, leaving the Chinese stranded before letting out a joyous scream. \nSaina Nehwal had clinched the China Open in 2014 before finishing runners-up last year. \nSindhu had reached her maiden Super Series final at the Denmark Open last year but the title eluded her then as she lost in straight games to 2012 Olympic champion China's Li Xuerei. © Copyright 2016 PTI. All rights reserved. Republication or redistribution of PTI content, including by framing or similar means, is expressly prohibited without the prior written consent.", "external_links": [], "published": "2016-11-20T16:20:00.000+02:00", "crawled": "2016-11-20T11:41:45.397+02:00", "highlightTitle": ""}