{"organizations": [], "uuid": "bd38e85b0c3cac0d7b8fa442c52a438018ff41d6", "thread": {"social": {"gplus": {"shares": 0}, "pinterest": {"shares": 0}, "vk": {"shares": 0}, "linkedin": {"shares": 0}, "facebook": {"likes": 0, "shares": 0, "comments": 0}, "stumbledupon": {"shares": 0}}, "site_full": "archive.org", "main_image": "https://archive.org/services/img/HettyKoesEndang", "site_section": "http://archive.org//services/collection-rss.php", "section_title": "Internet Archive", "url": "https://archive.org/details/HettyKoesEndang", "country": "US", "domain_rank": 285, "title": "Hetty Koes Endang", "performance_score": 0, "site": "archive.org", "participants_count": 0, "title_full": "Hetty Koes Endang", "spam_score": 0.0, "site_type": "news", "published": "2016-11-21T14:31:00.000+02:00", "replies_count": 0, "uuid": "bd38e85b0c3cac0d7b8fa442c52a438018ff41d6"}, "author": "", "url": "https://archive.org/details/HettyKoesEndang", "ord_in_thread": 0, "title": "Hetty Koes Endang", "locations": [], "entities": {"persons": [{"name": "hetty koes endang share", "sentiment": "negative"}], "locations": [], "organizations": []}, "highlightText": "", "language": "english", "persons": [], "text": "Share or Embed this Item EMBED <iframe src=\"https://archive.org/embed/HettyKoesEndang\" width=\"560\" height=\"384\" frameborder=\"0\" webkitallowfullscreen=\"true\" mozallowfullscreen=\"true\" allowfullscreen></iframe> EMBED (for wordpress.com hosted blogs) [archiveorg HettyKoesEndang width=560 height=384 frameborder=0 webkitallowfullscreen=true mozallowfullscreen=true]", "external_links": [], "published": "2016-11-21T14:31:00.000+02:00", "crawled": "2016-11-21T09:54:39.581+02:00", "highlightTitle": ""}