{"organizations": [], "uuid": "d7e555bd97ade20a148c171fbdf89d7eed3c1bea", "thread": {"social": {"gplus": {"shares": 0}, "pinterest": {"shares": 0}, "vk": {"shares": 0}, "linkedin": {"shares": 0}, "facebook": {"likes": 0, "shares": 0, "comments": 0}, "stumbledupon": {"shares": 0}}, "site_full": "www.latimes.com", "main_image": "http://www.trbimg.com/img-56fd643a/turbine/la-l-a-times-logo-20160331/600", "site_section": "http://feeds2.feedburner.com/latimes/news/opinion/commentary/\r", "section_title": "L.A. Times - Commentary", "url": "http://www.latimes.com/sports/la-live-coverage-andre-ward-vs-sergey-boxers-are-in-the-1479616614-htmlstory.html", "country": "US", "domain_rank": 609, "title": "Boxers are in the ring", "performance_score": 0, "site": "latimes.com", "participants_count": 0, "title_full": "Boxers are in the ring", "spam_score": 0.0, "site_type": "news", "published": "2016-11-20T11:37:00.000+02:00", "replies_count": 0, "uuid": "d7e555bd97ade20a148c171fbdf89d7eed3c1bea"}, "author": "", "url": "http://www.latimes.com/sports/la-live-coverage-andre-ward-vs-sergey-boxers-are-in-the-1479616614-htmlstory.html", "ord_in_thread": 0, "title": "Boxers are in the ring", "locations": [], "entities": {"persons": [{"name": "sergey kovalev", "sentiment": "negative"}, {"name": "andre ward", "sentiment": "negative"}, {"name": "charles barkley", "sentiment": "none"}, {"name": "kovalev", "sentiment": "none"}, {"name": "dave chappelle", "sentiment": "none"}], "locations": [{"name": "las vegas", "sentiment": "none"}, {"name": "oakland", "sentiment": "none"}, {"name": "russia", "sentiment": "none"}], "organizations": [{"name": "t-mobile arena", "sentiment": "none"}, {"name": "marshawn lynch", "sentiment": "none"}]}, "highlightText": "", "language": "english", "persons": [], "text": "Andre Ward vs. Sergey Kovalev live updates Nov. 19, 2016, 8:36 p.m. \nIn a battle of unbeaten boxers, Oakland native Andre Ward (30-0, 15 knockouts) takes on Russia's Sergey Kovalev (30-0-1, 26 KOs) for the light-heavyweight championship on Saturday night at T-Mobile Arena in Las Vegas. Follow our round-by-round coverage right here. Nov. 19, 2016, 8:36 p.m. Boxers are in the ring \nAndre Ward is the first in the ring in what will be his first fight in Las Vegas and first pay-per-view event. Crazy for a fighter with his record, but it goes to show how underrated he is. \nKovalev makes his way into the ring to some Russian pop music. \nThe crowd in Las Vegas seems to be pro-Ward. \nAmong the celebrities in the house are Charles Barkley, Dave Chappelle and Marshawn Lynch. Latest updates", "external_links": [], "published": "2016-11-20T11:37:00.000+02:00", "crawled": "2016-11-20T06:43:36.130+02:00", "highlightTitle": ""}