{"organizations": [], "uuid": "a532d1e40f7595431fd08e0e67506924becb3104", "thread": {"social": {"gplus": {"shares": 0}, "pinterest": {"shares": 0}, "vk": {"shares": 0}, "linkedin": {"shares": 0}, "facebook": {"likes": 0, "shares": 0, "comments": 0}, "stumbledupon": {"shares": 0}}, "site_full": "de.finance.yahoo.com", "main_image": "https://s1.yimg.com/bt/api/res/1.2/M7vS95b2fvSzHFeFStPk0A--/YXBwaWQ9eW5ld3NfbGVnbztxPTc1O3c9NjAw/http://l.yimg.com/os/mit/media/m/social/images/social_default_logo-1481777.png", "site_section": "https://de.finance.yahoo.com/nachrichten/branche-versicherung/?format=rss", "section_title": "Versicherung Nachrichten und Informationen bei Yahoo! Finanzen", "url": "https://de.finance.yahoo.com/nachrichten/donald-trump-history-wwe-explains-160000272.html", "country": "US", "domain_rank": 5, "title": "Donald Trump’s history with WWE explains a lot about his persona", "performance_score": 0, "site": "yahoo.com", "participants_count": 1, "title_full": "Donald Trump’s history with WWE explains a lot about his persona - Yahoo Finanzen Deutschland", "spam_score": 0.0, "site_type": "news", "published": "2016-11-20T02:00:00.000+02:00", "replies_count": 0, "uuid": "a532d1e40f7595431fd08e0e67506924becb3104"}, "author": "Graham Flanagan", "url": "https://de.finance.yahoo.com/nachrichten/donald-trump-history-wwe-explains-160000272.html", "ord_in_thread": 0, "title": "Donald Trump’s history with WWE explains a lot about his persona", "locations": [], "entities": {"persons": [{"name": "donald trump", "sentiment": "negative"}, {"name": "michael d'antonio", "sentiment": "negative"}, {"name": "trump", "sentiment": "none"}, {"name": "d'antonio", "sentiment": "none"}, {"name": "vince mcmahon", "sentiment": "none"}], "locations": [], "organizations": [{"name": "trump university", "sentiment": "none"}]}, "highlightText": "", "language": "english", "persons": [], "text": "\"Never Enough: Donald Trump and the Pursuit of Success\" author Michael D'Antonio stopped by Business Insider to discuss his book on the life of the president-elect.\n\nWe asked D'Antonio to talk about Trump's decades-spanning relationship with World Wrestling Entertainment and the company's CEO Vince McMahon. \n\nFollow BI Video: On Twitter \n\nMore From Business Insider \nTrump's national security adviser pick says Islam is a 'political ideology' \nThe internet could look vastly different under Trump’s presidency — here’s how \nTrump settled 3 Trump University cases for $25 million after repeatedly vowing not to settle", "external_links": [], "published": "2016-11-20T02:00:00.000+02:00", "crawled": "2016-11-20T19:31:49.473+02:00", "highlightTitle": ""}