{"organizations": [], "uuid": "03c5745829c36c10471e5107b51685cef4353f05", "thread": {"social": {"gplus": {"shares": 0}, "pinterest": {"shares": 0}, "vk": {"shares": 0}, "linkedin": {"shares": 0}, "facebook": {"likes": 0, "shares": 0, "comments": 0}, "stumbledupon": {"shares": 0}}, "site_full": "www.huffingtonpost.com", "main_image": "http://i.huffpost.com/gen/3337804/images/o-DEFAULT-facebook.jpg", "site_section": "http://www.huffingtonpost.com/feeds/index.xml", "section_title": "The Huffington Post | The Full Feed", "url": "http://www.huffingtonpost.com/earl-ofari-hutchinson/sessions-is-the-most-glar_b_13080558.html", "country": "US", "domain_rank": 139, "title": "Sessions is the Most Glaring Proof of the Folly of Shunning Clinton", "performance_score": 0, "site": "huffingtonpost.com", "participants_count": 1, "title_full": "Sessions is the Most Glaring Proof of the Folly of Shunning Clinton", "spam_score": 0.0, "site_type": "news", "published": "2016-11-20T02:30:00.000+02:00", "replies_count": 0, "uuid": "03c5745829c36c10471e5107b51685cef4353f05"}, "author": "Earl Ofari Hutchinson", "url": "http://www.huffingtonpost.com/earl-ofari-hutchinson/sessions-is-the-most-glar_b_13080558.html", "ord_in_thread": 0, "title": "Sessions is the Most Glaring Proof of the Folly of Shunning Clinton", "locations": [], "entities": {"persons": [{"name": "earl ofar", "sentiment": "negative"}, {"name": "clinton", "sentiment": "negative"}, {"name": "earl ofari hutchinson", "sentiment": "none"}, {"name": "lynch", "sentiment": "none"}, {"name": "eric holder", "sentiment": "none"}, {"name": "bernie sanders", "sentiment": "none"}, {"name": "trump", "sentiment": "none"}, {"name": "loretta lynch", "sentiment": "none"}, {"name": "scalia", "sentiment": "none"}, {"name": "antonin scalia", "sentiment": "none"}, {"name": "obama", "sentiment": "none"}, {"name": "jeff sessions", "sentiment": "none"}], "locations": [{"name": "america", "sentiment": "none"}, {"name": "u.s.", "sentiment": "none"}, {"name": "beltway", "sentiment": "none"}, {"name": "white house", "sentiment": "none"}, {"name": "pacifica network", "sentiment": "none"}, {"name": "alabama", "sentiment": "none"}, {"name": "los angeles", "sentiment": "none"}], "organizations": [{"name": "amazon kindle", "sentiment": "none"}, {"name": "senate judiciary committee", "sentiment": "none"}, {"name": "human rights campaign", "sentiment": "none"}, {"name": "al sharpton show", "sentiment": "none"}, {"name": "hutchinson author", "sentiment": "none"}, {"name": "justice department", "sentiment": "none"}, {"name": "congress", "sentiment": "none"}, {"name": "new america media", "sentiment": "none"}, {"name": "kpfk", "sentiment": "none"}, {"name": "aclu", "sentiment": "none"}, {"name": "supreme court", "sentiment": "none"}, {"name": "senate", "sentiment": "none"}, {"name": "gop", "sentiment": "none"}, {"name": "naacp", "sentiment": "none"}, {"name": "republican white house", "sentiment": "none"}, {"name": "house", "sentiment": "none"}, {"name": "congressional", "sentiment": "none"}]}, "highlightText": "", "language": "english", "persons": [], "text": "Sessions is the Most Glaring Proof of the Folly of Shunning Clinton 11/19/2016 02:30 pm ET Earl Ofari Hutchinson Author and political analyst \nHere is the full hideous point-by-point list of the major votes of Alabama Senator Jeff Sessions on civil rights issues, complete with the dates he torpedoed them. \n• Banning the Pledge of Allegiance is unconstitutional. (Jan 2006) • Voted NO on reauthorizing the Violence Against Women Act. (Feb 2013) • Voted YES on recommending Constitutional ban on flag desecration. (Jun 2006) • Voted YES on constitutional ban of same-sex marriage. (Jun 2006) • Voted NO on adding sexual orientation to definition of hate crimes. (Jun 2002) • Voted YES on loosening restrictions on cell phone wiretapping. (Oct 2001) • Voted NO on expanding hate crimes to include sexual orientation. (Jun 2000) • Voted NO on setting aside 10% of highway funds for minorities & women. (Mar 1998) • Voted YES on ending special funding for minority & women-owned business. (Oct 1997) • Supports anti-flag desecration amendment. (Mar 2001) \nThis list of civil rights horrors from Sessions earned him a 0% rating from the Human Rights Campaign, a 7% rating from the NAACP and a 20% rating from the ACLU. \nThe prospect of Sessions as the next Attorney General is an absolute worst nightmare. However, there were ample warning signs. One was Sessions himself. He was one of the first GOP name officials to latch onto to the Trump campaign and never wavered in his support of it. There was little doubt that if Trump bagged the White House, Sessions would be in on the pay-off for his loyalty and would land some big-ticket administration appointment. That appointment was almost certain to be the Justice Department head. He had the right Trump favored credentials. He was a former U.S. Attorney, a long-time member of the Senate Judiciary Committee, and most importantly, there's his record on civil rights. \nIt fit into exactly the type of person Trump would put into every top legal position he could put someone in, from the Justice Department to the Supreme Court. That someone had to be the type who took the narrowest strict constructionist interpretation of the law, and the dimmest view of what and how civil rights should be litigated and enforced. For the court, Trump's ideal choice as he oft put it, was another Antonin Scalia. If he couldn't get Sessions for the High Court -- and the likelihood of that was slim since Sessions had already been rejected once for a federal judgeship as too racist -- then the next best place he could fit him was the Justice Department. \nNow we come to Clinton. The drumbeat refrain from many progressives and some liberal Democrats was that Clinton was as bad as Trump. She was supposedly pro-war, pro-Wall Street, and a corporate shill. If Bernie Sanders didn't get the nomination, then they would either vote for a Third-Party candidate or stay home. No amount of exhorting that Trump would wreak havoc on the Affordable Care Act, labor protections, voting rights, abortion, give unfettered free rein to Wall Street and the Big Banks, try to put at least two or three more Scalias on the Supreme Court, not to mention stock the federal judiciary with Scalia type clones, and cut and slash an array of other federal supported health, education and job spending programs mattered. The retort was that Trump would be relentlessly challenged every step of the way by Congressional Democrats, civil rights, liberties, environmental and women groups to prevent shoving this horrific apocalyptic vision of a future America through. Maybe, but that overlooked one glaring problem. \nSenate Democrats and progressive House Democrats would almost certainly be in the minority in Congress and could not stop Republicans from proposing endless legislation and initiatives in these areas, inflaming their invigorated base of ultra-conservatives, and white protestant evangelicals, bullying the mainstream media, and using their majorities in the majority of America's state legislatures and state houses to counter the other side. Protest groups would have leverage only in the forces they could muster in the streets. But a Republican White House and majority Congress would be virtually immune to those protests since they did not rely on them to win or stay in office. \nNo matter what one thought of Clinton and her supposed deep standing corporate and Beltway ties, she was not Trump. It would be the height of lunacy to compare say Obama's Attorney Generals, Eric Holder and Loretta Lynch on their absolute worst days to Sessions. It would be beyond delusion to think that Sessions would ever file briefs challenging the gut of the Voting Rights Act or bring a civil rights prosecutions of police officers that gunned down unarmed blacks as Lynch and especially Holder did. The almost certain blind eye by a Sessions to the horrendous abuse of civil rights might not have much resonance to well-to-do, comfortable and smug progressives who are not in direct harm's way from these abuses. But for poor, and working class blacks and Hispanics these abuses are almost literally a matter of life and death. \nShunning Clinton could not be shrugged off as a mere case of thoughtless, holier-than-thou idealism that had no consequences. It did then and even more so now. Sessions is the horrid proof of that. \nEarl Ofari Hutchinson is an author and political analyst. He is the author of How President Trump will Govern (Amazon Kindle) He is an associate editor of New America Media. He is a weekly co-host of the Al Sharpton Show on Radio One. He is the host of the weekly Hutchinson Report on KPFK 90.7 FM Los Angeles and the Pacifica Network. Follow Earl Ofari Hutchinson on Twitter: www.twitter.com/earlhutchinson More:", "external_links": [], "published": "2016-11-20T02:30:00.000+02:00", "crawled": "2016-11-19T22:12:33.319+02:00", "highlightTitle": ""}