{"organizations": [], "uuid": "ec6c4458e05d09e55880f9372b02e1f7a49105f8", "thread": {"social": {"gplus": {"shares": 0}, "pinterest": {"shares": 0}, "vk": {"shares": 0}, "linkedin": {"shares": 0}, "facebook": {"likes": 0, "shares": 0, "comments": 0}, "stumbledupon": {"shares": 0}}, "site_full": "archive.org", "main_image": "https://archive.org/services/img/sl_podcast_vol276", "site_section": "http://archive.org//services/collection-rss.php", "section_title": "Internet Archive", "url": "https://archive.org/details/sl_podcast_vol276", "country": "US", "domain_rank": 285, "title": "Sound Library 276 : 第２７６話「青い顔」", "performance_score": 0, "site": "archive.org", "participants_count": 0, "title_full": "Sound Library 276 : 第２７６話「青い顔」", "spam_score": 0.0, "site_type": "news", "published": "2016-11-20T03:20:00.000+02:00", "replies_count": 0, "uuid": "ec6c4458e05d09e55880f9372b02e1f7a49105f8"}, "author": "", "url": "https://archive.org/details/sl_podcast_vol276", "ord_in_thread": 0, "title": "Sound Library 276 : 第２７６話「青い顔」", "locations": [], "entities": {"persons": [], "locations": [], "organizations": []}, "highlightText": "", "language": "english", "persons": [], "text": "Sound Library 276 : 第２７６話「青い顔」 Audio Preview Share or Embed this Item EMBED <iframe src=\"https://archive.org/embed/sl_podcast_vol276\" width=\"560\" height=\"384\" frameborder=\"0\" webkitallowfullscreen=\"true\" mozallowfullscreen=\"true\" allowfullscreen></iframe> EMBED (for wordpress.com hosted blogs) [archiveorg sl_podcast_vol276 width=560 height=384 frameborder=0 webkitallowfullscreen=true mozallowfullscreen=true]", "external_links": [], "published": "2016-11-20T03:20:00.000+02:00", "crawled": "2016-11-19T22:40:36.216+02:00", "highlightTitle": ""}