{"organizations": [], "uuid": "ca29e044bf438e88b887244d782a513bb0f6138c", "thread": {"social": {"gplus": {"shares": 0}, "pinterest": {"shares": 0}, "vk": {"shares": 0}, "linkedin": {"shares": 0}, "facebook": {"likes": 17, "shares": 17, "comments": 0}, "stumbledupon": {"shares": 0}}, "site_full": "profit.ndtv.com", "main_image": "http://i.ndtvimg.com/i/2016-09/ola-cabs-650-400_650x400_61473270137.jpg", "site_section": "http://feeds.feedburner.com/NDTV-LatestNews", "section_title": "NDTV News  -  Special", "url": "http://profit.ndtv.com/news/start-ups/article-ola-to-launch-new-campaign-to-promote-cashless-rides-1627867", "country": "US", "domain_rank": 306, "title": "Ola To Launch New Campaign To Promote 'Cashless' Rides", "performance_score": 0, "site": "ndtv.com", "participants_count": 0, "title_full": "Ola To Launch New Campaign To Promote 'Cashless' Rides", "spam_score": 0.0, "site_type": "news", "published": "2016-11-20T20:33:00.000+02:00", "replies_count": 0, "uuid": "ca29e044bf438e88b887244d782a513bb0f6138c"}, "author": "", "url": "http://profit.ndtv.com/news/start-ups/article-ola-to-launch-new-campaign-to-promote-cashless-rides-1627867", "ord_in_thread": 0, "title": "Ola To Launch New Campaign To Promote 'Cashless' Rides", "locations": [], "entities": {"persons": [{"name": "ola money - ola", "sentiment": "none"}, {"name": "nahi rukega", "sentiment": "none"}, {"name": "ola money", "sentiment": "none"}, {"name": "ola", "sentiment": "none"}], "locations": [{"name": "new delhi", "sentiment": "none"}, {"name": "india", "sentiment": "none"}], "organizations": [{"name": "cashless chalega india", "sentiment": "none"}, {"name": "ndtv", "sentiment": "none"}, {"name": "partners-hdfc bank", "sentiment": "none"}]}, "highlightText": "", "language": "english", "persons": [], "text": "Home | Start-ups | Ola To Launch New Campaign To Promote 'Cashless' Rides In the wake of demonetisation of Rs 500 and 1000 notes, cab aggregator app Ola today said it will launch a multi-channel campaign to motivate people to use cashless payment options for rides. Press Trust of India | Last Updated:  03 (IST) Press Trust of India EMAIL COMMENTS Ola said it will launch a multi-channel campaign to motivate people to use cashless payment options. New Delhi: In the wake of demonetisation of Rs 500 and 1000 notes, cab aggregator app Ola today said it will launch a multi-channel campaign to motivate people to use cashless payment options for rides.With a multi-channel campaign, 'Nahi Rukega India. Cashless Chalega India', the \"company aims to motivate people not to stop riding; cash or no cash,\" Ola said in a statement.\"The campaign is led by a TV ad, complemented by print and digital ads that reinforce the campaign message of - India won't stop. India will ride cashless,\" it said. This is appended by offers that promise cashbacks from partners-HDFC Bank, a host of E-commerce and retail brands and of course Ola Money - Ola's very own E-wallet, it added.\"... the campaign comes at a time when a seamless payment option is the need of the hour for citizens. To make payments hassle-free, Ola is offering a range of payment options from cash to credit cards, debit cards and Ola Money, so that India can keep moving,\" the statement said. (This story has not been edited by NDTV staff and is auto-generated from a syndicated feed.) Story first published on :  03 (IST) Related", "external_links": [], "published": "2016-11-20T20:33:00.000+02:00", "crawled": "2016-11-20T15:48:04.788+02:00", "highlightTitle": ""}