{"organizations": [], "uuid": "ecceefda049d7d5d8d445e0ae743c41d29e3bf0a", "thread": {"social": {"gplus": {"shares": 0}, "pinterest": {"shares": 0}, "vk": {"shares": 0}, "linkedin": {"shares": 0}, "facebook": {"likes": 0, "shares": 0, "comments": 0}, "stumbledupon": {"shares": 0}}, "site_full": "nz.sports.yahoo.com", "main_image": "https://s.yimg.com/iu/api/res/1.2/7_4s.IVM3pp5OxL8aoxAeQ--/YXBwaWQ9eXZpZGVvO2ZpPWZpbGw7cT03MDtuPTE7cm90YXRlPWF1dG8-/https://s.yimg.com/ea/img/-/161120/583101495ed03_754c4c212a52fab9421dd5e7c8ac7b842f3f3cf4.jpg", "site_section": "https://nz.rss.sports.yahoo.com/sport.xml", "section_title": "Sport - Yahoo New Zealand Sport", "url": "https://nz.sports.yahoo.com/cricket/a/33267897/n-zealand-beat-pakistan-by-8-wickets-in-1st-test/", "country": "US", "domain_rank": 5, "title": "New Zealand thrash Pakistan in first Test", "performance_score": 0, "site": "yahoo.com", "participants_count": 0, "title_full": "New Zealand thrash Pakistan in first Test", "spam_score": 0.0, "site_type": "news", "published": "2016-11-20T11:22:00.000+02:00", "replies_count": 0, "uuid": "ecceefda049d7d5d8d445e0ae743c41d29e3bf0a"}, "author": "", "url": "https://nz.sports.yahoo.com/cricket/a/33267897/n-zealand-beat-pakistan-by-8-wickets-in-1st-test/", "ord_in_thread": 0, "title": "New Zealand thrash Pakistan in first Test", "locations": [], "entities": {"persons": [{"name": "n. zealand", "sentiment": "negative"}, {"name": "tom latham", "sentiment": "none"}, {"name": "rahat ali", "sentiment": "none"}, {"name": "yasir shah", "sentiment": "none"}, {"name": "kane williamson", "sentiment": "none"}, {"name": "jeet raval", "sentiment": "none"}, {"name": "raval", "sentiment": "none"}, {"name": "sohail khan", "sentiment": "none"}, {"name": "asad shafiq", "sentiment": "none"}, {"name": "neil wagner", "sentiment": "none"}, {"name": "shafiq", "sentiment": "none"}, {"name": "sami aslam", "sentiment": "none"}, {"name": "latham", "sentiment": "none"}, {"name": "colin de grandhomme", "sentiment": "none"}, {"name": "williamson", "sentiment": "none"}, {"name": "amir", "sentiment": "none"}, {"name": "azhar ali", "sentiment": "none"}, {"name": "mohammad amir", "sentiment": "none"}, {"name": "sohail", "sentiment": "none"}, {"name": "trent boult", "sentiment": "none"}, {"name": "southee", "sentiment": "none"}], "locations": [{"name": "pakistan", "sentiment": "none"}, {"name": "new zealand", "sentiment": "none"}, {"name": "christchurch", "sentiment": "none"}, {"name": "hamilton", "sentiment": "none"}, {"name": "1st test share n. zealand", "sentiment": "none"}, {"name": "south africa", "sentiment": "none"}, {"name": "hagley oval", "sentiment": "none"}, {"name": "1st test - yahoo new zealand christchurch", "sentiment": "none"}, {"name": "india", "sentiment": "none"}], "organizations": []}, "highlightText": "", "language": "english", "persons": [], "text": "New Zealand thrash Pakistan in first Test AFP on November 20, 2016, 3:22 pm N. Zealand beat Pakistan by 8 wickets in 1st Test Share N. Zealand beat Pakistan by 8 wickets in 1st Test - Yahoo New Zealand Christchurch (New Zealand) (AFP) - A Kane Williamson half century saw New Zealand snap a four-Test losing streak when they beat Pakistan by eight wickets Sunday in the first Test at Hagley Oval, Christchurch. \nA low-scoring match was wrapped up inside eight sessions after the first day's washout, with Williamson's second innings 61 -- his 24th Test 50 -- the top score of the match. \nSet 105 to win after Pakistan were all out for 171 in their second innings on the morning of the fourth day, Williamson lost his wicket with the scores level, leaving debutant Jeet Raval to seal victory with a boundary off Yasir Shah. \nIt was a much-needed confidence boost for the home side, coming off a 3-0 series whitewash in India and a comprehensive 204-run loss to South Africa. \nNew Zealand's debutants shone. Opener Raval was unbeaten on 36 in the second innings after top-scoring in the first innings with 55 while Colin de Grandhomme gave a masterful display of medium-paced bowling, taking 6 for 41 in the first innings when Pakistan were skittled for 133. \nAfter New Zealand replied with 200, Pakistan resumed their second innings on Sunday at 129-7 and added a further 42 to be all out for 171. \nSohail Khan posted a Test-best 40 as he and Asad Shafiq (17) showed gritty resistance at the start of the day. \nBut their 53-run stand for the eighth wicket came to an end when Sohail half-heartedly pulled a short-pitched Southee delivery to de Grandhomme at backward square. \nNeil Wagner, who returned figures of 3 for 34, claimed the wicket of Shafiq and Southee closed the innings when he had Rahat Ali caught for two. \nSouthee finished with 3 for 53 and Trent Boult, who leaked 19 runs in two overs on Sunday, took 3 for 37. \nPakistan removed opener Tom Latham early in New Zealand's saunter to the finish when he fended at a sharply rising Mohammad Amir delivery and was caught by Shafiq in the gully for nine. \nIt ended a disappointing Test for Latham who fell lbw to Amir in the first innings for one. \nWilliamson and Raval were largely untroubled through to the end of the innings until New Zealand reached 104 to level the scores and Williamson swept Azhar Ali straight to Sami Aslam at fine leg. \nThe second and final Test in the series starts in Hamilton on Friday with New Zealand searching for their first series win over Pakistan in 31 years.", "external_links": [], "published": "2016-11-20T11:22:00.000+02:00", "crawled": "2016-11-20T05:06:30.306+02:00", "highlightTitle": ""}