{"organizations": [], "uuid": "667ec96a7fd4ac8bfec76fde2e74dc979b28cc9b", "thread": {"social": {"gplus": {"shares": 0}, "pinterest": {"shares": 0}, "vk": {"shares": 0}, "linkedin": {"shares": 0}, "facebook": {"likes": 0, "shares": 0, "comments": 0}, "stumbledupon": {"shares": 0}}, "site_full": "feeds.eonline.com", "main_image": "", "site_section": "http://feeds.feedburner.com/celebrityviplounge", "section_title": "Celebrity VIP Lounge", "url": "http://feeds.eonline.com/~r/eonline/topstories/~3/Duh2KXC8cM4/kris-jenner-talks-fabulous-dream-kardashian-and-reveals-kylie-jenner-is-at-the-pinnacle-of-her-proudest-moment-in-2016", "country": "US", "domain_rank": 770, "title": "Kris Jenner Talks ”Fabulous” Dream Kardashian and Reveals Kylie Jenner Is at the Pinnacle of Her Proudest Moment in 2016", "performance_score": 0, "site": "eonline.com", "participants_count": 1, "title_full": "Kris Jenner Talks ”Fabulous” Dream Kardashian and Reveals Kylie Jenner Is at the Pinnacle of Her Proudest Moment in 2016", "spam_score": 0.0, "site_type": "news", "published": "2016-11-24T01:57:00.000+02:00", "replies_count": 0, "uuid": "667ec96a7fd4ac8bfec76fde2e74dc979b28cc9b"}, "author": "Macy Kain", "url": "http://feeds.eonline.com/~r/eonline/topstories/~3/Duh2KXC8cM4/kris-jenner-talks-fabulous-dream-kardashian-and-reveals-kylie-jenner-is-at-the-pinnacle-of-her-proudest-moment-in-2016", "ord_in_thread": 0, "title": "Kris Jenner Talks ”Fabulous” Dream Kardashian and Reveals Kylie Jenner Is at the Pinnacle of Her Proudest Moment in 2016", "locations": [], "entities": {"persons": [{"name": "kardashian", "sentiment": "negative"}, {"name": "kris jenner", "sentiment": "negative"}, {"name": "kylie jenner", "sentiment": "negative"}, {"name": "blac chyna", "sentiment": "none"}, {"name": "rob kardashian", "sentiment": "none"}], "locations": [{"name": "kardashian-jenner", "sentiment": "none"}], "organizations": []}, "highlightText": "", "language": "english", "persons": [], "text": "Kris Jenner Talks ”Fabulous” Dream Kardashian and Reveals Kylie Jenner Is at the Pinnacle of Her Proudest Moment in 2016   \nCategory: Celebrity News \nKris Jenner has a lot to be proud of in 2016. Not only did she recently welcome her sixth grandchild thanks to Rob Kardashian and his fiancée Blac Chyna, but the Kardashian-Jenner… \nRead more here:: E! Online \n\n ", "external_links": [], "published": "2016-11-24T01:57:00.000+02:00", "crawled": "2016-11-23T22:08:45.551+02:00", "highlightTitle": ""}