{"organizations": [], "uuid": "17d41d76903ea03b78b9fb34636db8bf8dc575f0", "thread": {"social": {"gplus": {"shares": 0}, "pinterest": {"shares": 0}, "vk": {"shares": 0}, "linkedin": {"shares": 0}, "facebook": {"likes": 0, "shares": 0, "comments": 0}, "stumbledupon": {"shares": 0}}, "site_full": "archive.org", "main_image": "https://archive.org/services/img/ferfresfeafewaf", "site_section": "http://archive.org/services/collection-rss.php", "section_title": "Internet Archive", "url": "https://archive.org/details/ferfresfeafewaf", "country": "US", "domain_rank": 285, "title": "erfrff", "performance_score": 0, "site": "archive.org", "participants_count": 0, "title_full": "erfrff", "spam_score": 0.0, "site_type": "news", "published": "2016-11-21T05:16:00.000+02:00", "replies_count": 0, "uuid": "17d41d76903ea03b78b9fb34636db8bf8dc575f0"}, "author": "", "url": "https://archive.org/details/ferfresfeafewaf", "ord_in_thread": 0, "title": "erfrff", "locations": [], "entities": {"persons": [], "locations": [], "organizations": []}, "highlightText": "", "language": "english", "persons": [], "text": "Share or Embed this Item EMBED <iframe src=\"https://archive.org/embed/ferfresfeafewaf\" width=\"560\" height=\"384\" frameborder=\"0\" webkitallowfullscreen=\"true\" mozallowfullscreen=\"true\" allowfullscreen></iframe> EMBED (for wordpress.com hosted blogs) [archiveorg ferfresfeafewaf width=560 height=384 frameborder=0 webkitallowfullscreen=true mozallowfullscreen=true]", "external_links": [], "published": "2016-11-21T05:16:00.000+02:00", "crawled": "2016-11-21T00:29:38.970+02:00", "highlightTitle": ""}