{"organizations": [], "uuid": "e9c837c0f7f54c268b5bf2fd68ce5478bab3fc4c", "thread": {"social": {"gplus": {"shares": 1}, "pinterest": {"shares": 0}, "vk": {"shares": 0}, "linkedin": {"shares": 1}, "facebook": {"likes": 40, "shares": 40, "comments": 0}, "stumbledupon": {"shares": 0}}, "site_full": "www.bloomberg.com", "main_image": "https://assets.bwbx.io/images/users/iqjWHBFdfxIU/ivzPI90YGXOk/v0/-1x-1.jpg", "site_section": "http://news.google.com/news?hl=en&um=1&tab=wn&q=&output=rss", "section_title": "Top Stories - Google News", "url": "http://www.bloomberg.com/news/articles/2016-11-20/park-colluded-in-influence-peddling-korean-prosecutor-says", "country": "US", "domain_rank": 356, "title": "Park 'Colluded' in Influence-Peddling, Korean Prosecutor Says - Bloomberg", "performance_score": 0, "site": "bloomberg.com", "participants_count": 0, "title_full": "Park 'Colluded' in Influence-Peddling, Korean Prosecutor Says - Bloomberg", "spam_score": 0.0, "site_type": "news", "published": "2016-11-20T09:55:00.000+02:00", "replies_count": 0, "uuid": "e9c837c0f7f54c268b5bf2fd68ce5478bab3fc4c"}, "author": "", "url": "http://www.bloomberg.com/news/articles/2016-11-20/park-colluded-in-influence-peddling-korean-prosecutor-says", "ord_in_thread": 0, "title": "Park 'Colluded' in Influence-Peddling, Korean Prosecutor Says - Bloomberg", "locations": [], "entities": {"persons": [{"name": "park", "sentiment": "negative"}, {"name": "choi soon-sil", "sentiment": "none"}, {"name": "choi", "sentiment": "none"}, {"name": "park geun-hye", "sentiment": "none"}], "locations": [], "organizations": [{"name": "bloomberg mass", "sentiment": "negative"}, {"name": "bloomberg terminal", "sentiment": "none"}, {"name": "facebook", "sentiment": "none"}]}, "highlightText": "", "language": "english", "persons": [], "text": "Mass rally at weekend demanded President resign over scandal Park seeks more time to prepare for defense in questioning Share on Facebook \nPresident Park Geun-hye colluded with her former aides in an influence-peddling case that included undue pressure on South Korean corporations to donate tens of millions of dollars to foundations controlled by her friend, a South Korean prosecutor said Sunday. \nPark is expected to be questioned over her role in the influence-peddling scandal that embroiled the country’s biggest corporations and has led to calls for her to step down. She would be the first incumbent president to be questioned. \nPark has apologized twice to the nation for consulting her friend Choi Soon-sil on state affairs, which sparked allegations that Choi meddled in state affairs extensively for personal gain. Park, who has presidential immunity under the constitution, has asked for more time to prepare for her defense. Before it's here, it's on the Bloomberg Terminal. LEARN MORE", "external_links": [], "published": "2016-11-20T09:55:00.000+02:00", "crawled": "2016-11-20T05:19:48.776+02:00", "highlightTitle": ""}