{"organizations": [], "uuid": "1aa6c12a0aa4eb820825e83ae77ba28859b48b9c", "thread": {"social": {"gplus": {"shares": 0}, "pinterest": {"shares": 0}, "vk": {"shares": 0}, "linkedin": {"shares": 0}, "facebook": {"likes": 0, "shares": 0, "comments": 0}, "stumbledupon": {"shares": 0}}, "site_full": "feeds.eonline.com", "main_image": "", "site_section": "http://feeds.feedburner.com/celebrityviplounge", "section_title": "Celebrity VIP Lounge", "url": "http://feeds.eonline.com/~r/eonline/topstories/~3/JIDAhKxeHQs/jersey-shore-star-deena-cortese-is-engaged-see-her-beautiful-engagement-ring", "country": "US", "domain_rank": 770, "title": "Jersey Shore Star Deena Cortese Is Engaged! See Her “Beautiful” Engagement Ring", "performance_score": 0, "site": "eonline.com", "participants_count": 1, "title_full": "Jersey Shore Star Deena Cortese Is Engaged! See Her “Beautiful” Engagement Ring", "spam_score": 0.0, "site_type": "news", "published": "2016-11-20T10:53:00.000+02:00", "replies_count": 0, "uuid": "1aa6c12a0aa4eb820825e83ae77ba28859b48b9c"}, "author": "Macy Kain", "url": "http://feeds.eonline.com/~r/eonline/topstories/~3/JIDAhKxeHQs/jersey-shore-star-deena-cortese-is-engaged-see-her-beautiful-engagement-ring", "ord_in_thread": 0, "title": "Jersey Shore Star Deena Cortese Is Engaged! See Her “Beautiful” Engagement Ring", "locations": [], "entities": {"persons": [{"name": "macy kai", "sentiment": "positive"}, {"name": "deena cortese", "sentiment": "neutral"}, {"name": "macy kain", "sentiment": "none"}], "locations": [{"name": "jersey shore", "sentiment": "none"}], "organizations": [{"name": "instagram", "sentiment": "none"}, {"name": "e! online   macy kain", "sentiment": "none"}]}, "highlightText": "", "language": "english", "persons": [], "text": "Jersey Shore Star Deena Cortese Is Engaged! See Her “Beautiful” Engagement Ring Posted by : Macy Kain   \nGet crazy, get loud because Deena Cortese is officially engaged! The former Jersey Shore star took to Instagram Saturday and shared the fist-pumping good news with her… \nRead more here:: E! Online \n\nMacy Kain is a lover of television. Anything reality, anything dramatic, you best believe she’s watching it. \nMacy Kain – who has written 5476 posts on Celebrity VIP Lounge . Previous Post", "external_links": [], "published": "2016-11-20T10:53:00.000+02:00", "crawled": "2016-11-20T06:47:27.593+02:00", "highlightTitle": ""}