{"organizations": [], "uuid": "341c9a4ef2119a32e1324f9f20679fe7e5f6cabc", "thread": {"social": {"gplus": {"shares": 0}, "pinterest": {"shares": 0}, "vk": {"shares": 0}, "linkedin": {"shares": 0}, "facebook": {"likes": 0, "shares": 0, "comments": 0}, "stumbledupon": {"shares": 0}}, "site_full": "www.sfgate.com", "main_image": "http://www.sfgate.com/img/pages/article/opengraph_default.png", "site_section": "http://www.sfgate.com//home/collectionRss/Homepage-Simple-Feed-A-B-Test-Without-Scroll-36481.php", "section_title": "Homepage Simple Feed A/B Test Without Scroll", "url": "http://www.sfgate.com/nation/article/Peter-Binzen-dean-of-Philadelphia-10633411.php", "country": "US", "domain_rank": 943, "title": "Peter Binzen, ‘dean of Philadelphia journalism,’ dies", "performance_score": 0, "site": "sfgate.com", "participants_count": 1, "title_full": "Peter Binzen, ‘dean of Philadelphia journalism,’ dies", "spam_score": 0.0, "site_type": "news", "published": "2016-11-24T04:10:00.000+02:00", "replies_count": 0, "uuid": "341c9a4ef2119a32e1324f9f20679fe7e5f6cabc"}, "author": "New York Times", "url": "http://www.sfgate.com/nation/article/Peter-Binzen-dean-of-Philadelphia-10633411.php", "ord_in_thread": 0, "title": "Peter Binzen, ‘dean of Philadelphia journalism,’ dies", "locations": [], "entities": {"persons": [{"name": "peter binzen", "sentiment": "negative"}, {"name": "lucy husted", "sentiment": "none"}, {"name": "joseph daughen", "sentiment": "none"}, {"name": "rizzo", "sentiment": "none"}, {"name": "virginia flower", "sentiment": "none"}, {"name": "peter", "sentiment": "none"}, {"name": "richard nixon", "sentiment": "none"}, {"name": "jonathan binzen", "sentiment": "none"}, {"name": "frank rizzo", "sentiment": "none"}, {"name": "roberts", "sentiment": "none"}, {"name": "jennifer cardoso", "sentiment": "none"}, {"name": "lucy wildrick", "sentiment": "none"}, {"name": "j.c. penney", "sentiment": "none"}, {"name": "peter husted binzen", "sentiment": "none"}, {"name": "gene roberts", "sentiment": "none"}, {"name": "frederick binzen", "sentiment": "none"}, {"name": "katherine", "sentiment": "none"}, {"name": "robert townsend", "sentiment": "none"}, {"name": "richardson dilworth", "sentiment": "none"}, {"name": "binzen", "sentiment": "none"}], "locations": [{"name": "philadelphia", "sentiment": "none"}, {"name": "kensington", "sentiment": "none"}, {"name": "flatbush", "sentiment": "none"}, {"name": "new york", "sentiment": "none"}, {"name": "usa", "sentiment": "none"}, {"name": "bryn mawr", "sentiment": "none"}, {"name": "pa", "sentiment": "none"}, {"name": "brooklyn", "sentiment": "none"}, {"name": "birmingham", "sentiment": "none"}, {"name": "new york central railroads", "sentiment": "none"}, {"name": "montclair", "sentiment": "none"}, {"name": "ala.", "sentiment": "none"}, {"name": "new jersey", "sentiment": "none"}, {"name": "pennsylvania", "sentiment": "none"}, {"name": "n.j.", "sentiment": "none"}, {"name": "italy", "sentiment": "none"}, {"name": "penn central railroad", "sentiment": "none"}], "organizations": [{"name": "new york times", "sentiment": "negative"}, {"name": "montclair high school", "sentiment": "none"}, {"name": "army", "sentiment": "none"}, {"name": "new york times book review", "sentiment": "none"}, {"name": "yale", "sentiment": "none"}, {"name": "inquirer", "sentiment": "none"}, {"name": "carnegie corp.", "sentiment": "none"}, {"name": "city of brotherly love", "sentiment": "none"}, {"name": "tredyffrin easttown historical society", "sentiment": "none"}, {"name": "harvard", "sentiment": "none"}, {"name": "united press", "sentiment": "none"}, {"name": "philadelphia inquirer", "sentiment": "none"}, {"name": "phillyvoice.com", "sentiment": "none"}, {"name": "avis", "sentiment": "none"}]}, "highlightText": "", "language": "english", "persons": [], "text": "Peter Binzen, ‘dean of Philadelphia journalism,’ dies New York Times Published 1:11 pm, Wednesday, November 23, 2016 \nPeter Binzen, a newspaperman who covered Philadelphia for more than five decades and whose books presciently explored the frustrations of working-class Americans, the rise of Mayor Frank Rizzo as their bellicose local political hero and the bankruptcy of the Penn Central railroad, died Nov. 16 in Bryn Mawr, Pa. He was 94. \nThe cause was complications of a stroke, his daughter, Katherine, said. \nAs a reporter, columnist and editor, Mr. Binzen spent 31 years at the Evening and Sunday Bulletin, specializing in education and urban affairs. After the Bulletin closed in 1982, he was recruited to the Philadelphia Inquirer by Gene Roberts , who was the paper’s executive editor and later became the managing editor of the New York Times . The two had met as Nieman fellows at Harvard. Mr. Binzen wrote a business column for the Inquirer and continued to write for the opinion page even after he retired in 2003. \n“If there were such a thing as dean of Philadelphia journalism, Peter would have been it,” Roberts said. As a Nieman fellow, he added, Mr. Binzen “became a guru to the younger journalists, of which I was one.” \nMr. Binzen began researching his first book, “Whitetown, USA,” as a Nieman fellow. He received a grant from the Carnegie Corp. of New York to pursue his exploration of the blue-collar residents of Philadelphia’s industrial Kensington neighborhood, which one reviewer likened more to Birmingham, Ala., than to the City of Brotherly Love. \nPublished in 1970, the book, a sympathetic (though not necessarily admiring) portrait of President Richard Nixon ’s newly expressive silent majority, concluded, “We neglect the working American at our peril.” \nHis next two books were written with Joseph Daughen, a Bulletin colleague. \n“The Wreck of the Penn Central” (1971) chronicled the 867 days between the ill-fated merger of the Pennsylvania and New York Central Railroads and the combined corporation’s bankruptcy. Their book destroyed the myth that corporate boards oversee company officials, Robert Townsend , a former chairman and president of Avis, wrote in the New York Times Book Review, by showing that “the directors are in bed with the management.” \n“The Cop Who Would Be King: The Honorable Frank Rizzo” (1977) profiled a police officer who surfed a wave of law-and-order oratory, only to sink in what the authors described as a catastrophic mayoralty. \nIn 2014, with his son, Jonathan Binzen, Mr. Binzen wrote “Richardson Dilworth: Last of the Bare-Knuckled Aristocrats,” a portrait of another magnetic Philadelphia mayor. \nPeter Husted Binzen was born on Sept. 24, 1922, in Montclair, N.J., the son of Frederick Binzen, a vice president of J.C. Penney, and the former Lucy Husted . \nHe graduated from Montclair High School , took time off from Yale to fight with the Army’s 10th Mountain Division in Italy during World War II, and graduated with a bachelor’s degree in political science in 1947. \nHis wife, the former Virginia Flower, died in 2007. In addition to his son and his daughter Katherine, he is survived by two other daughters, Lucy Wildrick and Jennifer Cardoso , and nine grandchildren. \nAfter college, he decided against law school, sold subscriptions at a New Jersey weekly, freelanced, worked briefly for United Press , and joined the Bulletin in 1951. \n“It was said that if a housewife sitting on her front stoop saw a fire engine go by in the morning, she could learn where it went by reading the Bulletin in the afternoon,” Mr. Binzen told the Tredyffrin Easttown Historical Society in 2003. \nIn an interview last year with PhillyVoice.com, Mr. Binzen noted how much his adopted hometown, like Brooklyn, had become ascendant. \n“You know there used to be a saying that Philadelphia back then was duller than seven Sundays in Flatbush,” he said. “I guess none of that is true anymore.”  ", "external_links": [], "published": "2016-11-24T04:10:00.000+02:00", "crawled": "2016-11-24T00:41:52.246+02:00", "highlightTitle": ""}