{"organizations": [], "uuid": "c7f7ce5e8754160a3dad82cd606894ff3274a446", "thread": {"social": {"gplus": {"shares": 0}, "pinterest": {"shares": 0}, "vk": {"shares": 0}, "linkedin": {"shares": 0}, "facebook": {"likes": 0, "shares": 0, "comments": 0}, "stumbledupon": {"shares": 0}}, "site_full": "business.inquirer.net", "main_image": "http://business.inquirer.net/files/2016/11/Xi-Obama-Apec.jpg", "site_section": "http://business.inquirer.net/feed", "section_title": "Inquirer Business", "url": "http://business.inquirer.net/219899/xi-pushes-china-backed-free-trade-deals-fill-us-void", "country": "US", "domain_rank": 813, "title": "Xi pushes China-backed free trade deals to fill US void", "performance_score": 0, "site": "inquirer.net", "participants_count": 1, "title_full": "Xi pushes China-backed free trade deals to fill US void", "spam_score": 0.0, "site_type": "news", "published": "2016-11-20T06:14:00.000+02:00", "replies_count": 0, "uuid": "c7f7ce5e8754160a3dad82cd606894ff3274a446"}, "author": "cbibe", "url": "http://business.inquirer.net/219899/xi-pushes-china-backed-free-trade-deals-fill-us-void", "ord_in_thread": 0, "title": "Xi pushes China-backed free trade deals to fill US void", "locations": [], "entities": {"persons": [{"name": "trump", "sentiment": "none"}, {"name": "putin", "sentiment": "none"}, {"name": "donald trump", "sentiment": "none"}, {"name": "barack obama", "sentiment": "none"}, {"name": "xi jinping", "sentiment": "none"}, {"name": "obama", "sentiment": "none"}, {"name": "duterte", "sentiment": "none"}], "locations": [{"name": "us", "sentiment": "none"}, {"name": "united states", "sentiment": "none"}, {"name": "pacific rim", "sentiment": "none"}, {"name": "asia-pacific", "sentiment": "none"}, {"name": "washington", "sentiment": "none"}, {"name": "pacific", "sentiment": "none"}, {"name": "lima", "sentiment": "none"}, {"name": "beijing", "sentiment": "none"}, {"name": "australia", "sentiment": "none"}, {"name": "peru", "sentiment": "none"}, {"name": "japan", "sentiment": "none"}, {"name": "china", "sentiment": "none"}, {"name": "india", "sentiment": "none"}], "organizations": [{"name": "afp  lima", "sentiment": "none"}, {"name": "trump", "sentiment": "none"}, {"name": "congress", "sentiment": "none"}, {"name": "asia-pacific economic cooperation", "sentiment": "none"}, {"name": "apec", "sentiment": "none"}, {"name": "apec", "sentiment": "none"}]}, "highlightText": "", "language": "english", "persons": [], "text": "Xi pushes China-backed free trade deals to fill US void Agence France-Presse / 07:14 AM November 20, 2016 US President Barack Obama (right) and other US officials listen to China’s President Xi Jinping (2nd from left) make a statement before a meeting November 19, 2016 in Lima, Peru. AFP \nLIMA, Peru — Chinese President Xi Jinping urged Asia-Pacific leaders Saturday to get on board with Beijing-backed free trade agreements, after Donald Trump’s election win spelled the likely demise of a US-backed deal. \nTrump’s shock victory has cast uncertainty on the future of Washington’s key trade initiative in the Pacific Rim, the arduously negotiated, 12-country Trans-Pacific Partnership, or TPP. \nREAD: Duterte in Peru for Apec; to meet Putin, Xi | World leaders at APEC summit take aim at Trump over trade ADVERTISEMENT \nThe brash billionaire campaigned against the accord, which has not yet been ratified in Congress, as a “terrible deal” that would “rape” the United States by sending American jobs to countries with cheaper labor. \nIn a Pacific region hungry for trade, that has left even longtime US allies like Australia and Japan looking to China to fill the void. \nBeijing, which was excluded from TPP, is pushing two alternatives: the 21-member Free Trade Area of the Asia-Pacific (FTAAP) and a 16-member Regional Comprehensive Economic Partnership (RCEP), which notably includes India but not the United States. \nXi urged regional leaders to advance both deals at a summit in Lima, Peru, where the uncertainty unleashed on the world stage by Trump’s victory loomed large. \n“Building a Free Trade Area of the Asia-Pacific is a strategic initiative critical for the long-term prosperity of the Asia-Pacific,” Xi said in a keynote address to business leaders from the Asia-Pacific Economic Cooperation (APEC) group. \n“Building a Free Trade Area of the Asia-Pacific is a strategic initiative critical for the long-term prosperity of the Asia-Pacific,” Xi said in a keynote address to business leaders from the Asia-Pacific Economic Cooperation (APEC) group. \n“We should firmly pursue FTAAP,” he said. “Openness is vital for the prosperity of the Asia-Pacific.” \nIn the face of Trump’s protectionist rhetoric, he vowed China “will not shut its door to the outside world, but open it even wider.” \n“We will fully involve ourselves in economic globalization by supporting the multi-lateral trading regime, advancing the FTAAP and working for the early conclusion of the negotiations on the Regional Comprehensive Economic Partnership,” he said. \nIn the face of Trump’s protectionist rhetoric, he [Xi] vowed China “will not shut its door to the outside world, but open it even wider.” \nChina describes RCEP as a stepping stone toward FTAAP, a vast plan that would include all 21 APEC members and is expected to take years, if it happens at all. \nThe meeting of APEC, which accounts for nearly 40 percent of the world’s population and nearly 60 percent of the global economy, is US President Barack Obama’s last foreign visit before handing over to Trump on January 20. \nObama and Xi, the leaders of the world’s top two economies, were due to hold their last meeting later Saturday.", "external_links": [], "published": "2016-11-20T06:14:00.000+02:00", "crawled": "2016-11-20T01:51:55.950+02:00", "highlightTitle": ""}