{"organizations": [], "uuid": "47d9be4c02a09ab1082d77741f03985786199f8a", "thread": {"social": {"gplus": {"shares": 0}, "pinterest": {"shares": 0}, "vk": {"shares": 0}, "linkedin": {"shares": 0}, "facebook": {"likes": 0, "shares": 0, "comments": 0}, "stumbledupon": {"shares": 0}}, "site_full": "www.thesportbible.com", "main_image": "http://20.theladbiblegroup.com/s3/content/491x276/1b0729985833916e78377f1e5d5b7785.jpg", "site_section": "http://www.thesportbible.com/index.rss", "section_title": "TheSPORTbible", "url": "http://www.thesportbible.com/football/news-reactions-the-reason-why-jurgen-klinsmann-was-sacked-as-manager-of-united-states-20161121", "country": "US", "domain_rank": 441, "title": "The Reason Why Jurgen Klinsmann Was Sacked As Manager Of United States", "performance_score": 0, "site": "thesportbible.com", "participants_count": 0, "title_full": "The Reason Why Jurgen Klinsmann Was Sacked As Manager Of United States", "spam_score": 0.0, "site_type": "news", "published": "2016-11-22T05:56:00.000+02:00", "replies_count": 0, "uuid": "47d9be4c02a09ab1082d77741f03985786199f8a"}, "author": "", "url": "http://www.thesportbible.com/football/news-reactions-the-reason-why-jurgen-klinsmann-was-sacked-as-manager-of-united-states-20161121", "ord_in_thread": 0, "title": "The Reason Why Jurgen Klinsmann Was Sacked As Manager Of United States", "locations": [], "entities": {"persons": [{"name": "jurgen klinsmann", "sentiment": "negative"}, {"name": "klinsmann", "sentiment": "none"}, {"name": "nicky butt", "sentiment": "none"}, {"name": "gareth southgate", "sentiment": "none"}, {"name": "mike goncalves", "sentiment": "none"}, {"name": "jack kenmare back", "sentiment": "none"}, {"name": "sunil gulati", "sentiment": "none"}], "locations": [{"name": "united states", "sentiment": "none"}, {"name": "panama", "sentiment": "none"}, {"name": "usa", "sentiment": "none"}, {"name": "mexico", "sentiment": "none"}, {"name": "honduras", "sentiment": "none"}, {"name": "costa rica", "sentiment": "none"}, {"name": "brazil", "sentiment": "none"}, {"name": "russia", "sentiment": "none"}, {"name": "germany", "sentiment": "none"}, {"name": "states", "sentiment": "none"}], "organizations": [{"name": "u.s. soccer", "sentiment": "none"}, {"name": "jack kenmare jack kenmare", "sentiment": "none"}, {"name": "pfa", "sentiment": "none"}, {"name": "tottenham", "sentiment": "none"}, {"name": "facebook", "sentiment": "none"}]}, "highlightText": "", "language": "english", "persons": [], "text": "The Reason Why Jurgen Klinsmann Was Sacked As Manager Of United States Mon Nov 21 2016 22:56:37   22:56:37 GMT+0000 (GMT) Jack Kenmare Jack Kenmare in football \nJurgen Klinsmann has been sacked as manager of the USA national team. The former Germany coach took over in 2011 and steered the Americans to the last-16 of the 2014 World Cup in Brazil. \nHowever, defeats to Costa Rica and rivals Mexico have left the States' chances of reaching the next World Cup in Russia in pearl, as they currently sit bottom of six-team group containing Honduras and Panama. \nAfter suffering an embarrassing 4-0 loss in Costa Rica last week. Klinsmann was sacked on Monday evening. \nA statement was released soon after the sacking by U.S. Soccer President Sunil Gulati: \n\"While we remain confident that we have quality players to help us advance to Russia 2018, the form and growth of the team up to this point left us convinced that we need to go in a different direction. \nWith the next qualifying match in late March, we have several months to refocus the group and determine the best way forward to ensure a successful journey to qualify for our eighth-consecutive World Cup,\" Terrible decision by @ussoccer to sack Klinsmann. Can't make lemonade w/ oranges. He's not the problem. Few others should have been sacked:thumbsdown: - Mike Goncalves :soccer: (@MGoncalves10) November 21, 2016 \nKlinsmann has something of an affinity with English football having won the PFA Player of the Year Award during his time with Tottenham in the 1990s, and he was linked with the job a few years back. \nBut it looks like Gareth Southgate will be awarded the job in the coming days. \nThis story was first featured on talkingbaws.com - simple, shareable sport. Like them on Facebook and follow them on Twitter.   Jack Kenmare Back in 1998, Nicky Butt's typically wayward strike hit me right in the head. I proceeded to fall off my chair. I cherish this moment. Next Up...", "external_links": [], "published": "2016-11-22T05:56:00.000+02:00", "crawled": "2016-11-22T01:57:46.299+02:00", "highlightTitle": ""}