{"organizations": [], "uuid": "b43e2b16b4efbe52d8cc244370decfca2ed3583a", "thread": {"social": {"gplus": {"shares": 0}, "pinterest": {"shares": 0}, "vk": {"shares": 0}, "linkedin": {"shares": 0}, "facebook": {"likes": 0, "shares": 0, "comments": 0}, "stumbledupon": {"shares": 0}}, "site_full": "news.yahoo.com", "main_image": "https://s.yimg.com/uu/api/res/1.2/KZSrsVlS5EUa_SC.7OLrsA--/aD02ODI7dz0xMDI0O3NtPTE7YXBwaWQ9eXRhY2h5b24-/http://media.zenfs.com/en_us/News/afp.com/32b8c9ac3b951fe2f1adf8988a5dae7567d6c50f.jpg", "site_section": "https://news.yahoo.com/sitemap/stories/2.xml", "section_title": "", "url": "https://news.yahoo.com/yemen-calm-ceasefire-takes-hold-084919241.html", "country": "US", "domain_rank": 5, "title": "Violence puts Yemen ceasefire extension in doubt", "performance_score": 0, "site": "yahoo.com", "participants_count": 1, "title_full": "Violence puts Yemen ceasefire extension in doubt", "spam_score": 0.023, "site_type": "news", "published": "2016-11-21T00:07:00.000+02:00", "replies_count": 0, "uuid": "b43e2b16b4efbe52d8cc244370decfca2ed3583a"}, "author": "AFP", "url": "https://news.yahoo.com/yemen-calm-ceasefire-takes-hold-084919241.html", "ord_in_thread": 0, "title": "Violence puts Yemen ceasefire extension in doubt", "locations": [], "entities": {"persons": [{"name": "sharaf luqman", "sentiment": "none"}, {"name": "huthi", "sentiment": "none"}, {"name": "anthony lake", "sentiment": "none"}, {"name": "assiri", "sentiment": "none"}, {"name": "ali abdullah saleh", "sentiment": "none"}, {"name": "hadi", "sentiment": "none"}, {"name": "ahmed assiri", "sentiment": "none"}, {"name": "lake", "sentiment": "none"}, {"name": "abedrabbo mansour hadi", "sentiment": "none"}, {"name": "john kerry", "sentiment": "none"}, {"name": "ismail ould cheikh ahmed", "sentiment": "none"}], "locations": [{"name": "iran", "sentiment": "none"}, {"name": "sanaa", "sentiment": "none"}, {"name": "yemen", "sentiment": "none"}, {"name": "midi", "sentiment": "none"}, {"name": "arabian peninsula", "sentiment": "none"}, {"name": "saudi arabia", "sentiment": "none"}, {"name": "us", "sentiment": "none"}, {"name": "oman", "sentiment": "none"}, {"name": "taez", "sentiment": "none"}, {"name": "marib province", "sentiment": "none"}], "organizations": [{"name": "unicef", "sentiment": "none"}, {"name": "afp", "sentiment": "none"}, {"name": "state", "sentiment": "none"}, {"name": "un", "sentiment": "none"}, {"name": "united nations", "sentiment": "none"}]}, "highlightText": "", "language": "english", "persons": [], "text": "Sanaa (AFP) - Sporadic fighting shook parts of Yemen Sunday as the Saudi-led coalition battling Iran-backed rebels warned that a fragile US-brokered ceasefire would not be extended unless violations ended.\nAid agencies have pleaded for unhindered humanitarian access in Yemen to allow the delivery of life-saving supplies to civilians reeling from a conflict that has left thousands dead.\nThe 48-hour ceasefire began on Saturday following an intervention by US Secretary of State John Kerry who met Huthi rebel representatives in Oman and urged President Abedrabbo Mansour Hadi's government to sign up.\nA military official said there were \"limited exchanges of fire\" in the flashpoint southwestern city of Taez, where heavy fighting in recent days has left dozens dead.\nThe rebels fired mortar rounds at a military hospital in the city's east, setting its dialysis unit on fire, a medical source said.\nRebel rocket fire wounded six civilians, including four children, in the centre of Taez on Sunday evening, according to military and medical sources.\nAn AFP correspondent in Sanaa said there had been no coalition air strikes in the rebel-held capital since the 48-hour truce took effect.\nBut the coalition's air defences destroyed three ballistic missiles fired by the rebels at dawn at Marib province, east of Sanaa, a military official said.\nCoalition jets responded by bombing rebel positions in the area, the source said.\nIn Midi, in the northwest, fighting killed four rebels and three soldiers, a military official said.\nYemen's devastating conflict erupted in 2014 when the Shiite rebels and allied renegade troops loyal to former president Ali Abdullah Saleh overran Sanaa and other parts of the impoverished Arabian Peninsula country.\nIt escalated in March 2015 when neighbouring Saudi Arabia -- the archfoe of Iran -- launched a military campaign to drive back the rebels.\nThe United Nations says more than 7,000 people have been killed and nearly 37,000 wounded.\nCoalition spokesman Major General Ahmed Assiri accused the insurgents of 180 violations in the first 10 hours of the ceasefire which began at midday (0900 GMT) Saturday.\nWhen asked if the coalition would extend the truce into Monday, Assiri said: \"If there is a complete halt to the (rebel) violations, there will be an extension. If they do not stop, this would be a direct violation of the ceasefire conditions.\"\n- 'New hope' -\nWhile the rebels declared their commitment to the peace push, Hadi's government initially rejected the truce, saying it had not been consulted.\nBut the government came under huge pressure to back down in the face of an international outcry over the mounting civilian death toll.\nThe Huthis on Sunday welcomed \"all efforts to end the aggression\" but denounced the Saudi side for escalations, according to the rebel-controlled sabanews.net website.\nRelief agencies had been hoping the ceasefire would allow the delivery of aid in areas that were inaccessible due to fighting.\nThe UN children's agency UNICEF said the ceasefire \"offers new hope in a situation that is increasingly catastrophic for children\".\nThe conflict has killed well over 1,000 children and left millions more without access to basic care and at risk of imminent death, said UNICEF executive director Anthony Lake.\nOne and a half million children were suffering from acute malnutrition, and thousands more were at risk from rapidly spreading cases of cholera and measles.\n\"For some time now we have been constrained in our efforts to reach these children with therapeutic food and medical supplies,\" Lake said in a statement.\n\"We urge all parties to the ceasefire to allow unhindered humanitarian access for the delivery of life-saving supplies and services to all children in need.\n\"It cannot be in anyone's interest to endanger the future of Yemen -- its children,\" he added.\nA spokesman for the renegade Yemeni troops, Brigadier General Sharaf Luqman, said on Saturday that they would also abide by the truce.\nSix previous attempts to clinch a ceasefire foundered, the latest in October.\nUN envoy Ismail Ould Cheikh Ahmed urged all parties \"to encourage full respect for the cessation of hostilities and to ensure that it leads to a permanent and lasting end to the conflict\".", "external_links": [], "published": "2016-11-21T00:07:00.000+02:00", "crawled": "2016-11-21T00:52:09.384+02:00", "highlightTitle": ""}