{"organizations": [], "uuid": "6daf22fa36837d544779965e77a13ae0a726dfb4", "thread": {"social": {"gplus": {"shares": 0}, "pinterest": {"shares": 0}, "vk": {"shares": 0}, "linkedin": {"shares": 0}, "facebook": {"likes": 0, "shares": 0, "comments": 0}, "stumbledupon": {"shares": 0}}, "site_full": "archive.org", "main_image": "", "site_section": "http://archive.org/services/collection-rss.php", "section_title": "Internet Archive", "url": "https://archive.org/details/DTIC_ADA038107", "country": "US", "domain_rank": 285, "title": "DTIC ADA038107: Development of High-Power Tunable Sources in the 12 micrometers and 16 micrometers Regions.", "performance_score": 0, "site": "archive.org", "participants_count": 0, "title_full": "DTIC ADA038107: Development of High-Power Tunable Sources in the 12 micrometers and 16 micrometers Regions.", "spam_score": 0.0, "site_type": "news", "published": "2016-11-20T13:35:00.000+02:00", "replies_count": 0, "uuid": "6daf22fa36837d544779965e77a13ae0a726dfb4"}, "author": "", "url": "https://archive.org/details/DTIC_ADA038107", "ord_in_thread": 0, "title": "DTIC ADA038107: Development of High-Power Tunable Sources in the 12 micrometers and 16 micrometers Regions.", "locations": [], "entities": {"persons": [], "locations": [], "organizations": []}, "highlightText": "", "language": "english", "persons": [], "text": "DTIC ADA038107: Development of High-Power Tunable Sources in the 12 micrometers and 16 micrometers Regions. Item Preview Share or Embed this Item EMBED <iframe src=\"https://archive.org/stream/DTIC_ADA038107?ui=embed#mode/2up\" width=\"480\" height=\"430\" frameborder=\"0\" webkitallowfullscreen=\"true\" mozallowfullscreen=\"true\" allowfullscreen></iframe> EMBED (for wordpress.com hosted blogs) [archiveorg DTIC_ADA038107 width=560 height=384 frameborder=0 webkitallowfullscreen=true mozallowfullscreen=true]", "external_links": [], "published": "2016-11-20T13:35:00.000+02:00", "crawled": "2016-11-20T08:50:14.870+02:00", "highlightTitle": ""}