{"organizations": [], "uuid": "19a91519ad37de55fa6ea2d4a828a4b0e008f338", "thread": {"social": {"gplus": {"shares": 0}, "pinterest": {"shares": 0}, "vk": {"shares": 0}, "linkedin": {"shares": 0}, "facebook": {"likes": 0, "shares": 0, "comments": 0}, "stumbledupon": {"shares": 0}}, "site_full": "archive.org", "main_image": "", "site_section": "http://archive.org/services/collection-rss.php", "section_title": "Internet Archive", "url": "https://archive.org/details/Call.of.Duty.Infinite.Warfare.Crack.downmienphi.com.part5", "country": "US", "domain_rank": 285, "title": "Call.of. Duty. Infinite. Warfare. Crack.downmienphi.com.part 5", "performance_score": 0, "site": "archive.org", "participants_count": 0, "title_full": "Call.of. Duty. Infinite. Warfare. Crack.downmienphi.com.part 5", "spam_score": 0.0, "site_type": "news", "published": "2016-11-20T12:03:00.000+02:00", "replies_count": 0, "uuid": "19a91519ad37de55fa6ea2d4a828a4b0e008f338"}, "author": "", "url": "https://archive.org/details/Call.of.Duty.Infinite.Warfare.Crack.downmienphi.com.part5", "ord_in_thread": 0, "title": "Call.of. Duty. Infinite. Warfare. Crack.downmienphi.com.part 5", "locations": [], "entities": {"persons": [], "locations": [], "organizations": []}, "highlightText": "", "language": "english", "persons": [], "text": "Call.of. Duty. Infinite. Warfare. Crack.downmienphi.com.part 5 Item Preview There Is No Preview Available For This Item \nThis item does not appear to have any files that can be experienced on Archive.org. Please download files in this item to interact with them on your computer.", "external_links": [], "published": "2016-11-20T12:03:00.000+02:00", "crawled": "2016-11-20T07:14:25.626+02:00", "highlightTitle": ""}