{"organizations": [], "uuid": "f3cec318c641db21087cb6ecee26e5a2955a8707", "thread": {"social": {"gplus": {"shares": 0}, "pinterest": {"shares": 0}, "vk": {"shares": 0}, "linkedin": {"shares": 0}, "facebook": {"likes": 0, "shares": 0, "comments": 0}, "stumbledupon": {"shares": 0}}, "site_full": "archive.org", "main_image": "", "site_section": "http://archive.org/services/collection-rss.php", "section_title": "Internet Archive", "url": "https://archive.org/details/SyrianMassacreApr10th2012", "country": "US", "domain_rank": 285, "title": "Syrian Massacre Apr 10th 2012", "performance_score": 0, "site": "archive.org", "participants_count": 0, "title_full": "Syrian Massacre Apr 10th 2012", "spam_score": 0.0, "site_type": "news", "published": "2016-11-20T15:49:00.000+02:00", "replies_count": 0, "uuid": "f3cec318c641db21087cb6ecee26e5a2955a8707"}, "author": "", "url": "https://archive.org/details/SyrianMassacreApr10th2012", "ord_in_thread": 0, "title": "Syrian Massacre Apr 10th 2012", "locations": [], "entities": {"persons": [], "locations": [], "organizations": []}, "highlightText": "", "language": "english", "persons": [], "text": "Syrian Massacre Apr 10th 2012 Item Preview There Is No Preview Available For This Item \nThis item does not appear to have any files that can be experienced on Archive.org. Please download files in this item to interact with them on your computer.", "external_links": [], "published": "2016-11-20T15:49:00.000+02:00", "crawled": "2016-11-20T11:15:17.169+02:00", "highlightTitle": ""}