{"organizations": [], "uuid": "69c8ce265846348f3eed41188b4c66c5f2a69fa1", "thread": {"social": {"gplus": {"shares": 0}, "pinterest": {"shares": 0}, "vk": {"shares": 0}, "linkedin": {"shares": 0}, "facebook": {"likes": 0, "shares": 0, "comments": 0}, "stumbledupon": {"shares": 0}}, "site_full": "www.huffingtonpost.com", "main_image": "http://img.huffingtonpost.com/asset/2000_1000/58332eb7180000270c30f3d7.jpeg?cache=a36krbvnwj", "site_section": "http://www.huffingtonpost.com/feeds/verticals/black-voices/index.xml", "section_title": "Black Voices - The Huffington Post", "url": "http://www.huffingtonpost.com/entry/pharrell-hidden-figures-gender-bias_us_583325b9e4b030997bc07e21", "country": "US", "domain_rank": 139, "title": "Pharrell: Women’s Contribution To History Was Always Erased", "performance_score": 0, "site": "huffingtonpost.com", "participants_count": 1, "title_full": "Pharrell: Women’s Contribution To History Was Always Erased", "spam_score": 0.0, "site_type": "news", "published": "2016-11-22T01:30:00.000+02:00", "replies_count": 0, "uuid": "69c8ce265846348f3eed41188b4c66c5f2a69fa1"}, "author": "Brennan Williams", "url": "http://www.huffingtonpost.com/entry/pharrell-hidden-figures-gender-bias_us_583325b9e4b030997bc07e21", "ord_in_thread": 0, "title": "Pharrell: Women’s Contribution To History Was Always Erased", "locations": [], "entities": {"persons": [{"name": "pharrell", "sentiment": "negative"}, {"name": "john glenn", "sentiment": "none"}, {"name": "williams", "sentiment": "none"}, {"name": "tori amos", "sentiment": "none"}, {"name": "justin timberlake", "sentiment": "none"}, {"name": "pharrell williams", "sentiment": "none"}, {"name": "mary jackson", "sentiment": "none"}, {"name": "octavia spencer", "sentiment": "none"}, {"name": "hillary clinton", "sentiment": "none"}, {"name": "huffington post  fox", "sentiment": "none"}, {"name": "taraji p. henson", "sentiment": "none"}, {"name": "brennan williams", "sentiment": "none"}, {"name": "john legend", "sentiment": "none"}, {"name": "katherine johnson", "sentiment": "none"}, {"name": "dorothy vaughn", "sentiment": "none"}, {"name": "janelle monáe", "sentiment": "none"}, {"name": "alicia keys", "sentiment": "none"}], "locations": [{"name": "america", "sentiment": "none"}, {"name": "raleigh", "sentiment": "none"}, {"name": "north carolina", "sentiment": "none"}], "organizations": [{"name": "nasa", "sentiment": "none"}]}, "highlightText": "", "language": "english", "persons": [], "text": "Pharrell: Women’s Contribution To History Was Always Erased The hitmaker discussed the historical relevance of \"Hidden Figures\" during a recent roundtable discussion.   Brennan Williams Pop Culture Editor, The Huffington Post \nFox 20th Century’s upcoming film, “ Hidden Figures ” is an untold historical story that Pharrell Williams hopes will shed some light on women’s contributions to history and technology. \nWilliams, who composed music for the film, took part in a recent roundtable discussion of songwriters hosted by The Hollywood Reporter . Along with singer-songwriters Alicia Keys, Justin Timberlake, Tori Amos, Sting, John Legend, Williams, Williams discussed an array of topics ranging from their creative process composing music for films to issues affecting America. \nStarring Taraji P. Henson (as Katherine Johnson), Octavia Spencer (as Dorothy Vaughn) and Janelle Monáe (as Mary Jackson), the “Hidden Figures” highlights the untold true story of three African-American women mathematicians who provided NASA with integral data during astronaut John Glenn’s historical orbit in 1962. \nFor Williams, highlighting the three mathematicians’ historical achievements in “Hidden Figures” is long overdue. \n“This is a story that’s been around this entire time,” he said. “These women were victims of error and circumstance. We look back in history and women’s contribution to any kind of advancement was always discounted, dismissed, or overlooked ,erased, not acknowledged.” \nWilliams expressed his support for gender equality during a Hillary Clinton rally in Raleigh, North Carolina earlier this month, where he told attendees his desire to see a woman “break the presidential glass ceiling.” \nLike Hillary Clinton’s historic presidential campaign run, the “Happy” crooner says “Hidden Figures” will help raise awareness surrounding gender bias. \n“We can no longer deny that women are treated the way that they are. And I think that this film will be one of many instrumental tools to change not only America’s mind, but the world’s mind.” \nAmen to that. \nCheck out more of Pharrell thoughts in the clip above. Also on HuffPost", "external_links": [], "published": "2016-11-22T01:30:00.000+02:00", "crawled": "2016-11-21T21:33:19.511+02:00", "highlightTitle": ""}