{"organizations": [], "uuid": "77afe21c67705519c656685ca823e3d76ad07aca", "thread": {"social": {"gplus": {"shares": 0}, "pinterest": {"shares": 0}, "vk": {"shares": 0}, "linkedin": {"shares": 0}, "facebook": {"likes": 17, "shares": 17, "comments": 0}, "stumbledupon": {"shares": 0}}, "site_full": "www.nydailynews.com", "main_image": "http://assets.nydailynews.com/polopoly_fs/1.2882396.1479756492!/img/httpImage/image.jpg_gen/derivatives/landscape_1200/20100212-7704052.jpg", "site_section": "http://www.nydailynews.com/news/national/index_rss.xml", "section_title": "National News -  New York Daily News", "url": "http://www.nydailynews.com/news/national/chipotle-customers-sue-burritos-calories-article-1.2882398", "country": "US", "domain_rank": 811, "title": "Chipotle customers sue because burritos had too many calories", "performance_score": 0, "site": "nydailynews.com", "participants_count": 1, "title_full": "Chipotle customers sue because burritos had too many calories", "spam_score": 0.0, "site_type": "news", "published": "2016-11-22T02:43:00.000+02:00", "replies_count": 0, "uuid": "77afe21c67705519c656685ca823e3d76ad07aca"}, "author": "CHRISTOPHER BRENNAN", "url": "http://www.nydailynews.com/news/national/chipotle-customers-sue-burritos-calories-article-1.2882398", "ord_in_thread": 0, "title": "Chipotle customers sue because burritos had too many calories", "locations": [], "entities": {"persons": [{"name": "cyrus mccrimmon/denver post", "sentiment": "none"}, {"name": "chpotle", "sentiment": "none"}], "locations": [{"name": "california", "sentiment": "none"}, {"name": "new york", "sentiment": "none"}, {"name": "los angeles", "sentiment": "none"}], "organizations": [{"name": "chipotle", "sentiment": "none"}, {"name": "getty images", "sentiment": "none"}]}, "highlightText": "", "language": "english", "persons": [], "text": "Chipotle customers sue because burritos had too many calories Chipotle customers sue because burritos had too many calories Three California men are suing Chpotle over alleged deceptive calorie counts. Above, a wrapped Chipotle burrito. (Cyrus McCrimmon/Denver Post via Getty Images) NEW YORK DAILY NEWS Updated: Monday, November 21, 2016, 2:43 PM \nChipotle customers are suing because of overstuffed burritos, saying that the company’s calorie counts were full of it. \nA lawsuit filed in California court last week says that the chain misrepresented the nutritional value and that consumers were “lulled into a false belief” that they were eating healthy. \nThe menu item uniting the case’s three plaintiffs is the Chorizo Burrito, which the fast casual joint began selling earlier this year and advertised as 300 calories on overhead menus. \nAll three customers said that they ordered the spicy sausage meal at different locations earlier this month because of its supposed health benefits. \nWorld’s hottest chip will literally kill you. OK not literally. \nWhile the chorizo in the burrito is 300 calories, Chipotle’s Nutrition Calculator shows that if the burrito was eaten as pictured, the diner would take in more than 1,000 calories including cheese, tortilla, rice, beans and salsa. \nAll three burrito eaters said that they soon “realized that the burrito couldn’t have been just 300 calories,” with one Los Angeles man saying that he “felt excessively full.” \nThe class-action suit says that Chipotle has engaged in unfair business practices, and says that anyone who bought food at a California location in the last four years can join. . @chipotle are you telling me this burrito has 300 calories? Can't be right. pic.twitter.com/KECCZ3nxgx", "external_links": [], "published": "2016-11-22T02:43:00.000+02:00", "crawled": "2016-11-21T22:01:28.622+02:00", "highlightTitle": ""}