{"organizations": [], "uuid": "8620a5986d016ac9d4b116c78b8bebe61f38aa36", "thread": {"social": {"gplus": {"shares": 0}, "pinterest": {"shares": 0}, "vk": {"shares": 0}, "linkedin": {"shares": 0}, "facebook": {"likes": 0, "shares": 0, "comments": 0}, "stumbledupon": {"shares": 0}}, "site_full": "archive.org", "main_image": "https://archive.org/services/img/ringtone_17_201611", "site_section": "http://archive.org/services/collection-rss.php", "section_title": "Internet Archive", "url": "https://archive.org/details/ringtone_17_201611", "country": "US", "domain_rank": 285, "title": "ringtone_17", "performance_score": 0, "site": "archive.org", "participants_count": 0, "title_full": "ringtone_17", "spam_score": 0.0, "site_type": "news", "published": "2016-11-23T11:18:00.000+02:00", "replies_count": 0, "uuid": "8620a5986d016ac9d4b116c78b8bebe61f38aa36"}, "author": "", "url": "https://archive.org/details/ringtone_17_201611", "ord_in_thread": 0, "title": "ringtone_17", "locations": [], "entities": {"persons": [], "locations": [], "organizations": []}, "highlightText": "", "language": "english", "persons": [], "text": "Share or Embed this Item EMBED <iframe src=\"https://archive.org/embed/ringtone_17_201611\" width=\"560\" height=\"384\" frameborder=\"0\" webkitallowfullscreen=\"true\" mozallowfullscreen=\"true\" allowfullscreen></iframe> EMBED (for wordpress.com hosted blogs) [archiveorg ringtone_17_201611 width=560 height=384 frameborder=0 webkitallowfullscreen=true mozallowfullscreen=true]", "external_links": [], "published": "2016-11-23T11:18:00.000+02:00", "crawled": "2016-11-23T06:34:45.730+02:00", "highlightTitle": ""}