{"organizations": [], "uuid": "dadf8196ca11afbdf49a5a94032232b416c8b172", "thread": {"social": {"gplus": {"shares": 0}, "pinterest": {"shares": 0}, "vk": {"shares": 0}, "linkedin": {"shares": 0}, "facebook": {"likes": 0, "shares": 0, "comments": 0}, "stumbledupon": {"shares": 0}}, "site_full": "www.sfgate.com", "main_image": "http://ww2.hdnux.com/photos/55/11/17/11834309/3/rawImage.jpg", "site_section": "", "section_title": "", "url": "http://www.sfgate.com/sports/article/Harden-Rockets-beat-Jazz-improve-to-4-1-at-home-10625652.php", "country": "US", "domain_rank": 943, "title": "Harden, Rockets beat Jazz, improve to 4-1 at home - SFGate", "performance_score": 0, "site": "sfgate.com", "participants_count": 0, "title_full": "Harden, Rockets beat Jazz, improve to 4-1 at home - SFGate", "spam_score": 0.0, "site_type": "news", "published": "2016-11-20T01:07:00.000+02:00", "replies_count": 0, "uuid": "dadf8196ca11afbdf49a5a94032232b416c8b172"}, "author": "", "url": "http://www.sfgate.com/sports/article/Harden-Rockets-beat-Jazz-improve-to-4-1-at-home-10625652.php", "ord_in_thread": 0, "title": "Harden, Rockets beat Jazz, improve to 4-1 at home - SFGate", "locations": [], "entities": {"persons": [{"name": "james harden", "sentiment": "negative"}, {"name": "shelvin mack", "sentiment": "negative"}, {"name": "trevor ariza", "sentiment": "none"}, {"name": "trey lyles", "sentiment": "none"}, {"name": "nene", "sentiment": "none"}, {"name": "gordon hayward", "sentiment": "none"}, {"name": "montrezl harrell", "sentiment": "none"}, {"name": "dante exum", "sentiment": "none"}, {"name": "patrick beverley", "sentiment": "none"}, {"name": "rodney hood", "sentiment": "none"}, {"name": "robert reid", "sentiment": "none"}, {"name": "sleepy floyd", "sentiment": "none"}, {"name": "capela", "sentiment": "none"}, {"name": "bob levey", "sentiment": "none"}, {"name": "boris diaw", "sentiment": "none"}, {"name": "clint capela", "sentiment": "none"}, {"name": "vernon maxwell", "sentiment": "none"}, {"name": "mike d'antoni", "sentiment": "none"}, {"name": "george hill", "sentiment": "none"}, {"name": "gobert", "sentiment": "none"}, {"name": "joel bolomboy", "sentiment": "none"}, {"name": "harden", "sentiment": "none"}, {"name": "eric gordon", "sentiment": "none"}, {"name": "quin snyder", "sentiment": "none"}, {"name": "rudy gobert", "sentiment": "none"}, {"name": "d'antoni", "sentiment": "none"}, {"name": "lyles", "sentiment": "none"}, {"name": "maxwell", "sentiment": "none"}, {"name": "derrick favors", "sentiment": "none"}, {"name": "snyder", "sentiment": "none"}, {"name": "jeremy lin", "sentiment": "none"}], "locations": [{"name": "france", "sentiment": "none"}, {"name": "detroit", "sentiment": "none"}, {"name": "houston", "sentiment": "none"}, {"name": "sfgate", "sentiment": "none"}, {"name": "denver", "sentiment": "none"}, {"name": "gallery houston", "sentiment": "none"}, {"name": "golden state", "sentiment": "none"}, {"name": "utah", "sentiment": "none"}, {"name": "orlando", "sentiment": "none"}, {"name": "bay area", "sentiment": "none"}], "organizations": [{"name": "rockets", "sentiment": "negative"}, {"name": "houston rockets", "sentiment": "negative"}, {"name": "utah jazz", "sentiment": "negative"}, {"name": "nba", "sentiment": "none"}, {"name": "ap harden", "sentiment": "none"}, {"name": "ap", "sentiment": "none"}]}, "highlightText": "", "language": "english", "persons": [], "text": "Close Image 1 of 6 Houston Rockets guard James Harden (13) shoots as Utah Jazz guard Shelvin Mack (8) looks on in the first half of an NBA basketball game on Saturday, Nov. 19, 2016, in Houston. Houston Rockets guard James Harden (13) shoots as Utah Jazz guard Shelvin Mack (8) looks on in the first half of an NBA basketball game on Saturday, Nov. 19, 2016, in Houston. Photo: Bob Levey, AP Image 2 of 6 Utah Jazz guard Rodney Hood (5) shoots a running hook shot over Houston Rockets center Clint Capela (15) in the first half of an NBA basketball game on Saturday, Nov. 19, 2016, in Houston. Utah Jazz guard Rodney Hood (5) shoots a running hook shot over Houston Rockets center Clint Capela (15) in the first half of an NBA basketball game on Saturday, Nov. 19, 2016, in Houston. Photo: Bob Levey, AP Image 3 of 6 Houston Rockets guard James Harden (13) drives for a layup around Utah Jazz forward Joel Bolomboy (21) in the first half of an NBA basketball game on Saturday, Nov. 19, 2016, in Houston. Houston Rockets guard James Harden (13) drives for a layup around Utah Jazz forward Joel Bolomboy (21) in the first half of an NBA basketball game on Saturday, Nov. 19, 2016, in Houston. Photo: Bob Levey, AP Image 4 of 6 Houston Rockets forward Trevor Ariza (1) drives to the basket against the Utah Jazz in the first half of an NBA basketball game on Saturday, Nov. 19, 2016, in Houston. Houston Rockets forward Trevor Ariza (1) drives to the basket against the Utah Jazz in the first half of an NBA basketball game on Saturday, Nov. 19, 2016, in Houston. Photo: Bob Levey, AP Image 5 of 6 Houston Rockets head coach Mike D'Antoni looks on from the sidelines against the Utah Jazz in the first half of an NBA basketball game on Saturday, Nov. 19, 2016, in Houston. Houston Rockets head coach Mike D'Antoni looks on from the sidelines against the Utah Jazz in the first half of an NBA basketball game on Saturday, Nov. 19, 2016, in Houston. Photo: Bob Levey, AP Image 6 of 6 Utah Jazz head coach Quin Snyder calls out instructions against the Houston Rockets in the first half of an NBA basketball game on Saturday, Nov. 19, 2016, in Houston. Utah Jazz head coach Quin Snyder calls out instructions against the Houston Rockets in the first half of an NBA basketball game on Saturday, Nov. 19, 2016, in Houston. Photo: Bob Levey, AP Harden, Rockets beat Jazz, improve to 4-1 at home 1 / 6 Back to Gallery HOUSTON (AP) — With the Utah Jazz attempting a late comeback, James Harden casually tossed an alley-oop to Clint Capela from just inside the halfcourt line for a thunderous dunk. Harden had 31 points and 10 assists, and Capela scored a career-high 20 points to lead the Houston Rockets to a 111-102 victory over the Jazz on Saturday. \"I knew where he was going to be,\" Harden said of the pass. \"That's the kind of chemistry we're trying to build, to knowing where guys are going to be at so everything works easy and it's fluent.\" Eric Gordon added 20 points and fellow reserve Nene added a season-high 16 as the Rockets won for the third time in their last four games and improved to 4-1 at home. Rockets coach Mike D'Antoni said Capela is growing more comfortable and confident on the floor every game. \"He had a monster game, and I don't think he did anything that he can't keep repeating,\" D'Antoni said. \"As long as he runs the floor and screens and rolls, we have guys that will find him.\" The injury-plagued Jazz dropped their third straight game following a 6-2 start to November. Besides Gordon Hayward , the four other Jazz starters had a combined seven years of NBA experience. Rodney Hood led Utah with 25 points and Trey Lyles had 21. Rudy Gobert added 12 points, 14 rebounds and four blocks. Harden shook defender Dante Exum and buried a 3-pointer with less than a minute remaining to give Houston an 11-point lead and put away the game for good. Jazz coach Quin Snyder said Harden is \"doing everything,\" and seems to be a great match with D'Antoni. \"Clearly, he has taken it upon himself to help them execute the way coach D'Antoni wants,\" Snyder said. \"They are very, very good.\" The Rockets took advantage of Utah's smaller lineup by outscoring Utah 52-46 in the paint and shying away from the 3-point line a little more than usual. Houston entered the game leading the league with 13.7 3-pointers made and 36.5 3-pointers attempted per game (37.4 percent), but made 12 of 32 against Utah. \"I think we were flat on both ends in the first half,\" Gobert said. \"We did not attack them on the offensive end and had too many mistakes on the defensive end.\" Houston led 55-44 at the half and maintained the 11-point lead through the third quarter, entering the fourth with an 81-70 lead. TIP-INS Jazz: Lyles started in place of veteran Boris Diaw (rest) ahead of the team's trip to Denver on Sunday, Utah's fourth back-to-back of the season. ... Derrick Favors missed his second straight game with a left knee bone contusion, while George Hill (sprained right thumb) missed his seventh straight game. Rockets: Backup PF Montrezl Harrell was out with a left calf contusion. ... Harden passed Robert Reid (8,823 points) for seventh on the franchise's career scoring list. ... Patrick Beverley had five points, six assists and three steals. REVENGE REMATCH Capela recalled playing against Gobert in France and being overwhelmed by his talent as a 16-year-old just getting into basketball. Gobert, 24, is two years older than Capela, 22, who got a late start at the sport. The two conversed in French throughout Saturday's game, with Gobert even sending Capela a friendly warning at one point. \"He told me to never try to dunk on him again,\" Capela said with a grin. \"I just told him, 'Next time I go to dunk, just get out of the way.'\" MAD MAX As part of the ongoing celebration of the franchise's 50th season, the Rockets honored former shooting guard Vernon Maxwell after the third quarter with a video tribute. Maxwell, who played on both of Houston's championship seasons in 1993-94 and 1994-95, was given a standing ovation following the video. ZERO TURNOVERS Harden became the first Rockets player since Sleepy Floyd in Orlando on April 8, 1990, to have at least 30 points, 10 assists and zero turnovers. Prior to Saturday, the last Rocket to record at least 10 assists without a turnover was Jeremy Lin at Golden State on Feb. 2, 2013. UP NEXT Jazz: Travel to Detroit on Monday night. Rockets: Visit Denver on Sunday night. Latest from the SFGATE homepage: Click below for the top news from around the Bay Area and beyond. Sign up for our newsletters to be the first to learn about breaking news and more. Go to 'Sign In' and 'Manage Profile' at the top of the page. WEEKEND WEATHER ", "external_links": [], "published": "2016-11-20T01:07:00.000+02:00", "crawled": "2016-11-20T10:10:28.206+02:00", "highlightTitle": ""}