{"organizations": [], "uuid": "2d177c4e3628a33cd54767ce7513bcd4a80a301a", "thread": {"social": {"gplus": {"shares": 0}, "pinterest": {"shares": 0}, "vk": {"shares": 0}, "linkedin": {"shares": 0}, "facebook": {"likes": 0, "shares": 0, "comments": 0}, "stumbledupon": {"shares": 0}}, "site_full": "www.buzzfeed.com", "main_image": "https://img.buzzfeed.com/buzzfeed-static/static/2016-11/18/17/campaign_images/buzzfeed-prod-fastlane02/kanyes-election-confession-has-people-boycotting--2-8051-1479509728-0_dblbig.jpg", "site_section": "", "section_title": "", "url": "https://www.buzzfeed.com/sylviaobell/yeezys-for-sale", "country": "US", "domain_rank": 137, "title": "Kanye's Election Confession Has People Boycotting His Sneaker Line", "performance_score": 0, "site": "buzzfeed.com", "participants_count": 0, "title_full": "Kanye's Election Confession Has People Boycotting His Sneaker Line", "spam_score": 0.159, "site_type": "news", "published": "2016-11-20T06:32:00.000+02:00", "replies_count": 0, "uuid": "2d177c4e3628a33cd54767ce7513bcd4a80a301a"}, "author": "Sylvia Obell Buzzfeed Staff", "url": "https://www.buzzfeed.com/sylviaobell/yeezys-for-sale", "ord_in_thread": 0, "title": "Kanye's Election Confession Has People Boycotting His Sneaker Line", "locations": [], "entities": {"persons": [{"name": "kanye", "sentiment": "negative"}, {"name": "facebo", "sentiment": "neutral"}, {"name": "yeezys", "sentiment": "none"}, {"name": "harrison ave", "sentiment": "none"}, {"name": "justin yang", "sentiment": "none"}, {"name": "kozza", "sentiment": "none"}, {"name": "victor pope jr", "sentiment": "none"}, {"name": "trump", "sentiment": "none"}, {"name": "andrea russett", "sentiment": "none"}, {"name": "wellington boyce", "sentiment": "none"}, {"name": "ye", "sentiment": "none"}, {"name": "jeffrey wright", "sentiment": "none"}], "locations": [{"name": "yeezys", "sentiment": "none"}, {"name": "kanye's yeezys", "sentiment": "none"}, {"name": "kanye west", "sentiment": "none"}], "organizations": [{"name": "nbc", "sentiment": "none"}, {"name": "sylvia obell", "sentiment": "none"}]}, "highlightText": "", "language": "english", "persons": [], "text": "Your Post Has Been Launched! Fabulous! Don't forget to share with your friends on Twitter and Facebook. Kanye’s Election Confession Has People Boycotting His Sneaker Line Has Ye finally gone too far? Sylvia Obell BuzzFeed Staff 1. Kanye West is receiving a lot of flack (again) for a rant he made on stage during his Life of Pablo tour (again). This time the rapper told the crowd he didn’t vote last week but if he had he would’ve voted for Trump. \nKanye just said if he had voted (which he didn't) he would've voted Trump. — Justin Yang (@justin_yang) ID: 10012230 2. He also told black people that they to stop talking about racism so much, which is surprising considering some of his past songs and actions. NBC / Via giphy.com ID: 10012243 3. This is far from the first time Ye has pissed people off, but this time it seems celebs and fans are considering taking the backlash a step further by boycotting his sneaker line. \nI'll be donating a ridiculous amount of NBs and Yeezys to struggling immigrants in NYC. — BAM BAM (@ActionBronson) \nIf y'all really disgusted with Kanye, burn your Yeezys — Wellington Boyce (@WellieBoyce) \nGot them Yeezys with the burning cross stitched into the sides...got them Yeezys. — Jeffrey Wright (@jfreewright) \nsuddenly i have no desire for yeezys — Andrea Russett (@AndreaRussett) ID: 10012314 7. Of course some people on Twitter are trying taking advantage of the situation. \nAnybody in my area looking for a dumpster to throw your Yeezys away in there is a good one at 1212 Harrison Ave 76011. I'll be here all day — Victor Pope Jr (@VictorPopeJr) ID: 10012352 8. And people who don’t believe any of this is going to hurt Kanye’s pockets in any significant way. \nKanye's shows will still sell out Kanye's Yeezys next week will still be impossible to grab Kanye is still doing what he wants — cez (@N11Cesar) 9. Meanwhile, some folks are just glad they have no bone in this fight. \nHow I sleep at night knowing I never bought Yeezys — PROD. BY @VERYRVRE (@TVSH_P) ID: 10012364 10. But mostly, people are just trying to figure out why he keeps going down this road. \nKanye: So many people hate me... Kanye to Kanye: But not ALL the people hate you...make all the people hate you... — Kozza (@Kozza) ID: 10012377 Where do you fall in all of this? Do you think Kanye has gone too far? Yes, I’m seriously offended by his comments. I just can’t believe he didn’t vote at all smh. What he said is wrong but I’m still going to buy his albums and sneakers. Kanye went too far a long time ago. I could care less. Kanye’s Election Confession Has People Boycotting His Sneaker Line Oops, something went wrong! Looks like we are having a problem on the server. Please try again later. Where do you fall in all of this? Do you think Kanye has gone too far? Yes, I’m seriously offended by his comments. I just can’t believe he didn’t vote at all smh. vote votes What he said is wrong but I’m still going to buy his albums and sneakers. Kanye went too far a long time ago. ", "external_links": [], "published": "2016-11-20T06:32:00.000+02:00", "crawled": "2016-11-20T01:32:20.088+02:00", "highlightTitle": ""}