{"organizations": [], "uuid": "e37bdd8f2c6ea637b91b6153d342687705163b5f", "thread": {"social": {"gplus": {"shares": 0}, "pinterest": {"shares": 0}, "vk": {"shares": 0}, "linkedin": {"shares": 0}, "facebook": {"likes": 0, "shares": 0, "comments": 0}, "stumbledupon": {"shares": 0}}, "site_full": "medium.com", "main_image": "", "site_section": "", "section_title": "", "url": "https://medium.com/@Vriesland1989/blockchain-insurance-expert-joins-arcade-city-advisory-board-6f60402a0259", "country": "US", "domain_rank": 380, "title": "Blockchain Insurance Expert Joins Arcade City Advisory Board – Medium", "performance_score": 0, "site": "medium.com", "participants_count": 0, "title_full": "Blockchain Insurance Expert Joins Arcade City Advisory Board – Medium", "spam_score": 0.857, "site_type": "news", "published": "2016-11-20T04:26:00.000+02:00", "replies_count": 0, "uuid": "e37bdd8f2c6ea637b91b6153d342687705163b5f"}, "author": "Wendy De Vries", "url": "https://medium.com/@Vriesland1989/blockchain-insurance-expert-joins-arcade-city-advisory-board-6f60402a0259", "ord_in_thread": 0, "title": "Blockchain Insurance Expert Joins Arcade City Advisory Board – Medium", "locations": [], "entities": {"persons": [{"name": "olivier", "sentiment": "none"}, {"name": "olivier rikken", "sentiment": "none"}, {"name": "paul puey", "sentiment": "none"}, {"name": "bernd lapp", "sentiment": "none"}], "locations": [{"name": "new blockchain", "sentiment": "none"}, {"name": "blockchain", "sentiment": "none"}, {"name": "airbitz", "sentiment": "none"}, {"name": "arcade city", "sentiment": "none"}], "organizations": [{"name": "blockchain insurance expert joins arcade city advisory board", "sentiment": "negative"}, {"name": "medium blockchain insurance expert joins arcade city advisory board arcade city", "sentiment": "negative"}, {"name": "advisory board", "sentiment": "none"}, {"name": "blockchain insurance", "sentiment": "none"}, {"name": "arcade city advisory board", "sentiment": "none"}, {"name": "arcade city", "sentiment": "none"}]}, "highlightText": "", "language": "english", "persons": [], "text": "Blockchain Insurance Expert Joins Arcade City Advisory Board Arcade City announces new Advisory Board member Olivier Rikken, joining as Blockchain Insurance expert. Arcade City the Blockchain technology based ridesharing project today announces that Olivier Rikken will join their Advisory Board. Olivier Rikken is an expert in creating new insurance concepts using Blockchain technology. He is the author of a peer to peer insurance concept called New Blockchain enabled business model insurance branch . Olivier Rikken, Blockchain Insurance expert Besides his proficiency in Blockchain related insurance processes he has been working for many years in the finance sector, government sector, logistics sector, consumer goods manufacturing/production industry and healthcare industry. In these industries Olivier obtained various experiences, mainly in business process (re-)engineering, project management, (interim) management, consultancy and design, development and implementation of IT applications. „I am glad we found a Blockchain expert on insurance related topics for Arcade City, as this topic is something we want to tackle down the road for sure.“ Said Bernd Lapp, Mayor of Arcade City. „Combining our true peer to peer ridesharing with a peer to peer insurance. This will not be more cost efficient, but really will enable any Arcade City driver to run his own business, without any central interference.“ The Arcade City Advisory Board already has Paul Puey from Airbitz supporting the Council on various Blockchain specific topics. The Advisory Board will influence Arcade City’s product vision and actively support the development of one of the first consumer faced Blockchain products in the market. About Arcade City Arcade City is a decentralized peer-to-peer service provider. Initial service offerings focus on the ridesharing industry, with plans in motion for peer-to-peer deliveries and short-term home rentals. Arcade City aims to reinvent the sharing economy by combining the power of blockchain technology, open-source development and a decentralized ‘swarm’ organizational model open to all. Visit Arcade.City for more info. Media Contact ", "external_links": [], "published": "2016-11-20T04:26:00.000+02:00", "crawled": "2016-11-19T23:42:30.161+02:00", "highlightTitle": ""}