{"organizations": [], "uuid": "7e643839b679eaecd33cd9828cec9d5574c53cc1", "thread": {"social": {"gplus": {"shares": 0}, "pinterest": {"shares": 0}, "vk": {"shares": 0}, "linkedin": {"shares": 0}, "facebook": {"likes": 34, "shares": 34, "comments": 0}, "stumbledupon": {"shares": 0}}, "site_full": "video.foxnews.com", "main_image": "http://a57.foxnews.com/media2.foxnews.com/BrightCove/694940094001/2016/11/23/640/360/694940094001_5222834062001_Rep--Ellison-accused-of-avoiding-questions-about-his-past.jpg", "site_section": "http://feeds.foxnews.com/foxnews/video", "section_title": "Latest News", "url": "http://video.foxnews.com/v/5222819926001/", "country": "US", "domain_rank": 185, "title": "Rep. Ellison accused of avoiding questions about his past", "performance_score": 0, "site": "foxnews.com", "participants_count": 1, "title_full": "Rep. Ellison accused of avoiding questions about his past | On Air Videos | Fox News", "spam_score": 0.0, "site_type": "news", "published": "2016-11-23T02:00:00.000+02:00", "replies_count": 0, "uuid": "7e643839b679eaecd33cd9828cec9d5574c53cc1"}, "author": "foxnews.com", "url": "http://video.foxnews.com/v/5222819926001/", "ord_in_thread": 0, "title": "Rep. Ellison accused of avoiding questions about his past", "locations": [], "entities": {"persons": [{"name": "ellison", "sentiment": "negative"}], "locations": [], "organizations": [{"name": "dnc", "sentiment": "none"}, {"name": "new york times", "sentiment": "none"}]}, "highlightText": "", "language": "english", "persons": [], "text": "Rep. Ellison accused of avoiding questions about his past Nov. 23, 2016 - 5:07 - Reaction on 'The Kelly File' after representative running for DNC chair pulls out of New York Times interview\npowered by", "external_links": [], "published": "2016-11-23T02:00:00.000+02:00", "crawled": "2016-11-24T06:17:32.095+02:00", "highlightTitle": ""}