{"organizations": [], "uuid": "581d6f6b4ddfddba14f0799e0822a93c5884660c", "thread": {"social": {"gplus": {"shares": 0}, "pinterest": {"shares": 0}, "vk": {"shares": 0}, "linkedin": {"shares": 0}, "facebook": {"likes": 0, "shares": 0, "comments": 0}, "stumbledupon": {"shares": 0}}, "site_full": "www.legacy.com", "main_image": "http://ak-cache.legacy.net/legacy/images/cobrands/buffalonews/photos/image-168863_232403.jpgx?w=200&amp;h=200&amp;option=1&amp;fc=fff", "site_section": "http://www.legacy.com/obituaries/buffalonews/services/rss.ashx#", "section_title": "Buffalo News Obituaries", "url": "http://www.legacy.com/obituaries/buffalonews/obituary.aspx?n=carmen-bifulco&pid=182630001&fhid=5065", "country": "US", "domain_rank": 922, "title": "BIFULCO, Carmen", "performance_score": 0, "site": "legacy.com", "participants_count": 0, "title_full": "BIFULCO, Carmen", "spam_score": 0.0, "site_type": "news", "published": "2016-11-20T12:00:00.000+02:00", "replies_count": 0, "uuid": "581d6f6b4ddfddba14f0799e0822a93c5884660c"}, "author": "", "url": "http://www.legacy.com/obituaries/buffalonews/obituary.aspx?n=carmen-bifulco&pid=182630001&fhid=5065", "ord_in_thread": 0, "title": "BIFULCO, Carmen", "locations": [], "entities": {"persons": [{"name": "carmen view sign bifulco", "sentiment": "negative"}, {"name": "bifulco", "sentiment": "negative"}, {"name": "katherine) bifulco", "sentiment": "none"}, {"name": "phillip", "sentiment": "none"}, {"name": "nee byrnes", "sentiment": "none"}, {"name": "mary", "sentiment": "none"}, {"name": "josephine", "sentiment": "none"}, {"name": "mary agnes", "sentiment": "none"}, {"name": "john", "sentiment": "none"}, {"name": "richard", "sentiment": "none"}, {"name": "patricia lonergan", "sentiment": "none"}, {"name": "joseph) zicarelli", "sentiment": "none"}, {"name": "lena cirino", "sentiment": "none"}, {"name": "lucy hensel", "sentiment": "none"}, {"name": "toni marie marotta", "sentiment": "none"}, {"name": "cindy) bifulco", "sentiment": "none"}, {"name": "samuel", "sentiment": "none"}, {"name": "frank) marotta", "sentiment": "none"}, {"name": "nick", "sentiment": "none"}, {"name": "david", "sentiment": "none"}, {"name": "carmela", "sentiment": "none"}, {"name": "lombardo", "sentiment": "none"}, {"name": "mary bifulco", "sentiment": "none"}, {"name": "leo", "sentiment": "none"}, {"name": "teresa", "sentiment": "none"}, {"name": "sharon", "sentiment": "none"}, {"name": "james carmen lonergan", "sentiment": "none"}, {"name": "daniel roberts", "sentiment": "none"}, {"name": "susan", "sentiment": "none"}, {"name": "neil", "sentiment": "none"}], "locations": [{"name": "florence", "sentiment": "none"}, {"name": "abbott rd.", "sentiment": "none"}, {"name": "lake ave.", "sentiment": "none"}], "organizations": [{"name": "carmen of south buffalo", "sentiment": "negative"}, {"name": "interment holy cross cemetery", "sentiment": "none"}, {"name": "bifulco", "sentiment": "none"}]}, "highlightText": "", "language": "english", "persons": [], "text": "View Sign BIFULCO - Carmen Of South Buffalo, entered into rest November 19, 2016, beloved husband of the late Mary Agnes (nee Byrnes) Bifulco; devoted father of Mary (Frank) Marotta, Patricia Lonergan and Carmela (David) Botticello; cherished grandfather of James Carmen Lonergan and Toni Marie Marotta (Daniel Roberts); loving son of the late John and Mary Bifulco; dear brother of Lena Cirino, Neil (Sharon) Bifulco, Samuel (Cindy) Bifulco and the late Frank (late Katherine) Bifulco, Teresa (late Nick) Leo, Josephine (late Joseph) Zicarelli, Phillip (late Florence) Bifulco, Lucy Hensel and Susan (Richard) Young; also survived by many nieces, nephews, relatives and friends. Relatives and friends may visit the LOMBARDO FUNERAL HOME (Southtowns Chapel), 3060 Abbott Rd. near Lake Ave. on Monday from 6-8 PM and Tuesday from 3-8 PM, where prayers will be said Wednesday morning at 10:30 O'Clock and a Mass of Christian Burial will be celebrated in Our Lady of Charity Parish (Holy Family Worship Site) at 11:30 O'Clock. Interment Holy Cross Cemetery. Online condolences may be made at www.lombardofuneralhome.com Funeral Home Lombardo Funeral Home - Southtowns Chapel 3060 Abbot Road", "external_links": [], "published": "2016-11-20T12:00:00.000+02:00", "crawled": "2016-11-20T08:26:46.492+02:00", "highlightTitle": ""}