{"organizations": [], "uuid": "3fead2c60daac7b603c05064b897a23552fc706b", "thread": {"social": {"gplus": {"shares": 0}, "pinterest": {"shares": 0}, "vk": {"shares": 0}, "linkedin": {"shares": 0}, "facebook": {"likes": 0, "shares": 0, "comments": 0}, "stumbledupon": {"shares": 0}}, "site_full": "archive.org", "main_image": "https://archive.org/services/img/TakeALickingKeepOnTicking", "site_section": "http://archive.org/services/collection-rss.php", "section_title": "Internet Archive", "url": "https://archive.org/details/TakeALickingKeepOnTicking", "country": "US", "domain_rank": 285, "title": "Take A Licking Keep On Ticking", "performance_score": 0, "site": "archive.org", "participants_count": 0, "title_full": "Take A Licking Keep On Ticking", "spam_score": 0.0, "site_type": "news", "published": "2016-11-21T00:01:00.000+02:00", "replies_count": 0, "uuid": "3fead2c60daac7b603c05064b897a23552fc706b"}, "author": "", "url": "https://archive.org/details/TakeALickingKeepOnTicking", "ord_in_thread": 0, "title": "Take A Licking Keep On Ticking", "locations": [], "entities": {"persons": [{"name": "stephen", "sentiment": "none"}, {"name": "steve durbin", "sentiment": "none"}, {"name": "steve", "sentiment": "none"}, {"name": "coree", "sentiment": "none"}, {"name": "coree woltering", "sentiment": "none"}, {"name": "andy", "sentiment": "none"}, {"name": "durbin", "sentiment": "none"}], "locations": [{"name": "tunnel hill", "sentiment": "none"}], "organizations": [{"name": "sword energy drink", "sentiment": "none"}]}, "highlightText": "", "language": "english", "persons": [], "text": "Take A Licking Keep On Ticking Audio Preview Share or Embed this Item EMBED <iframe src=\"https://archive.org/embed/TakeALickingKeepOnTicking\" width=\"560\" height=\"384\" frameborder=\"0\" webkitallowfullscreen=\"true\" mozallowfullscreen=\"true\" allowfullscreen></iframe> EMBED (for wordpress.com hosted blogs) [archiveorg TakeALickingKeepOnTicking width=560 height=384 frameborder=0 webkitallowfullscreen=true mozallowfullscreen=true] Topics running , podcast Legendary ultra runner,race director and overall bad ass Mr. Steve Durbin joins Stephen on the show. Durbin Race Management puts on some of the most unique and challenging races to be had. From the “Baby Barkley” 50K that gives you a taste of the Barkley Marathons to the super fast Tunnel Hill 50/100 and many other amazing running adventures. We dive into what got Steve into this crazy addiction we all love and how he hasn’t let back surgery stop him from enjoying the lifestyle. Stephen admits he asked Mr. Durbin on the show for selfish reasons as he plans on making the Tunnel Hill 50/100 his first 100 miler in 2017 and was looking for some tips and history of the race. We find out about several records that have been set at The Tunnel Hill including Coree Woltering’s blazing fast 50 mile record this year. You can hear about Coree’s exciting run over at The Negative Splits Podcast EP19 . Mr. Durbin shares some valuable tips on running long distance such as fueling correctly, he recommends real food and Sword Energy Drink to keep the stomach in check. Most importantly though is your mental state, do you want to hurt for a little bit and achieve something amazing or quit and regret it for life? I cannot overstate how much I enjoyed talking with Mr. Durbin and hopefully will be having him back on with another very special guest in the near future for a good old fashioned running B.S. session. Andy will return on the next episode of The Heartland Running Podcast. I need to speak to him about priorities though. He seem to think taking care of his business Cloud’s Meats was more important than podcasting. (some people right?) A special thank you goes out to The Ozark mountain Daredevils for allowing us to use their music on the show. Durbin Race Management:", "external_links": [], "published": "2016-11-21T00:01:00.000+02:00", "crawled": "2016-11-20T19:16:49.160+02:00", "highlightTitle": ""}