{"organizations": [], "uuid": "b4f65206060db5df1012e3ddc5ed5dd44b6dfa07", "thread": {"social": {"gplus": {"shares": 0}, "pinterest": {"shares": 0}, "vk": {"shares": 0}, "linkedin": {"shares": 0}, "facebook": {"likes": 0, "shares": 0, "comments": 0}, "stumbledupon": {"shares": 0}}, "site_full": "www.sfgate.com", "main_image": "http://www.sfgate.com/img/pages/article/opengraph_default.png", "site_section": "", "section_title": "", "url": "http://www.sfgate.com/news/article/O-Guinn-named-to-Arkansas-Public-Service-10628094.php", "country": "US", "domain_rank": 943, "title": "O'Guinn named to Arkansas Public Service Commission post - SFGate", "performance_score": 0, "site": "sfgate.com", "participants_count": 0, "title_full": "O'Guinn named to Arkansas Public Service Commission post - SFGate", "spam_score": 0.147, "site_type": "news", "published": "2016-11-21T17:08:00.000+02:00", "replies_count": 0, "uuid": "b4f65206060db5df1012e3ddc5ed5dd44b6dfa07"}, "author": "", "url": "http://www.sfgate.com/news/article/O-Guinn-named-to-Arkansas-Public-Service-10628094.php", "ord_in_thread": 0, "title": "O'Guinn named to Arkansas Public Service Commission post - SFGate", "locations": [], "entities": {"persons": [{"name": "o'guinn", "sentiment": "negative"}, {"name": "hutchinson", "sentiment": "none"}, {"name": "kimberly lindsey o'guinn", "sentiment": "none"}, {"name": "asa hutchinson", "sentiment": "none"}, {"name": "lamar davis", "sentiment": "none"}], "locations": [{"name": "little rock", "sentiment": "none"}, {"name": "ark.", "sentiment": "none"}, {"name": "sfgate", "sentiment": "none"}, {"name": "little rock", "sentiment": "none"}, {"name": "bay area", "sentiment": "none"}], "organizations": [{"name": "arkansas public service commission", "sentiment": "negative"}, {"name": "adeq", "sentiment": "none"}, {"name": "arkansas department of environmental quality", "sentiment": "none"}, {"name": "oklahoma department of environmental quality", "sentiment": "none"}, {"name": "ap", "sentiment": "none"}]}, "highlightText": "", "language": "english", "persons": [], "text": "O'Guinn named to Arkansas Public Service Commission post Published 10:10 am, Monday, November 21, 2016 LITTLE ROCK, Ark. (AP) — A 16-year veteran of the Arkansas Department of Environmental Quality has been named to the panel that regulates utilities in the state. Gov. Asa Hutchinson on Monday appointed Kimberly Lindsey O'Guinn to a six-year term on the Arkansas Public Service Commission , replacing outgoing Commissioner Lamar Davis . O'Guinn is Hutchinson's second appointment to the three-member commission since taking office last year. O'Guinn is a Little Rock native who has served at ADEQ as an environmental engineer and recently as communications director. Hutchinson praised her background and regulatory experience for the post. She is also a former environmental engineer at the Oklahoma Department of Environmental Quality . Latest from the SFGATE homepage: Click below for the top news from around the Bay Area and beyond. Sign up for our newsletters to be the first to learn about breaking news and more. Go to 'Sign In' and 'Manage Profile' at the top of the page. BREAKING NEWS ", "external_links": [], "published": "2016-11-21T17:08:00.000+02:00", "crawled": "2016-11-22T01:07:43.796+02:00", "highlightTitle": ""}