{"organizations": [], "uuid": "392f36bed953dc8cdbbcc5c8c1a70237ae9ae8fd", "thread": {"social": {"gplus": {"shares": 0}, "pinterest": {"shares": 0}, "vk": {"shares": 0}, "linkedin": {"shares": 0}, "facebook": {"likes": 0, "shares": 0, "comments": 0}, "stumbledupon": {"shares": 0}}, "site_full": "www.yahoo.com", "main_image": "https://s.yimg.com/uu/api/res/1.2/6KkMaChg7AUidr5h.KleMg--/aD0zNjY7dz02MzA7c209MTthcHBpZD15dGFjaHlvbg--/http://media.zenfs.com/en-US/homerun/theatlanticwire.com/2a0f49b90bc744c2a29faaa4136365db", "site_section": "https://www.yahoo.com/news/", "section_title": "Yahoo News - Latest News &amp; Headlines", "url": "https://www.yahoo.com/news/vote-broke-historical-perspective-175452323.html", "country": "US", "domain_rank": 5, "title": "How the Vote Broke, in Historical Perspective", "performance_score": 0, "site": "yahoo.com", "participants_count": 0, "title_full": "How the Vote Broke, in Historical Perspective", "spam_score": 0.0, "site_type": "news", "published": "2016-11-23T02:00:00.000+02:00", "replies_count": 0, "uuid": "392f36bed953dc8cdbbcc5c8c1a70237ae9ae8fd"}, "author": "", "url": "https://www.yahoo.com/news/vote-broke-historical-perspective-175452323.html", "ord_in_thread": 0, "title": "How the Vote Broke, in Historical Perspective", "locations": [], "entities": {"persons": [{"name": "clinton", "sentiment": "none"}, {"name": "hillary clinton", "sentiment": "none"}, {"name": "andrew mcgill", "sentiment": "none"}, {"name": "trump", "sentiment": "none"}, {"name": "donald trump", "sentiment": "none"}, {"name": "henry kissinger", "sentiment": "none"}, {"name": "jfk", "sentiment": "none"}, {"name": "carter", "sentiment": "none"}, {"name": "jeff sessions", "sentiment": "none"}], "locations": [{"name": "atlantic", "sentiment": "none"}, {"name": "la county", "sentiment": "none"}, {"name": "california", "sentiment": "none"}, {"name": "oregon", "sentiment": "none"}, {"name": "washington", "sentiment": "none"}, {"name": "san diego county", "sentiment": "none"}, {"name": "colorado", "sentiment": "none"}], "organizations": [{"name": "stop men like trump", "sentiment": "none"}, {"name": "james knox polk", "sentiment": "none"}]}, "highlightText": "", "language": "english", "persons": [], "text": "From the inbox, an engineer who is directly involved in the technology for tabulating votes in a number of states sends this report on the historically unusual gap between Hillary Clinton’s popular-vote lead and Donald Trump’s electoral college margin. (Andrew McGill has been covering this issue for us since the election.) The engineer wrote over the weekend with this summary:\nIt looks as if Hillary Clinton will top the popular-vote margin in percentage points of President Carter in 1976, also JFK in 1960, three elections in the 1880s and James Knox Polk in 1844. And I should include the 2000 election as well.\nThat is, he said, a total of seven people will have taken the presidency with a winning margin that is smaller, as a proportion of the popular vote, than Hillary Clinton will probably end up having over Donald Trump, in defeat.\nRecommended: 'Hail Trump!': Video of White Nationalists Cheering the President-Elect\nNow, the background, in a note from this same reader a few days earlier:\nI work in the election industry—on the counting side, not the political side. When I went to sleep on election night, Trump’s lead was a million votes and climbing. This was not my preferred outcome, but I accepted the selection of the people—only it wasn’t, as it turns out.\nMy calculation today gives Clinton a 2.5 million vote margin when everything is counted. (Vote-by-mail states count slowly—more paper handling for mail-ins. California has three million uncounted ballots, one million in LA County (3 to 1 for Clinton) and another half-million in San Diego County (3 to 2 for Clinton).) She may also pick up more votes in other vote-by-mail states out west—think Oregon, Washington, Colorado.\nRead more from The Atlantic :\nThe Electoral College Was Meant to Stop Men Like Trump From Being President The Unmistakable Signal Sent by Picking Jeff Sessions for Attorney General The Lessons of Henry Kissinger This article was originally published on The Atlantic .", "external_links": ["http://www.theatlantic.com/politics/archive/2016/11/the-electoral-college-was-meant-to-stop-men-like-trump-from-being-president/508310/?utm_source=yahoo", "http://www.theatlantic.com/politics/archive/2016/11/the-signal-sent-by-picking-jeff-sessions-for-attorney-general/508301/?utm_source=yahoo", "https://www.theatlantic.com/politics/archive/2016/11/clintons-popular-vote-lead-will-grow-and-grow/507455/", "http://www.theatlantic.com/notes/2016/11/how-the-vote-broke-in-historical-perspective/508352/?utm_source=yahoo", "http://www.theatlantic.com/magazine/archive/2016/12/the-lessons-of-henry-kissinger/505868/?utm_source=yahoo", "http://www.theatlantic.com/politics/archive/2016/11/richard-spencer-speech-npi/508379/?utm_source=yahoo"], "published": "2016-11-23T02:00:00.000+02:00", "crawled": "2016-11-23T00:23:54.544+02:00", "highlightTitle": ""}