{"organizations": [], "uuid": "f885bb57f5da2ed9db9fe321f93567f4bff861d9", "thread": {"social": {"gplus": {"shares": 0}, "pinterest": {"shares": 0}, "vk": {"shares": 0}, "linkedin": {"shares": 0}, "facebook": {"likes": 0, "shares": 0, "comments": 0}, "stumbledupon": {"shares": 0}}, "site_full": "www.wikihow.com", "main_image": "", "site_section": "http://www.wikihow.com/index.php?title=Special:RecentChanges&feed=atom", "section_title": "wikiHow  - Recent Changes [en]", "url": "http://www.wikihow.com/Special:MobileDiff/19346017...21372825", "country": "US", "domain_rank": 240, "title": "Embarrass Your Parents on Halloween", "performance_score": 0, "site": "wikihow.com", "participants_count": 1, "title_full": "Embarrass Your Parents on Halloween", "spam_score": 0.0, "site_type": "news", "published": "2016-11-21T03:50:00.000+02:00", "replies_count": 0, "uuid": "f885bb57f5da2ed9db9fe321f93567f4bff861d9"}, "author": "24.4.203.204", "url": "http://www.wikihow.com/Special:MobileDiff/19346017...21372825", "ord_in_thread": 0, "title": "Embarrass Your Parents on Halloween", "locations": [], "entities": {"persons": [{"name": "santa claus", "sentiment": "none"}], "locations": [{"name": "santa", "sentiment": "none"}], "organizations": [{"name": "easter bunny", "sentiment": "none"}]}, "highlightText": "", "language": "english", "persons": [], "text": "14 bytes added , 18 minutes ago /* Steps */ == Steps == #Dress up as something which isn't scary or even relevant to Halloween. Such as: Santa Claus, a fairy, the Easter Bunny, etc. Halloween outfits don't have to be scary so be aware that wearing a fairy costume or dressing as Santa is more likely to humiliate you than embarrass your mother or father. If you want to use a costume to embarrass your parents, try being inappropriate. Dress up as a Nazi, wear drag, wear a F*** the Pope Tee-shirt, wear a nappy if you are 13 and don't need one, black up and be an old fashioned black and white minstrel, if you've been well brought up dress as a chav, hick, red-neck, hillbilly or any other type of person your parents disapprove of.[[Image:Embarrass Your Parents on Halloween Step 1.jpg|center]] #If you are a girl, dress as revealing as possible, but don't go over the top. Fishnet tights, a short skirt, low cut top, high heels , bare bellies and caked on makeup are all fairly likely to embarrass mum or dad. If you are a boy dress up really recklessly. Wear an inverted cross, try pants with a crotch around your knees, two or three really big, thick gold chains, or gold looking. Carry a can of spray paint to look like a tagger, find a fake gun if you are feeling very reckless or fill a few tiny plastic bags such as those that spare shirt buttons are usually in with flour and carry those.[[Image:Embarrass Your Parents on Halloween Step 2.jpg|center]] #Imitate your parents. It's hilarious when at the door they ask, \"and what are you dressed up as?\" and you're wearing an ugly mask and say \" my mom/dad \". Go through your parents wardrobe and find something to wear that you think your mother or father wouldn't want your neighbourhood to know they own. Has dad got a really naff 80s suit? Does mum have a terrible seventies jump suit? Get them on and go out trick or treating! Have a dig right to the back of the closet, you may locate mum's dominatrix outfit or dad's adult baby gear. Airing those sort of outfits in public is sure to embarrass your parents.[[Image:Embarrass Your Parents on Halloween Step 3.jpg|center]] #Say inappropriate things for the occasion of Halloween and make completely unrelated comments. For example, instead of saying \"Happy Halloween!\" say \"Happy Birthday!\" or \"Merry Christmas!\" Again, this is more likely to humiliate you than embarrass your parents. Try being more subtle. Say, 'I hope this year dad doesn't find my costume such a turn-on. I'm tired', or, 'Thanks to all this candy, I'll be able to get rid of the funny taste in my mouth tonight'.[[Image:Embarrass Your Parents on Halloween Step 4.jpg|center]] Anonymous user", "external_links": [], "published": "2016-11-21T03:50:00.000+02:00", "crawled": "2016-11-20T23:09:08.491+02:00", "highlightTitle": ""}