{"organizations": [], "uuid": "19803becde1bbbd85a8c033ec9d571055bb9ebdb", "thread": {"social": {"gplus": {"shares": 3}, "pinterest": {"shares": 9}, "vk": {"shares": 0}, "linkedin": {"shares": 0}, "facebook": {"likes": 63, "shares": 63, "comments": 0}, "stumbledupon": {"shares": 0}}, "site_full": "spanish.about.com", "main_image": "http://f.tqn.com/y/spanish/1/S/r/U/chairs-in-kitchen.jpg", "site_section": "http://z.about.com/6/o/m/spanish_p2.xml", "section_title": "About.com Spanish Language: Most Popular Articles", "url": "http://spanish.about.com/od/usingparticularverbs/a/haber_intro.htm", "country": "US", "domain_rank": 238, "title": "3 Ways of Using the Spanish Verb \"Haber\"", "performance_score": 0, "site": "about.com", "participants_count": 0, "title_full": "3 Ways of Using the Spanish Verb \"Haber\"", "spam_score": 0.0, "site_type": "news", "published": "2016-11-20T18:43:00.000+02:00", "replies_count": 0, "uuid": "19803becde1bbbd85a8c033ec9d571055bb9ebdb"}, "author": "", "url": "http://spanish.about.com/od/usingparticularverbs/a/haber_intro.htm", "ord_in_thread": 0, "title": "3 Ways of Using the Spanish Verb \"Haber\"", "locations": [], "entities": {"persons": [{"name": "haber", "sentiment": "negative"}], "locations": [], "organizations": []}, "highlightText": "", "language": "english", "persons": [], "text": "One of the most common verbs in Spanish is haber . Haber has three main uses: Haber as an Auxiliary Verb in Compound Tenses \nWhen used in this way, haber is the equivalent of the English auxiliary verb \"to have\" (which is much different than the English \"to have\" when it means \"to possess\"). Haber is used in a variety of tenses to form what are known as the perfect tenses because they refer to actions that have been or will be completed. As in English, the perfect tenses are formed by following a form of haber (it is conjugated irregularly) with a past participle . Examples: He comprado un coche. (I have bought a car.) ¿ Has estudiado? ( Have you studied?) Han salido. (They have left.) Habrá salido. (She will have left.) Habría hablado. (I would have spoken.) \nIn English, it is very common to insert an adverb or other word between the two parts of a compound verb, such as in the sentence \"he has always gone.\" But in Spanish (except perhaps in poetry), the two verb parts aren't separated. \ncontinue reading below our video Learn Spanish: How to Conjugate Haber in Present Tense \nAs a beginner, you don't need to learn all the tenses using haber now, but you should be able to recognize haber when it is used. You should also be aware that while the perfect tenses in Spanish and English are quite similar in form and usage, they aren't always used in exactly the same way. Haber for 'There Is\" or 'There Are' \nOne peculiarity of haber is that it has a unique conjugated form, hay (pronounced basically the same as the English \"eye\") that means \"there is\" or \"there are.\" Examples: Hay una silla en la cocina. ( There is one chair in the kitchen.) Hay dos sillas en la cocina. ( There are two chairs in the kitchen.) \nNote that in the above examples, the English \"there\" isn't referring to location, but to mere existence. The most common word for \"there\" in terms of location is allí . Example: Hay una silla allí . There is a chair there . \nHaber can be used in this way in tenses other than the present, although not as commonly. Haber In Idioms \nHaber can be used in a number of idioms , which are phrases that have a meaning apart from the meanings of the words in them. The one you'll run into most often as a beginner is haber que , which means \"to be necessary\" when followed by an infinitive. When used this way in the present tense, the hay form of haber is used. Examples: Hay que saltar. (It is necessary to jump.) Hay que conocerlo para comprenderlo. ( It is necessary to know him in order to understand him.) Habrá que salir a las dos. ( It will be necessary to leave at 2 o'clock.) Conjugating Haber \nAs is the case with most other common verbs, haber is conjugated irregularly. Following is the conjugation for its present tense. yo (I)", "external_links": [], "published": "2016-11-20T18:43:00.000+02:00", "crawled": "2016-11-20T14:34:33.568+02:00", "highlightTitle": ""}