{"organizations": [], "uuid": "42fcb33463b9dcd5590f0f5b66b3dfca8aaeb613", "thread": {"social": {"gplus": {"shares": 0}, "pinterest": {"shares": 0}, "vk": {"shares": 0}, "linkedin": {"shares": 0}, "facebook": {"likes": 0, "shares": 0, "comments": 0}, "stumbledupon": {"shares": 0}}, "site_full": "de.finance.yahoo.com", "main_image": "https://s.yimg.com/bt/api/res/1.2/Sn8sBO7KLnDeQJ6_3hTafg--/YXBwaWQ9eW5ld3NfbGVnbztxPTc1O3c9NjAw/http://globalfinance.zenfs.com/en_us/Finance/US_AFTP_SILICONALLEY_H_LIVE/Is_the_MacBook_Pro_good-b85db405ae667644684079b06d27fc87.cf.png", "site_section": "https://de.finance.yahoo.com/nachrichten/branche-versicherung/?format=rss", "section_title": "Versicherung Nachrichten und Informationen bei Yahoo! Finanzen", "url": "https://de.finance.yahoo.com/nachrichten/macbook-pro-good-enough-real-200158630.html", "country": "US", "domain_rank": 5, "title": "Is the MacBook Pro good enough for real professionals?", "performance_score": 0, "site": "yahoo.com", "participants_count": 1, "title_full": "Is the MacBook Pro good enough for real professionals? - Yahoo Finanzen Deutschland", "spam_score": 0.0, "site_type": "news", "published": "2016-11-21T02:00:00.000+02:00", "replies_count": 0, "uuid": "42fcb33463b9dcd5590f0f5b66b3dfca8aaeb613"}, "author": "Steve Kovach and Justin Gmoser", "url": "https://de.finance.yahoo.com/nachrichten/macbook-pro-good-enough-real-200158630.html", "ord_in_thread": 0, "title": "Is the MacBook Pro good enough for real professionals?", "locations": [], "entities": {"persons": [], "locations": [], "organizations": []}, "highlightText": "", "language": "english", "persons": [], "text": "AKTUELLER KURS Symbol Kurs Veränderung AAPL 111,75 +1,69", "external_links": [], "published": "2016-11-21T02:00:00.000+02:00", "crawled": "2016-11-21T23:15:52.577+02:00", "highlightTitle": ""}