{"organizations": [], "uuid": "0c9b5c5785e9b1d549c5813c7cccd53595efd89f", "thread": {"social": {"gplus": {"shares": 0}, "pinterest": {"shares": 0}, "vk": {"shares": 0}, "linkedin": {"shares": 0}, "facebook": {"likes": 0, "shares": 0, "comments": 0}, "stumbledupon": {"shares": 0}}, "site_full": "nation.foxnews.com", "main_image": "http://nation.foxnews.com/sites/nation.foxnews.com/files/styles/story_624_300/public/trumpuniversity-ap_1.jpg", "site_section": "http://feeds.feedburner.com/foxnews/affiliates/kpth?format=xml", "section_title": "FOX News", "url": "http://nation.foxnews.com/2016/11/20/trump-agrees-settle-trump-university-fraud-case-25m", "country": "US", "domain_rank": 185, "title": "Trump Agrees To Settle Trump University Fraud Case For $25M - Nation", "performance_score": 0, "site": "foxnews.com", "participants_count": 1, "title_full": "Trump Agrees To Settle Trump University Fraud Case For $25M - Fox Nation", "spam_score": 0.0, "site_type": "news", "published": "2016-11-20T02:00:00.000+02:00", "replies_count": 0, "uuid": "0c9b5c5785e9b1d549c5813c7cccd53595efd89f"}, "author": "Fox News", "url": "http://nation.foxnews.com/2016/11/20/trump-agrees-settle-trump-university-fraud-case-25m", "ord_in_thread": 0, "title": "Trump Agrees To Settle Trump University Fraud Case For $25M - Nation", "locations": [], "entities": {"persons": [{"name": "natalie", "sentiment": "negative"}, {"name": "julia marsh", "sentiment": "negative"}, {"name": "trump", "sentiment": "negative"}, {"name": "hillary clinton", "sentiment": "none"}, {"name": "donald trump", "sentiment": "none"}, {"name": "laura italiano", "sentiment": "none"}, {"name": "musumeci", "sentiment": "none"}], "locations": [{"name": "bronx", "sentiment": "none"}], "organizations": [{"name": "twitter", "sentiment": "negative"}, {"name": "facebook", "sentiment": "negative"}, {"name": "settle trump university fraud case", "sentiment": "negative"}, {"name": "trump university", "sentiment": "none"}]}, "highlightText": "", "language": "english", "persons": [], "text": "Published November 20, 2016 Facebook 0 Twitter 0 livefyre 0 Email Print AP \nBy Julia Marsh, Natalie Musumeci and Laura Italiano, NY Post \nEven some Trump University plaintiffs who voted for Hillary Clinton are now thrilled by the election results — thanks to Donald Trump’s Pre-President’s Day sale on legal settlements.\nEager to clear the docket before his inauguration, the president-elect has agreed to pay $25 million to be split among the 6,000 litigants who called his university a fraud.\n“That’s great!” one plaintiff in The Bronx said of Friday’s news.\n \nread more at nypost.com→", "external_links": [], "published": "2016-11-20T02:00:00.000+02:00", "crawled": "2016-11-20T20:28:13.448+02:00", "highlightTitle": ""}