{"organizations": [], "uuid": "33218c3a22c52a1d244e9a775be6bb588607a4a5", "thread": {"social": {"gplus": {"shares": 0}, "pinterest": {"shares": 0}, "vk": {"shares": 0}, "linkedin": {"shares": 0}, "facebook": {"likes": 0, "shares": 0, "comments": 0}, "stumbledupon": {"shares": 0}}, "site_full": "archive.org", "main_image": "", "site_section": "http://archive.org/services/collection-rss.php", "section_title": "Internet Archive", "url": "https://archive.org/details/mbid-7da05d59-7dc8-43c9-a658-5592bf90dca3", "country": "US", "domain_rank": 285, "title": "So", "performance_score": 0, "site": "archive.org", "participants_count": 0, "title_full": "So", "spam_score": 0.0, "site_type": "news", "published": "2016-11-20T19:23:00.000+02:00", "replies_count": 0, "uuid": "33218c3a22c52a1d244e9a775be6bb588607a4a5"}, "author": "", "url": "https://archive.org/details/mbid-7da05d59-7dc8-43c9-a658-5592bf90dca3", "ord_in_thread": 0, "title": "So", "locations": [], "entities": {"persons": [], "locations": [], "organizations": []}, "highlightText": "", "language": "english", "persons": [], "text": "Share or Embed this Item EMBED <iframe src=\"https://archive.org/embed/mbid-7da05d59-7dc8-43c9-a658-5592bf90dca3\" width=\"560\" height=\"384\" frameborder=\"0\" webkitallowfullscreen=\"true\" mozallowfullscreen=\"true\" allowfullscreen></iframe> EMBED (for wordpress.com hosted blogs) [archiveorg mbid-7da05d59-7dc8-43c9-a658-5592bf90dca3 width=560 height=384 frameborder=0 webkitallowfullscreen=true mozallowfullscreen=true]", "external_links": [], "published": "2016-11-20T19:23:00.000+02:00", "crawled": "2016-11-20T14:34:59.398+02:00", "highlightTitle": ""}