{"organizations": [], "uuid": "c7e212a0c3569c16f010c786e95952518c7c198f", "thread": {"social": {"gplus": {"shares": 0}, "pinterest": {"shares": 0}, "vk": {"shares": 0}, "linkedin": {"shares": 0}, "facebook": {"likes": 0, "shares": 0, "comments": 0}, "stumbledupon": {"shares": 0}}, "site_full": "archive.org", "main_image": "https://archive.org/services/img/datefm_resetters130128", "site_section": "http://archive.org//services/collection-rss.php", "section_title": "Internet Archive", "url": "https://archive.org/details/datefm_resetters130128", "country": "US", "domain_rank": 285, "title": "DateFM Resetters 130128 : 節分学", "performance_score": 0, "site": "archive.org", "participants_count": 0, "title_full": "DateFM Resetters 130128 : 節分学", "spam_score": 0.0, "site_type": "news", "published": "2016-11-21T06:20:00.000+02:00", "replies_count": 0, "uuid": "c7e212a0c3569c16f010c786e95952518c7c198f"}, "author": "", "url": "https://archive.org/details/datefm_resetters130128", "ord_in_thread": 0, "title": "DateFM Resetters 130128 : 節分学", "locations": [], "entities": {"persons": [], "locations": [], "organizations": []}, "highlightText": "", "language": "english", "persons": [], "text": "Share or Embed this Item EMBED <iframe src=\"https://archive.org/embed/datefm_resetters130128\" width=\"560\" height=\"384\" frameborder=\"0\" webkitallowfullscreen=\"true\" mozallowfullscreen=\"true\" allowfullscreen></iframe> EMBED (for wordpress.com hosted blogs) [archiveorg datefm_resetters130128 width=560 height=384 frameborder=0 webkitallowfullscreen=true mozallowfullscreen=true]", "external_links": [], "published": "2016-11-21T06:20:00.000+02:00", "crawled": "2016-11-21T01:37:19.240+02:00", "highlightTitle": ""}