{"organizations": [], "uuid": "edb0a8d7424d1b2f6d0cc9105c4c21317056051f", "thread": {"social": {"gplus": {"shares": 0}, "pinterest": {"shares": 0}, "vk": {"shares": 0}, "linkedin": {"shares": 0}, "facebook": {"likes": 0, "shares": 0, "comments": 0}, "stumbledupon": {"shares": 0}}, "site_full": "www.huffingtonpost.com", "main_image": "http://img.huffingtonpost.com/asset/2000_1000/58332e461a00000b03cc90f1.jpeg", "site_section": "http://www.huffingtonpost.com//feeds/verticals/healthy-living/index.xml", "section_title": "Healthy Living - The Huffington Post", "url": "http://www.huffingtonpost.com/entry/this-popular-kind-of-heartburn-medicine-can-increase-stroke-risk_us_58332c66e4b058ce7aac3445", "country": "US", "domain_rank": 139, "title": "This Popular Kind Of Heartburn Medicine Can Increase Stroke Risk", "performance_score": 0, "site": "huffingtonpost.com", "participants_count": 1, "title_full": "This Popular Kind Of Heartburn Medicine Can Increase Stroke Risk", "spam_score": 0.0, "site_type": "news", "published": "2016-11-22T00:30:00.000+02:00", "replies_count": 0, "uuid": "edb0a8d7424d1b2f6d0cc9105c4c21317056051f"}, "author": "Anna Almendrala", "url": "http://www.huffingtonpost.com/entry/this-popular-kind-of-heartburn-medicine-can-increase-stroke-risk_us_58332c66e4b058ce7aac3445", "ord_in_thread": 0, "title": "This Popular Kind Of Heartburn Medicine Can Increase Stroke Risk", "locations": [], "entities": {"persons": [{"name": "sehested", "sentiment": "none"}, {"name": "petr kazilek", "sentiment": "none"}, {"name": "sara g. miller", "sentiment": "none"}, {"name": "thomas sehested", "sentiment": "none"}], "locations": [{"name": "copenhagen", "sentiment": "none"}, {"name": "denmark", "sentiment": "none"}], "organizations": [{"name": "danish heart foundation", "sentiment": "none"}, {"name": "ppi", "sentiment": "none"}, {"name": "pepcid", "sentiment": "none"}, {"name": "heart association", "sentiment": "none"}, {"name": "american stroke association", "sentiment": "none"}]}, "highlightText": "", "language": "english", "persons": [], "text": "This Popular Kind Of Heartburn Medicine Can Increase Stroke Risk People who took these drugs had a 21 percent increased risk of stroke compared to nonusers. 11/21/2016 12:30 pm ET Sara G. Miller LiveScience.com Petr Kazilek via Getty Images \nA popular type of heartburn medicine may raise a person’s risk for a common type of stroke, a new study from Denmark finds. \nPeople in the study who took proton pump inhibitors (PPI) faced an increased risk of ischemic stroke , compared with people who did not take these medicines, according to the study, presented today (Nov. 15) at the American Heart Association’s annual meeting, called the Scientific Sessions. \nIschemic strokes are the most common type of stroke, according to the American Stroke Association. They occur when a blood clot blocks the flow of blood to the brain, preventing a region of the brain from receiving oxygen and nutrients. [ Strange Stroke Stories: Ebola, Hickeys and Other Weird Causes ] \nIn the study, the researchers examined data collected between 1997 and 2012 on more than 244,000 Danish adults who had never had a stroke. The average follow-up time was six years, the researchers said. \nNearly 9,500 people in the study had a stroke during the follow-up period, the researchers found. Overall, the people who took PPIs faced a 21 percent increase in risk of ischemic stroke, compared with nonusers. \nHowever, the dose of the medicine mattered, the researchers also found. \nAt the lowest doses, the increase in stroke risk was only slight, or there was no increase at all, depending on the specific drug, according to the study. \nAt the highest doses, however, the risk of ischemic stroke was much greater. For example, people who took a daily dose of more than 80 milligrams of a PPI called pantoprazole, which goes by the brand name Protonix, faced a 94 percent increase — in other words, a near doubling — in stroke risk, compared with people who not take a PPI, the researchers found. And those who took more than 40 mg a day of the PPI omeprazole (Prilosec) were associated with a 40 percent increased risk of stroke . \nThis is not the first study to suggest that PPIs should be used with caution , the authors said. \n“PPIs have been associated with unhealthy [blood vessel] function, including heart attacks , kidney disease and dementia,” Dr. Thomas Sehested, a researcher at the Danish Heart Foundation in Copenhagen, and the lead author of the study, said in a statement. \n“At one time, PPIs were thought to be safe, without major side effects. This study further questions the cardiovascular safety of these drugs,” Sehested said. \nAlthough the study found an association between PPIs and stroke risk , it does not prove cause and effect. More studies are needed, and doctors should consider if and for how long patients should take these drugs, the researchers said. [ 7 Bizarre Drug Side Effects ] \nPPIs are not the only medicines available to treat heartburn. The researchers noted that another type of heartburn medication , called a histamine H2 antagonist, was found to have no association with stroke risk in the study. Histamine H2 antagonists include famotidine (Pepcid) and ranitidine (Zantac). \nThe authors said that they couldn’t conclude whether these drugs were better for people than PPIs, however. Histamine H2 agonists can also have side effects, although they are rare, according to information about the drugs from the Mayo Clinic. \nThe new findings have not been published in a peer-reviewed journal. \nOriginally published on Live Science . Editor’s Recommendations", "external_links": [], "published": "2016-11-22T00:30:00.000+02:00", "crawled": "2016-11-21T20:16:26.406+02:00", "highlightTitle": ""}