{"organizations": [], "uuid": "9c45e90e7cf47dda7f89010526ba67ed09db986a", "thread": {"social": {"gplus": {"shares": 0}, "pinterest": {"shares": 0}, "vk": {"shares": 0}, "linkedin": {"shares": 0}, "facebook": {"likes": 1, "shares": 1, "comments": 0}, "stumbledupon": {"shares": 0}}, "site_full": "abcnews.go.com", "main_image": "", "site_section": "http://abcnews.go.com/topics/urss?pageid=865261", "section_title": "RSS for U.S.", "url": "http://abcnews.go.com/Entertainment/wireStory/selena-gomez-opens-american-music-awards-win-43683024", "country": "US", "domain_rank": 72, "title": "Opens up During Win", "performance_score": 0, "site": "go.com", "participants_count": 1, "title_full": "Selena Gomez Opens up During American Music Awards Win - ABC News", "spam_score": 0.0, "site_type": "news", "published": "2016-11-20T02:00:00.000+02:00", "replies_count": 0, "uuid": "9c45e90e7cf47dda7f89010526ba67ed09db986a"}, "author": "abcNEWS", "url": "http://abcnews.go.com/Entertainment/wireStory/selena-gomez-opens-american-music-awards-win-43683024", "ord_in_thread": 0, "title": "Opens up During Win", "locations": [], "entities": {"persons": [{"name": "selena gomez", "sentiment": "negative"}, {"name": "gomez", "sentiment": "none"}], "locations": [], "organizations": []}, "highlightText": "", "language": "english", "persons": [], "text": "Selena Gomez told the   audience that even though she had everything, \"I was absolutely broken.\"\nGomez made the remarks Sunday as she accepted the award for favorite pop/rock female artist.\nIn her first public appearance since taking time off to treat depression and anxiety, the 24-year-old singer acknowledged that the public knows \"a lot of my life, whether I like it or not.\"\n\"And I had to stop, because I had everything,   broken,\" she said. \"I kept   so I would never let you down, but I kept it too much together to where I let myself down.\"\nGomez announced in August that she was taking a break to deal with anxiety, panic attacks and depression stemming from her battle with lupus.\nThe experience apparently changed what she seeks on social media.\n\"I don't want to see your bodies on Instagram . I want to see what's in here,\" she said, touching her heart. \"I'm not trying to get validation, nor do I need any. All I can say from the bottom of my heart is I'm so grateful that I have the opportunity to be able to share what I love every single day with people who I love.\"\nShe thanked her fans for their loyalty and reminded them that \"if you are broken, you do not have to stay broken.\"\n\"And if that's anything, whether you respect me or not, that's something you should know about me,\" she said. \"I care about people.\"\n  Selena Gomez Opens up During   Win  ", "external_links": [], "published": "2016-11-20T02:00:00.000+02:00", "crawled": "2016-11-21T07:25:31.272+02:00", "highlightTitle": ""}