{"organizations": [], "uuid": "a1458a948631b1b5be700efb3223b07b6fc9bd24", "thread": {"social": {"gplus": {"shares": 0}, "pinterest": {"shares": 0}, "vk": {"shares": 0}, "linkedin": {"shares": 0}, "facebook": {"likes": 0, "shares": 0, "comments": 0}, "stumbledupon": {"shares": 0}}, "site_full": "www.slideshare.net", "main_image": "http://cdn.slidesharecdn.com/ss_thumbnails/limousinesphoenixarizona-161122045446-thumbnail-4.jpg?cb=1479790510", "site_section": "http://www.slideshare.net/rss/latest", "section_title": "Recently Uploaded Slideshows", "url": "http://www.slideshare.net/AshOmar/limousines-phoenix-arizona-69390334", "country": "US", "domain_rank": 160, "title": "Limousines phoenix arizona", "performance_score": 0, "site": "slideshare.net", "participants_count": 1, "title_full": "Limousines phoenix arizona", "spam_score": 0.0, "site_type": "news", "published": "2016-11-22T11:54:00.000+02:00", "replies_count": 0, "uuid": "a1458a948631b1b5be700efb3223b07b6fc9bd24"}, "author": "AshOmar@slideshare.net(AshOmar)", "url": "http://www.slideshare.net/AshOmar/limousines-phoenix-arizona-69390334", "ord_in_thread": 0, "title": "Limousines phoenix arizona", "locations": [], "entities": {"persons": [{"name": "hummer", "sentiment": "none"}], "locations": [{"name": "arizona", "sentiment": "none"}, {"name": "phoenix", "sentiment": "none"}], "organizations": [{"name": "phoenix limousine", "sentiment": "negative"}, {"name": "phoenix scottsdale arizona", "sentiment": "negative"}]}, "highlightText": "", "language": "english", "persons": [], "text": "  Phoenix Limousine offers limousine services in Phoenix Scottsdale Arizona difficult the best prices and consent to money to! We have party buses, limos, Hummer limos. We are a full by now occurring worldwide admin chauffeured company located in Phoenix, Arizona bearing in mind on top of 10 years of experience in limousine. We are here for weddings, bachelor parties, birthdays, and a number of celebrations as proficiently; offering a limousine bus phoenix AZ will esteem! Call (602) 730 7122 today! ...", "external_links": [], "published": "2016-11-22T11:54:00.000+02:00", "crawled": "2016-11-22T07:06:42.689+02:00", "highlightTitle": ""}