{"organizations": [], "uuid": "e0627bf3b0480ccbcb92ef067ae2379c595378c6", "thread": {"social": {"gplus": {"shares": 0}, "pinterest": {"shares": 0}, "vk": {"shares": 0}, "linkedin": {"shares": 0}, "facebook": {"likes": 2, "shares": 2, "comments": 0}, "stumbledupon": {"shares": 0}}, "site_full": "indianexpress.com", "main_image": "http://images.indianexpress.com/2016/11/delhi_pollution_480.jpg?w=480", "site_section": "http://indianexpress.com/section/india/feed/", "section_title": "India – The Indian Express", "url": "http://indianexpress.com/article/india/india-news-india/delhi-pollution-congress-wants-masks-for-students-north-civic-body-says-no-money/", "country": "US", "domain_rank": 598, "title": "Delhi Pollution: Congress wants masks for students, North civic body says no money", "performance_score": 0, "site": "indianexpress.com", "participants_count": 1, "title_full": "Delhi Pollution: Congress wants masks for students, North civic body says no money", "spam_score": 0.0, "site_type": "news", "published": "2016-11-20T05:12:00.000+02:00", "replies_count": 0, "uuid": "e0627bf3b0480ccbcb92ef067ae2379c595378c6"}, "author": "Naveed Iqbal", "url": "http://indianexpress.com/article/india/india-news-india/delhi-pollution-congress-wants-masks-for-students-north-civic-body-says-no-money/", "ord_in_thread": 0, "title": "Delhi Pollution: Congress wants masks for students, North civic body says no money", "locations": [], "entities": {"persons": [{"name": "mohan bhardwaj", "sentiment": "none"}, {"name": "mukesh goel", "sentiment": "none"}, {"name": "naveed iqbal", "sentiment": "none"}, {"name": "goel", "sentiment": "none"}, {"name": "renu jagdev", "sentiment": "none"}], "locations": [{"name": "delhi", "sentiment": "none"}, {"name": "new delhi", "sentiment": "none"}, {"name": "north", "sentiment": "none"}], "organizations": [{"name": "congress", "sentiment": "negative"}, {"name": "north corporation", "sentiment": "none"}, {"name": "north delhi municipal corporation", "sentiment": "none"}, {"name": "house", "sentiment": "none"}, {"name": "bjp", "sentiment": "none"}]}, "highlightText": "", "language": "english", "persons": [], "text": "Delhi Pollution: Congress wants masks for students, North civic body says no money Delhi Pollution: Congress wants masks for students, North civic body says no money In the current financial year, the North civic body has projected a deficit of Rs 2,700 crore. Written by Naveed Iqbal | New Delhi | Published:November 20, 2016 3:42 am Several schools have urged students to use pollution masks. \nDURING a recent standing committee meeting of the North Delhi Municipal Corporation, the Congress demanded that students in corporation schools be provided with masks till the air quality in the capital improves. “The air is still toxic and we should provide students with masks,” said leader of opposition Mukesh Goel. \nBut officials warned that the North Corporation, already battling fund shortage, does not have the means to provide masks to all its students. The Additional Commissioner (Revenue) for North Corporation, Renu Jagdev, informed the House that low quality masks could be provided “for the sake of lip service” but they will not solve the purpose of making children feel safer. \n“The cost of procuring good quality masks is too high and the corporation does not have the finances,” he said. \nGoel said the ruling BJP was “failing in its responsibility to curb pollution” and that “people are suffering due to unchecked pollution emanating from the corporation’s landfill sites”. \nBut member of the standing committee, Mohan Bhardwaj, said most MCD schools are deep inside colonies and students “would not require masks”.", "external_links": [], "published": "2016-11-20T05:12:00.000+02:00", "crawled": "2016-11-20T02:49:37.630+02:00", "highlightTitle": ""}