{"organizations": [], "uuid": "1b95fabbf693d331200c72e40d673af6b91973ef", "thread": {"social": {"gplus": {"shares": 0}, "pinterest": {"shares": 0}, "vk": {"shares": 0}, "linkedin": {"shares": 0}, "facebook": {"likes": 0, "shares": 0, "comments": 0}, "stumbledupon": {"shares": 0}}, "site_full": "www.gmanetwork.com", "main_image": "http://images.gmanews.tv/v3/webpics/v3/2015/05/2015_05_22_21_24_02_07.jpg", "site_section": "", "section_title": "", "url": "http://www.gmanetwork.com/news/story/584465/scitech/science/how-rationality-differs-from-intelligence", "country": "US", "domain_rank": 911, "title": "How rationality differs from intelligence | SciTech | GMA News Online", "performance_score": 0, "site": "gmanetwork.com", "participants_count": 0, "title_full": "How rationality differs from intelligence | SciTech | GMA News Online", "spam_score": 0.27, "site_type": "news", "published": "2016-11-20T18:31:00.000+02:00", "replies_count": 0, "uuid": "1b95fabbf693d331200c72e40d673af6b91973ef"}, "author": "", "url": "http://www.gmanetwork.com/news/story/584465/scitech/science/how-rationality-differs-from-intelligence", "ord_in_thread": 0, "title": "How rationality differs from intelligence | SciTech | GMA News Online", "locations": [], "entities": {"persons": [], "locations": [], "organizations": []}, "highlightText": "", "language": "english", "persons": [], "text": "", "external_links": [], "published": "2016-11-20T18:31:00.000+02:00", "crawled": "2016-11-20T13:31:33.866+02:00", "highlightTitle": ""}