{"organizations": [], "uuid": "200e234c28661d092c4e388451db2dd7c4ffa6b1", "thread": {"social": {"gplus": {"shares": 0}, "pinterest": {"shares": 0}, "vk": {"shares": 0}, "linkedin": {"shares": 0}, "facebook": {"likes": 112, "shares": 112, "comments": 0}, "stumbledupon": {"shares": 0}}, "site_full": "newsinfo.inquirer.net", "main_image": "http://newsinfo.inquirer.net/files/2016/11/Golds-Gym-Glorietta-fire-620x390.jpg", "site_section": "http://newsinfo.inquirer.net/feed", "section_title": "Inquirer News", "url": "http://newsinfo.inquirer.net/846323/grease-triggers-fire-in-makati-mall-resto-no-one-hurt-losses-at-p20k", "country": "US", "domain_rank": 813, "title": "Grease triggers fire in Makati mall resto; no one hurt, losses at P20K", "performance_score": 1, "site": "inquirer.net", "participants_count": 1, "title_full": "Grease triggers fire in Makati mall resto; no one hurt, losses at P20K", "spam_score": 0.0, "site_type": "news", "published": "2016-11-21T13:58:00.000+02:00", "replies_count": 0, "uuid": "200e234c28661d092c4e388451db2dd7c4ffa6b1"}, "author": "smapagu", "url": "http://newsinfo.inquirer.net/846323/grease-triggers-fire-in-makati-mall-resto-no-one-hurt-losses-at-p20k", "ord_in_thread": 0, "title": "Grease triggers fire in Makati mall resto; no one hurt, losses at P20K", "locations": [], "entities": {"persons": [{"name": "glori", "sentiment": "negative"}, {"name": "gerson moncada", "sentiment": "none"}, {"name": "hazel lou bartolome", "sentiment": "none"}, {"name": "roel pacubat", "sentiment": "none"}, {"name": "arceli aldeguer", "sentiment": "none"}], "locations": [{"name": "makati", "sentiment": "none"}, {"name": "hacienda inasal", "sentiment": "none"}, {"name": "makati city", "sentiment": "none"}, {"name": "manila", "sentiment": "none"}, {"name": "barangay san lorenzo", "sentiment": "none"}, {"name": "parkway drive", "sentiment": "none"}], "organizations": [{"name": "p20k philippine daily inquirer", "sentiment": "negative"}, {"name": "glorietta", "sentiment": "none"}, {"name": "ayala center", "sentiment": "none"}]}, "highlightText": "", "language": "english", "persons": [], "text": "Philippine Daily Inquirer / 02:58 PM November 21, 2016 Fire hit Gold’s Gym and TGI Friday’s in Glorietta Sunday evening, Nov. 20, 2016. —Photo from video taken by Twitter user Hazel Lou Bartolome \nMANILA — Fire hit a restaurant in a mall in Makati City Sunday night due to accumulated grease in the kitchen duct, arson investigators said. \nThe fire broke out at 7:55 p.m. in the kitchen of Hacienda Inasal owned by Arceli Aldeguer, SFO3 Gerson Moncada and FO2 Roel Pacubat said. \nThe restaurant is located on the ground floor of Glorietta 3, Parkway Drive, Ayala Center, Barangay San Lorenzo. ADVERTISEMENT \nThe fire was initially reported to have started at the nearby Gold’s Gym. \nNo one was reported hurt. \nThe fire reached the first alarm at 8:05 p.m. with 11 fire trucks and two ambulances responding. It was put out at 9:09 p.m. \nThe cost of damage was estimated at P20,000. SFM", "external_links": [], "published": "2016-11-21T13:58:00.000+02:00", "crawled": "2016-11-21T09:08:37.959+02:00", "highlightTitle": ""}