{"organizations": [], "uuid": "20770a50d8474f0e8c7fee8067351821f846a61c", "thread": {"social": {"gplus": {"shares": 0}, "pinterest": {"shares": 0}, "vk": {"shares": 0}, "linkedin": {"shares": 0}, "facebook": {"likes": 0, "shares": 0, "comments": 0}, "stumbledupon": {"shares": 0}}, "site_full": "www.sfgate.com", "main_image": "http://www.sfgate.com/img/pages/article/opengraph_default.png", "site_section": "http://sfgate.com//rss/feed/National-News-RSS-Feed-435.php", "section_title": "National News RSS Feed", "url": "http://www.sfgate.com/news/world/article/Russia-deploys-new-missiles-to-the-Baltic-Sea-10627943.php", "country": "US", "domain_rank": 943, "title": "Russia deploys new missiles to the Baltic Sea region", "performance_score": 0, "site": "sfgate.com", "participants_count": 1, "title_full": "Russia deploys new missiles to the Baltic Sea region - SFGate", "spam_score": 0.0, "site_type": "news", "published": "2016-11-21T16:09:00.000+02:00", "replies_count": 0, "uuid": "20770a50d8474f0e8c7fee8067351821f846a61c"}, "author": "sfgate.com", "url": "http://www.sfgate.com/news/world/article/Russia-deploys-new-missiles-to-the-Baltic-Sea-10627943.php", "ord_in_thread": 0, "title": "Russia deploys new missiles to the Baltic Sea region", "locations": [], "entities": {"persons": [{"name": "viktor ozerov", "sentiment": "none"}, {"name": "iskander", "sentiment": "none"}], "locations": [{"name": "moscow", "sentiment": "none"}, {"name": "russia", "sentiment": "none"}, {"name": "baltic sea", "sentiment": "none"}, {"name": "u.s.", "sentiment": "none"}, {"name": "kaliningrad", "sentiment": "none"}, {"name": "poland", "sentiment": "none"}, {"name": "syria", "sentiment": "none"}, {"name": "lithuania", "sentiment": "none"}, {"name": "russia-west", "sentiment": "none"}], "organizations": [{"name": "ap", "sentiment": "negative"}, {"name": "interfax", "sentiment": "negative"}, {"name": "ria novosti", "sentiment": "none"}, {"name": "baltic fleet", "sentiment": "none"}, {"name": "russian defense ministry", "sentiment": "none"}, {"name": "nato", "sentiment": "none"}]}, "highlightText": "", "language": "english", "persons": [], "text": "MOSCOW (AP) — The Interfax news agency says the military has deployed state-of-the art anti-shipping missiles in Russia's westernmost Baltic region, a move that comes amid tensions in Russia-West ties.\nThe agency reported Monday that the military has put the Bastion missile launchers on duty in the Kaliningrad exclave that borders NATO members Poland and Lithuania. The Bastion made its combat debut in Syria earlier this month.\nThe Russian Defense Ministry said Saturday that the Baltic Fleet was rearming itself with new missile launchers, but didn't provide specifics.\nSeparately, Viktor Ozerov, the head of the defense affairs committee in the Russian parliament's upper house, also told RIA Novosti news agency Monday that Russia would deploy Iskander missiles and S-400 air defense missiles to Kaliningrad in response to the U.S. missile defense plans.", "external_links": [], "published": "2016-11-21T16:09:00.000+02:00", "crawled": "2016-11-21T19:20:40.727+02:00", "highlightTitle": ""}