{"organizations": [], "uuid": "b70a595ac313e136e85649c23ecebcb121e1c3b4", "thread": {"social": {"gplus": {"shares": 0}, "pinterest": {"shares": 0}, "vk": {"shares": 0}, "linkedin": {"shares": 0}, "facebook": {"likes": 0, "shares": 0, "comments": 0}, "stumbledupon": {"shares": 0}}, "site_full": "uk.reuters.com", "main_image": "http://s4.reutersmedia.net/resources_v2/images/rcom-default.png", "site_section": "http://feeds.reuters.com/reuters/UKSportsNews/", "section_title": "Reuters: Sports News", "url": "http://uk.reuters.com/article/uk-sweden-larsson-idUKKBN13F0W9", "country": "US", "domain_rank": 408, "title": "Larsson and son attacked by fans as Helsingborg relegated", "performance_score": 0, "site": "reuters.com", "participants_count": 0, "title_full": "Larsson and son attacked by fans as Helsingborg relegated", "spam_score": 0.0, "site_type": "news", "published": "2016-11-21T00:58:00.000+02:00", "replies_count": 0, "uuid": "b70a595ac313e136e85649c23ecebcb121e1c3b4"}, "author": "", "url": "http://uk.reuters.com/article/uk-sweden-larsson-idUKKBN13F0W9", "ord_in_thread": 0, "title": "Larsson and son attacked by fans as Helsingborg relegated", "locations": [], "entities": {"persons": [{"name": "larsson", "sentiment": "negative"}, {"name": "henrik larsson", "sentiment": "none"}, {"name": "jordan", "sentiment": "none"}, {"name": "ken ferris", "sentiment": "none"}, {"name": "philip o'connor", "sentiment": "none"}, {"name": "jordan larsson", "sentiment": "none"}, {"name": "marcus mathisen", "sentiment": "none"}], "locations": [{"name": "helsingborg", "sentiment": "none"}, {"name": "jordan", "sentiment": "none"}], "organizations": [{"name": "stockholm helsingborg", "sentiment": "negative"}, {"name": "manchester united", "sentiment": "none"}, {"name": "barcelona", "sentiment": "none"}, {"name": "halmstad", "sentiment": "none"}]}, "highlightText": "", "language": "english", "persons": [], "text": "  5:58pm GMT Larsson and son attacked by fans as Helsingborg relegated \nSTOCKHOLM Helsingborg manager Henrik Larsson and his striker son Jordan were attacked by fans after the Swedish club were relegated from the top flight on Sunday having conceded two late goals to lose a two-legged playoff against Halmstad. \nJordan looked to have fired Helsingborg to safety when he scored in the 83rd minute but a Marcus Mathisen double in the last three minutes gave the second-tier side a 3-2 aggregate victory and saw Helsingborg drop out of the Allsvenskan. \nFormer Celtic, Barcelona and Manchester United forward Henrik Larsson and his son went to commiserate with the home crowd when a number of fans threw chairs and flags at them, with several masked men entering the field to demand Jordan's shirt. \nAs the 19-year-old removed it, one of the fans appeared to strike him, provoking an angry response from father and son before stewards could intervene. \nTeam mates and club officials have yet to comment and when questioned about the incident a disappointed Jordan Larsson told reporters: \"We'll have to take that another day.\" \nThe seven-times Swedish champions were relegated for the first time in 23 years, with Larsson having been in charge of the club he used to play for since the start of last season. \n(Writing by Philip O'Connor; editing by Ken Ferris) Next In Sports News", "external_links": [], "published": "2016-11-21T00:58:00.000+02:00", "crawled": "2016-11-20T20:29:31.801+02:00", "highlightTitle": ""}