{"organizations": [], "uuid": "c797e3f98663d47169f1fa2967cd5bbe437ad5d4", "thread": {"social": {"gplus": {"shares": 0}, "pinterest": {"shares": 1}, "vk": {"shares": 0}, "linkedin": {"shares": 0}, "facebook": {"likes": 39, "shares": 39, "comments": 64}, "stumbledupon": {"shares": 0}}, "site_full": "www.msn.com", "main_image": "", "site_section": "http://www.msn.com/en-us/news", "section_title": "News", "url": "http://www.msn.com/en-us/news/crime/2-juveniles-held-in-fatal-shooting-of-congressmans-grandson/ar-AAkv7VP", "country": "US", "domain_rank": 13, "title": "2 juveniles held in fatal shooting of congressman's grandson", "performance_score": 0, "site": "msn.com", "participants_count": 17, "title_full": "2 juveniles held in fatal shooting of congressman's grandson", "spam_score": 0.0, "site_type": "news", "published": "2016-11-20T02:00:00.000+02:00", "replies_count": 18, "uuid": "c797e3f98663d47169f1fa2967cd5bbe437ad5d4"}, "author": "MSN Money", "url": "http://www.msn.com/en-us/news/crime/2-juveniles-held-in-fatal-shooting-of-congressmans-grandson/ar-AAkv7VP", "ord_in_thread": 0, "title": "2 juveniles held in fatal shooting of congressman's grandson", "locations": [], "entities": {"persons": [{"name": "dwyane wade", "sentiment": "none"}, {"name": "javon wilson", "sentiment": "none"}, {"name": "stacey wilson", "sentiment": "none"}, {"name": "tannehill", "sentiment": "none"}, {"name": "alyssa pointer/chicago tribune", "sentiment": "none"}, {"name": "davis", "sentiment": "none"}, {"name": "javon", "sentiment": "none"}, {"name": "danny davis", "sentiment": "none"}, {"name": "wilson", "sentiment": "none"}, {"name": "michelle tannehill", "sentiment": "none"}], "locations": [{"name": "america", "sentiment": "none"}, {"name": "u.s.", "sentiment": "none"}, {"name": "illinois", "sentiment": "none"}, {"name": "englewood", "sentiment": "none"}, {"name": "5th district", "sentiment": "none"}, {"name": "d-ill.", "sentiment": "none"}, {"name": "chicago", "sentiment": "none"}, {"name": "chicago", "sentiment": "none"}], "organizations": [{"name": "associated press", "sentiment": "negative"}, {"name": "chicago bulls", "sentiment": "none"}, {"name": "congressional district", "sentiment": "none"}, {"name": "the associated press", "sentiment": "none"}, {"name": "house", "sentiment": "none"}, {"name": "democratic", "sentiment": "none"}, {"name": "ap", "sentiment": "none"}]}, "highlightText": "", "language": "english", "persons": [], "text": "2 juveniles held in fatal shooting of congressman's grandson Associated Press 2 hrs ago © The Associated Press In this Friday, Nov. 18, 2016 photo, U.S. Rep. Danny Davis, D-Ill., center, and his son, Stacey Wilson, give a news conference at the 5th District police department in the Englewood neighborhood of Chicago. Fifteen-year-old Javon Wilson, the grandson of Danny Davis and son of Stacey Wilson, was shot and killed Friday evening. Javon was a sophomore at Perspective high school. (Alyssa Pointer/Chicago Tribune via AP) CHICAGO — Two juveniles are in custody and could be charged in the fatal shooting of an Illinois congressman's grandson following a dispute over a pair of basketball shoes, a Chicago police spokeswoman said on Saturday.\nOfficer Michelle Tannehill said the juveniles are considered suspects in the murder of 15-year-old Javon Wilson, who was shot in the head at his home in the Englewood neighborhood of Chicago on Friday. Wilson is the grandson of longtime U.S. Rep. Danny Davis.\n\"The detectives are continuing their interrogations and charges are expected,\" Tannehill said on Saturday night. The juveniles in custody have not been identified.\nPolice earlier said the shooting stemmed from a dispute over basketball shoes. Wilson knew his attackers and they may have been friends at some point.\nDavis said he was told a 15-year-old boy had traded slacks for shoes with Wilson's 14-year-old brother, but thought better of the trade and went to Wilson's house with a 17-year-old girl. He said the pair forced their way in the house and argued with Wilson before the boy pulled a gun and fired.\nDavis, a Democratic member of the House for 20 years, told The Associated Press Saturday that his grandson was a victim of a world where gun violence has become commonplace.\n\"It's almost, just the way it is. People think nothing of it,\" Davis said.\n\"Youngsters invariably say, 'I know a lot of guys who've got guns. I know a lot of girls who've got guns,'\" Davis said. \"It becomes a part of the culture of an environment that has got to change.\"\nChicago has seen a dramatic rise in the number of shootings and homicides, with August being the deadliest month in the city in two decades. There have been 673 homicides so far this year, including the fatal shootings of the cousin of Chicago Bulls basketball star Dwyane Wade, a Chicago police officer's son and the son of a famed percussionist.\nDavis, who was re-elected this month to his 11th term in the 7th Congressional District and is a former Chicago alderman, was in Chicago on Friday and spoke with reporters after talking to police. He wondered how the shooter obtained the gun and said he'd continue to try to combat gun violence.\nDavis said his grandson was \"a pretty regular kid\" who loved playing basketball and knew all the pros and their stats, who also loved music and whose grades were improving after a rough patch.\n\"The question becomes where does a 15-year-old obtain a gun? Who let the 15-year-old have a gun and under what circumstances?\" Davis asked. \"There's no answer for that except that the availability of guns is so prevalent in America to the point where you almost can't tell who has a gun\" anymore.\n___\nThis story has been updated to correct the spelling of the victim's name to Javon.\nGo to MSN Home", "external_links": [], "published": "2016-11-20T02:00:00.000+02:00", "crawled": "2016-11-20T11:58:00.622+02:00", "highlightTitle": ""}