{"organizations": [], "uuid": "4a016486215e6eaa9e7705d877323a12d6002b3e", "thread": {"social": {"gplus": {"shares": 0}, "pinterest": {"shares": 0}, "vk": {"shares": 0}, "linkedin": {"shares": 0}, "facebook": {"likes": 0, "shares": 0, "comments": 0}, "stumbledupon": {"shares": 0}}, "site_full": "www.cnbc.com", "main_image": "http://fm.cnbc.com/applications/cnbc.com/resources/img/editorial/2016/11/20/104119874-GettyImages-485902386.1910x1000.jpg", "site_section": "http://www.cnbc.com/id/100727362/device/rss/rss.html", "section_title": "World News &amp; Analysis", "url": "http://www.cnbc.com/2016/11/20/asx-slips-in-early-trade-nikkei-appears-set-to-climb.html", "country": "US", "domain_rank": 767, "title": "ASX slips in early trade; Nikkei appears set to climb", "performance_score": 0, "site": "cnbc.com", "participants_count": 1, "title_full": "ASX slips in early trade; Nikkei appears set to climb", "spam_score": 0.0, "site_type": "news", "published": "2016-11-21T02:00:00.000+02:00", "replies_count": 0, "uuid": "4a016486215e6eaa9e7705d877323a12d6002b3e"}, "author": "Aza Wee Sile", "url": "http://www.cnbc.com/2016/11/20/asx-slips-in-early-trade-nikkei-appears-set-to-climb.html", "ord_in_thread": 0, "title": "ASX slips in early trade; Nikkei appears set to climb", "locations": [], "entities": {"persons": [{"name": "ric spooner", "sentiment": "none"}, {"name": "donald trump", "sentiment": "none"}, {"name": "spooner", "sentiment": "none"}], "locations": [{"name": "asia", "sentiment": "none"}, {"name": "shanghai", "sentiment": "none"}, {"name": "u.s.", "sentiment": "none"}, {"name": "australia", "sentiment": "none"}, {"name": "chicago", "sentiment": "none"}, {"name": "japan", "sentiment": "none"}, {"name": "osaka", "sentiment": "none"}], "organizations": [{"name": "asx", "sentiment": "negative"}, {"name": "s&p", "sentiment": "none"}, {"name": "cnbc international on twitter and facebook", "sentiment": "none"}, {"name": "federal reserve", "sentiment": "none"}, {"name": "treasury", "sentiment": "none"}, {"name": "cnbc", "sentiment": "none"}, {"name": "cmc markets", "sentiment": "none"}]}, "highlightText": "", "language": "english", "persons": [], "text": "Getty Images Futures pointed to a higher open for Asia on Monday, with investors likely to continue eyeing Trump-related news. \n\" Donald Trump 's economic policies remain the number one consideration for world markets,\" said Ric Spooner, chief market analyst at CMC Markets in a note on Monday. \nMarkets have been watching for clues on which policies U. President-elect Donald Trump will pursue and which campaign promises, particularly related to global trade, may fall by the wayside after his surprise U.S. election win earlier this month. \nNikkei 225 futures in Chicago traded up 0.2 percent at 18,040, while Osaka futures gained 0.17 percent at 18,000. The Japanese benchmark index last finished at 17,967.41 , its highest close since January 6. \nIn Australia, the ASX 200 slipped in opening trade, down 0.19 percent. The benchmark index was weighed by its materials sub-index, which fell 0.3 percent, and industrials sub-index, which was down 0.41 percent. \nSymbol Name Price   Change %Change NIKKEI --- HSI --- ASX 200 --- SHANGHAI --- KOSPI --- CNBC 100 --- \"An issue for markets this week will be whether the sell-off in bonds is going to continue after another lift in U.S. yields on Friday,\" CMC Markets' Spooner said. \nU.S. bond yields were at their highest this year, with yields of U.S. benchmark 10-year Treasury notes up at 2.3476 percent, while 30-year Treasury bond yields were up at 3.0263 percent. \nThe greenback continued to climb, trading at 101.34 against a basket of currencies as of 6:35 am HK/SIN. The dollar index was had just risen above 100 early last week. \nThe yen weakened for the eighth straight session, with the dollar fetching 111.06 yen as of 6:36 am HK/SIN. \nStateside, U.S. markets closed slightly lower on Friday, as investors digested Federal Reserve officials' comments on monetary policy and lower oil prices. \nThe Dow Jones industrial average fell 0.19 percent to 18,867.93, the S&P 500 slipped 0.24 percent to close at 2,181.9 and the Nasdaq composite fell 0.23 percent to 5,321.51. \nU.S. West Texas Intermediate (WTI) crude settled up 0.6 percent at $45.69 a barrel, while Brent settled 0.8 percent higher at $46.86. Both crude futures rose nearly 5 percent for the week.Investors will likely to focus on Japan's October trade date due later in the session. \n— Follow CNBC International on Twitter and Facebook .", "external_links": [], "published": "2016-11-21T02:00:00.000+02:00", "crawled": "2016-11-21T01:51:29.687+02:00", "highlightTitle": ""}