{"organizations": [], "uuid": "ffc4b7b5d91638436d596bdf65220498b9c37ffd", "thread": {"social": {"gplus": {"shares": 0}, "pinterest": {"shares": 0}, "vk": {"shares": 0}, "linkedin": {"shares": 0}, "facebook": {"likes": 0, "shares": 0, "comments": 0}, "stumbledupon": {"shares": 0}}, "site_full": "www.slideshare.net", "main_image": "http://cdn.slidesharecdn.com/ss_thumbnails/evidencingsocialactionandprevention-kirklees-161119200829-thumbnail-4.jpg?cb=1479586776", "site_section": "http://pt.slideshare.net/rss/latest", "section_title": "Recently Uploaded Slideshows", "url": "http://www.slideshare.net/FionaWeir2/evidencing-social-action-and-prevention-in-kirklees", "country": "US", "domain_rank": 160, "title": "Evidencing social action and prevention in Kirklees", "performance_score": 0, "site": "slideshare.net", "participants_count": 1, "title_full": "Evidencing social action and prevention in Kirklees", "spam_score": 0.0, "site_type": "news", "published": "2016-11-20T03:08:00.000+02:00", "replies_count": 0, "uuid": "ffc4b7b5d91638436d596bdf65220498b9c37ffd"}, "author": "FionaWeir2@slideshare.net(FionaWeir2)", "url": "http://www.slideshare.net/FionaWeir2/evidencing-social-action-and-prevention-in-kirklees", "ord_in_thread": 0, "title": "Evidencing social action and prevention in Kirklees", "locations": [], "entities": {"persons": [], "locations": [], "organizations": [{"name": "new economics foundation", "sentiment": "none"}, {"name": "greater huddersfield clinical commissioning group", "sentiment": "none"}, {"name": "kirklees community partnerships", "sentiment": "none"}, {"name": "north kirklees clinical commissioning group", "sentiment": "none"}, {"name": "kirklees council", "sentiment": "none"}, {"name": "cabinet office", "sentiment": "none"}]}, "highlightText": "", "language": "english", "persons": [], "text": "  Evidencing social action and prevention in Kirklees 7   This slideshow describes how Kirklees Community Partnerships evidences impact and outcomes, and highlights some of the challenges. It forms part of my work with the New Economics Foundation for the Cabinet Office this year, as part of their Enabling Social Action programme. Kirklees Community Partnerships is part of Kirklees Council and co-funded by Greater Huddersfield Clinical Commissioning Group and North Kirklees Clinical Commissioning Group, to work with community groups and support people to be more independent, preventing the need for statutory services. ...", "external_links": [], "published": "2016-11-20T03:08:00.000+02:00", "crawled": "2016-11-19T22:45:30.301+02:00", "highlightTitle": ""}