{"organizations": [], "uuid": "6aa798baff9bc2b2031f1a723b89b72a0eb777d5", "thread": {"social": {"gplus": {"shares": 0}, "pinterest": {"shares": 0}, "vk": {"shares": 0}, "linkedin": {"shares": 0}, "facebook": {"likes": 0, "shares": 0, "comments": 0}, "stumbledupon": {"shares": 0}}, "site_full": "archive.org", "main_image": "https://archive.org/services/img/WarningOfDifficultTimes112016", "site_section": "http://archive.org/services/collection-rss.php", "section_title": "Internet Archive", "url": "https://archive.org/details/WarningOfDifficultTimes112016", "country": "US", "domain_rank": 285, "title": "Warning of Difficult Times 112016", "performance_score": 0, "site": "archive.org", "participants_count": 0, "title_full": "Warning of Difficult Times 112016", "spam_score": 0.0, "site_type": "news", "published": "2016-11-21T04:35:00.000+02:00", "replies_count": 0, "uuid": "6aa798baff9bc2b2031f1a723b89b72a0eb777d5"}, "author": "", "url": "https://archive.org/details/WarningOfDifficultTimes112016", "ord_in_thread": 0, "title": "Warning of Difficult Times 112016", "locations": [], "entities": {"persons": [], "locations": [], "organizations": [{"name": "difficult times 112016 warning of difficult times", "sentiment": "negative"}]}, "highlightText": "", "language": "english", "persons": [], "text": "Warning of Difficult Times 112016 Audio Preview Share or Embed this Item EMBED <iframe src=\"https://archive.org/embed/WarningOfDifficultTimes112016\" width=\"560\" height=\"384\" frameborder=\"0\" webkitallowfullscreen=\"true\" mozallowfullscreen=\"true\" allowfullscreen></iframe> EMBED (for wordpress.com hosted blogs) [archiveorg WarningOfDifficultTimes112016 width=560 height=384 frameborder=0 webkitallowfullscreen=true mozallowfullscreen=true]", "external_links": [], "published": "2016-11-21T04:35:00.000+02:00", "crawled": "2016-11-20T23:56:22.349+02:00", "highlightTitle": ""}