{"organizations": [], "uuid": "1efcf163c0f94bc18e34bd22e829ff5f3be772b8", "thread": {"social": {"gplus": {"shares": 0}, "pinterest": {"shares": 0}, "vk": {"shares": 0}, "linkedin": {"shares": 0}, "facebook": {"likes": 0, "shares": 0, "comments": 0}, "stumbledupon": {"shares": 0}}, "site_full": "nypost.com", "main_image": "https://thenypost.files.wordpress.com/2016/11/eagle.jpg?quality=90&amp;strip=all&amp;w=1200", "site_section": "", "section_title": "", "url": "http://nypost.com/2016/11/19/pilgrims-ate-eagle-with-their-turkey-at-the-first-thanksgiving/", "country": "US", "domain_rank": 709, "title": "Pilgrims ate eagle with their turkey at the first Thanksgiving | New York Post", "performance_score": 0, "site": "nypost.com", "participants_count": 0, "title_full": "Pilgrims ate eagle with their turkey at the first Thanksgiving | New York Post", "spam_score": 0.004, "site_type": "news", "published": "2016-11-20T00:55:00.000+02:00", "replies_count": 0, "uuid": "1efcf163c0f94bc18e34bd22e829ff5f3be772b8"}, "author": "Melanie Kirkpatrick", "url": "http://nypost.com/2016/11/19/pilgrims-ate-eagle-with-their-turkey-at-the-first-thanksgiving/", "ord_in_thread": 0, "title": "Pilgrims ate eagle with their turkey at the first Thanksgiving | New York Post", "locations": [], "entities": {"persons": [{"name": "william bradford", "sentiment": "none"}, {"name": "winslow", "sentiment": "none"}, {"name": "edward winslow", "sentiment": "none"}, {"name": "melanie kirkpatrick", "sentiment": "none"}, {"name": "john josselyn", "sentiment": "none"}], "locations": [{"name": "plymouth bay", "sentiment": "none"}, {"name": "south america", "sentiment": "none"}, {"name": "caribbean", "sentiment": "none"}, {"name": "new england", "sentiment": "none"}, {"name": "england", "sentiment": "none"}, {"name": "new world", "sentiment": "none"}, {"name": "london", "sentiment": "none"}, {"name": "plymouth", "sentiment": "none"}], "organizations": [{"name": "new york post", "sentiment": "negative"}, {"name": "hudson institute", "sentiment": "none"}, {"name": "massasoit", "sentiment": "none"}]}, "highlightText": "", "language": "english", "persons": [], "text": "How an NYC football game started a Thanksgiving war \nCome Thursday, if you want to eat what the Pilgrims and the Wampanoag Indians feasted on at the first Thanksgiving in 1621, it’s time to stock up on venison, mussels, corn and squash. \nVenison was a prominent feature of the original Thanksgiving dinner. In a letter to a friend in London, Pilgrim Edward Winslow wrote that Wampanoag chief Massasoit and his warriors contributed five deer to the festivities. That amount of venison would have fed the 53 Pilgrims and 90 Indian warriors for several days. \nSeafood, which was readily available in the waters near Plymouth, also was on the menu. In his journal, Governor William Bradford writes about fishing for cod and bass. Winslow describes how Plymouth Bay was “full of lobsters” and a “variety of other fish.” Eels were easy to catch, and mussels were “at our door.” Oysters weren’t readily available in Plymouth Bay but could be obtained from local Indians, Winslow says. \nBut what about turkey, the bird that, according to a recent poll, is eaten by 88 percent of Americans on Thanksgiving Day? The woods of New England were full of wild turkey in the 17th century, and it makes sense to presume that the Pilgrims and Indians ate it at the first Thanksgiving in addition to other fowl, including swan and even eagle. As for stuffing, cooks in England roasted fowl with herbs and onions inside the cavity, and it is probable the Pilgrims did, too. \nSeveral now-traditional foods were not available in New England in the 1620s, among them cranberry sauce, white potatoes, sweet potatoes and apples. \nCranberries would have grown wild near Plymouth, but if a curious Pilgrim had picked and eaten one berry, he would not have wanted to eat a second. Cranberries are extremely tart and need sweetening to be palatable. Since sugar was very expensive in England, the Pilgrims were unlikely to have brought any with them on the Mayflower. It would be half a century before an English traveler called John Josselyn would mention boiling cranberries with sugar as a sauce accompaniment to meat. \nWhite potatoes, which originated in South America, did not grow in New England, and the Wampanoag were not familiar with them. Sweet potatoes came from the Caribbean and the Spanish had adopted them, but they were rare in England. \nApples also were unknown in the New World in 1621. It wouldn’t be long before colonists planted imported apple seeds, but the fruit itself wasn’t available until the end of the 17th century. Despite the saying “as American as apple pie,” there is nothing indigenous about the dessert. \nMelanie Kirkpatrick, a senior fellow at the Hudson Institute, is the author of “ Thanksgiving: The Holiday at the Heart of the American Experience ” (Encounter Books), out now. Share this: ", "external_links": [], "published": "2016-11-20T00:55:00.000+02:00", "crawled": "2016-11-20T20:27:26.426+02:00", "highlightTitle": ""}