{"organizations": [], "uuid": "cf0d4149784dc80ad7f56309f5c45187be7608a7", "thread": {"social": {"gplus": {"shares": 4}, "pinterest": {"shares": 3}, "vk": {"shares": 0}, "linkedin": {"shares": 0}, "facebook": {"likes": 61, "shares": 61, "comments": 0}, "stumbledupon": {"shares": 0}}, "site_full": "budgettravel.about.com", "main_image": "http://f.tqn.com/y/budgettravel/1/S/I/m/honorbar.jpg", "site_section": "http://z.about.com/6/o/m/budgettravel_t2.xml", "section_title": "About.com Budget Travel: What's Hot Now", "url": "http://budgettravel.about.com/od/hotelstrategies/ss/Hotel_charges.htm", "country": "US", "domain_rank": 238, "title": "10 Add-On Hotel Charges to Avoid", "performance_score": 0, "site": "about.com", "participants_count": 0, "title_full": "10 Add-On Hotel Charges to Avoid", "spam_score": 0.0, "site_type": "news", "published": "2016-11-20T18:02:00.000+02:00", "replies_count": 0, "uuid": "cf0d4149784dc80ad7f56309f5c45187be7608a7"}, "author": "", "url": "http://budgettravel.about.com/od/hotelstrategies/ss/Hotel_charges.htm", "ord_in_thread": 0, "title": "10 Add-On Hotel Charges to Avoid", "locations": [], "entities": {"persons": [], "locations": [], "organizations": []}, "highlightText": "", "language": "english", "persons": [], "text": "There was an error. Please try again. Please select a newsletter. Please enter a valid email address. Did you mean ?", "external_links": [], "published": "2016-11-20T18:02:00.000+02:00", "crawled": "2016-11-20T20:20:45.878+02:00", "highlightTitle": ""}