{"organizations": [], "uuid": "0eb5796d35eda511c26a602e8eb7e2f2bc02e8a4", "thread": {"social": {"gplus": {"shares": 0}, "pinterest": {"shares": 0}, "vk": {"shares": 0}, "linkedin": {"shares": 0}, "facebook": {"likes": 0, "shares": 0, "comments": 0}, "stumbledupon": {"shares": 0}}, "site_full": "www.cnbc.com", "main_image": "http://fm.cnbc.com/applications/cnbc.com/staticcontent/img/cnbc_logo.gif", "site_section": "http://www.cnbc.com/id/10000551/device/rss", "section_title": "California", "url": "http://www.cnbc.com/2016/11/19/the-associated-press-bank-regulator-imposes-tighter-restrictions-on-wells-fargo.html", "country": "US", "domain_rank": 767, "title": "Bank regulator imposes tighter restrictions on Wells Fargo", "performance_score": 0, "site": "cnbc.com", "participants_count": 1, "title_full": "Bank regulator imposes tighter restrictions on Wells Fargo", "spam_score": 0.0, "site_type": "news", "published": "2016-11-20T02:00:00.000+02:00", "replies_count": 0, "uuid": "0eb5796d35eda511c26a602e8eb7e2f2bc02e8a4"}, "author": "cnbc.com", "url": "http://www.cnbc.com/2016/11/19/the-associated-press-bank-regulator-imposes-tighter-restrictions-on-wells-fargo.html", "ord_in_thread": 0, "title": "Bank regulator imposes tighter restrictions on Wells Fargo", "locations": [], "entities": {"persons": [{"name": "wells", "sentiment": "none"}, {"name": "john stumpf", "sentiment": "none"}], "locations": [{"name": "wells fargo washington", "sentiment": "none"}, {"name": "san francisco", "sentiment": "none"}], "organizations": [{"name": "ap", "sentiment": "negative"}, {"name": "wells fargo & co.", "sentiment": "negative"}, {"name": "occ", "sentiment": "none"}, {"name": "department of justice", "sentiment": "none"}, {"name": "office of the comptroller of the currency", "sentiment": "none"}, {"name": "california attorney general's office", "sentiment": "none"}, {"name": "wells fargo", "sentiment": "none"}]}, "highlightText": "", "language": "english", "persons": [], "text": "WASHINGTON (AP) — A federal banking regulator has imposed tighter restrictions on Wells Fargo & Co., requiring the banking giant to get advance approval from regulators before making a wide range of business decisions.\nThe Office of the Comptroller of the Currency, which oversees national banks, announced the action in a statement late Friday.\nThe OCC will require the bank to get prior approval before making changes in its board of directors and senior executive officers and also before making \"golden parachute\" payments to departing executives.\nIn a brief statement, the OCC did not offer any explanation of why it was altering the terms of the agreement it had negotiated with the bank in September. In that document, Wells Fargo agreed to pay $185 million fine to settle charges involving unauthorized customer accounts.\nIn a statement concerning the new restrictions, Wells Fargo said it would comply with all requirements imposed by its regulators.\n\"This will not inhibit our ability to execute our strategy, rebuild trust and serve our customers, and continue to operate the company for the benefit of all our stakeholders,\" the bank said.\nOn Thursday, Wells Fargo disclosed signs that customers are pulling back from doing business with the bank following the disclosures of the sales practices scandal in which bank employees opened up to 2 million bank and credit card accounts without customer authorization.\nAfter the practices came to light, the San Francisco company has been reporting monthly customer traffic figures at its branches, something a bank typically would never share. The goal was to provide the public, and more importantly investors, a look into how Wells was being affected by the scandal.\nIn its latest report, new customer account openings fell 44 percent in October from a year earlier, while account closures rose 3 percent from the previous year. The bank saw a 50 percent drop in credit card applications. Wells' own customer service metrics also plunged, with \"customer loyalty\" scores dropping to 52.3 percent, down more than 10 percent from a year earlier and from August, the month right before the settlement was announced.\nThe sales practices scandal led to the abrupt retirement this month of the bank's CEO, John Stumpf. The bank also faces several lawsuits, as well as criminal investigations by the Department of Justice and the California Attorney General's Office.", "external_links": [], "published": "2016-11-20T02:00:00.000+02:00", "crawled": "2016-11-20T02:24:38.680+02:00", "highlightTitle": ""}