{"organizations": [], "uuid": "2e270cda951d5f2976b1d3697baa6bd26f70e5d8", "thread": {"social": {"gplus": {"shares": 0}, "pinterest": {"shares": 0}, "vk": {"shares": 0}, "linkedin": {"shares": 0}, "facebook": {"likes": 0, "shares": 0, "comments": 0}, "stumbledupon": {"shares": 0}}, "site_full": "www.forbes.com", "main_image": "{{meta.image}}", "site_section": "http://www.forbes.com/home_asia/", "section_title": "Forbes Asia", "url": "http://www.forbes.com/sites/georgebradt/2016/11/23/why-the-fundamental-strategic-choice-is-between-converging-and-diverging/", "country": "US", "domain_rank": 196, "title": "Why The Fundamental Strategic Choice Is Between Converging And Diverging", "performance_score": 0, "site": "forbes.com", "participants_count": 1, "title_full": "Why The Fundamental Strategic Choice Is Between Converging And Diverging", "spam_score": 0.007, "site_type": "news", "published": "2016-11-23T23:08:00.000+02:00", "replies_count": 0, "uuid": "2e270cda951d5f2976b1d3697baa6bd26f70e5d8"}, "author": "George Bradt", "url": "http://www.forbes.com/sites/georgebradt/2016/11/23/why-the-fundamental-strategic-choice-is-between-converging-and-diverging/", "ord_in_thread": 0, "title": "Why The Fundamental Strategic Choice Is Between Converging And Diverging", "locations": [], "entities": {"persons": [{"name": "andre", "sentiment": "none"}, {"name": "tangotab", "sentiment": "none"}, {"name": "justin sullivan/getty images", "sentiment": "none"}, {"name": "tom", "sentiment": "none"}, {"name": "andre angel", "sentiment": "none"}, {"name": "forbes", "sentiment": "none"}, {"name": "george bradt", "sentiment": "none"}], "locations": [{"name": "america", "sentiment": "none"}], "organizations": []}, "highlightText": "", "language": "english", "persons": [], "text": "At its heart, strategy is a series of choices across converging to be like others and diverging to be different from them. The areas in which you choose to converge require less effort and investment because you can leverage what others have already done in order to be good enough. This frees up resources to invest in areas that require more effort and investment to build meaningful advantages.[caption id=\"attachment_11921\" align=\"\" width=\"4032\"] Photo by George Bradt[/caption]Getting out of an ocean beach rip current provides a case in point. The best approach is to ride the rip out until its strength fades and then swim across the rip, parallel to the beach before heading back to shore. People that fight the rip and try to swim straight back to the beach run the risk of getting so tired they can’t make it. So, converge with the flow until it’s time to diverge. TangoTab This is exactly what Andre Angel is doing with TangoTab . He’s riding the currents of Americans’ eating habits and then swimming across the current to capitalize on them. At the most recent HATCH Experience , Andre explained to me that he does this to create a social consumerism win win win. Consumers get their needs met. Businesses increase profitability. A social cause is addressed. Consumer Need Americans eat one billion meals in restaurants every week, investing inordinate amounts of time and money. Business Profitability Yet all restaurants have empty seats sometimes. Indeed, 60% of restaurants fail in their first three years largely because of these empty seats. Andre’s business, TangoTab , deploys a mobile app to connect restaurant goers with those open seats, giving restaurants new patrons, patrons a discount and TangoTab a referral fee.[caption id=\"attachment_1165701\" align=\"\" width=\"960\"] Photo By Justin Sullivan/Getty Images[/caption] Social Cause Andre is not happy about the hunger problem and the 50 million Americans including 17 million children on food stamps. One in four children in America go to bed hungry every night.TangoTab took a page out of Tom’s Shoes and addresses this issue by donating a meal to someone in need for every person that makes a reservation in a restaurant using the TangoTab app. Their line is “When you eat, they eat.”In Andre’s mind this works because “Doing good is very contagious. 92% of mothers and 88% of millenials will buy or recommend a product if it’s attached to a cause in line with the human desire for connection.”Unlike non-profits that fight against the rip currents of their dependency on the generosity of donors, armies of volunteers and the good graces of the media, TangoTab and other socially conscious for-profit businesses can operate with dependable workforces, supply chains, infrastructures, plans and programs.They are businesses, but business in which the cause is core to their purpose. The convergence parts of their strategies are to go after existing consumer needs, link with businesses’ current realities and leverage existing technologies. The divergence part of their strategies is to put these things together in new ways that meet everyone’s needs in a socially conscious way. The Converge And Diverge Parts Of Your Strategy Be clear on the difference. The vast majority of your choices should be convergence. Any time you can go with the rip currents and existing consumer habits, trends, infrastructures or eco-systems, the easier things will be. Don’t reinvent things that work fine and where you can be good enough or strong. More convergence is better.Up to a point.There is no value in sameness. If you converge on everything, you become just like everyone else and must compete on price (a losing proposition). The art to strategy is figuring out which very few things on which to diverge to be world class or best in class. Choose where to play/excel and how to excel on those dimensions so your strategies go beyond theoretically elegant and practically useless to value-creating. Net, converge on most things to marshal your resources for when it’s time to swim across the current, diverge from the crowd and win. Click here for an overall summary of and links to my articles on Forbes, The New Leader’s 100-Day Action Plan book, and the 100-Day Plan for Interviews tool.", "external_links": ["https://hatchexperience.org/", "http://www.primegenesis.com/blog/2011/02/the-new-leader%E2%80%99s-playbook/#FT", "http://specials-images.forbesimg.com/imageserve/1165701/960x0.jpg?fit=scale", "http://tangotab.com/", "http://tangotab.com/index.html"], "published": "2016-11-23T23:08:00.000+02:00", "crawled": "2016-11-24T20:09:38.632+02:00", "highlightTitle": ""}